目,mù,eyes,vision,title,catalogue,catalog,eye,,,,,,,,,,
靈,líng,numinous power,,numinous,numinous nothingness,spirit,transcendents,numina,numen,,,,,,,,
神仙,shén xiān,divine transcendent,divine Transcendent,Divine Transcendent,transcendent,transcendents,divine transcendence,transcendence,Transcendent,divine Transcendence,,,,,
天地,tiān dì,world,Earth,entire world,Heaven,Heaven and Earth,,,,,,,,,,,
太上,tài shàng,uppermost,great supreme superior,the most high,gods most high,most high god,most high,Lord of the Dao Most High,the most high god,Lord of the Great Dao,highest,highest divine,Most High,Grand,Most High Lord,Dao Most High,Most High Lord of the Dao
太極,tài jí,Grand Bourne Palace,Grand Bourne,,,,,,,,,,,,,
大洞,dà dòng,Great Grotto,,,,,,,,,,,,,,,
大齋,dà zhāi,great zhai-fast,zhai-fast,Great Zhai-fast,,,,,,,,,,,,,
上清,shàng qīng,Supreme Purity,,,,,,,,,,,,,,,
上帝,shàng dì,high emperor,Highest emperor,highest emperor,High Emperor,Upper Emperor,heavenly nature,emperor,,,,,,,,,
生,shēng,live,reborn,life,arise,born,,,,,,,,,,,
君,jūn,lord,you,Lord,he,,,,,,,,,,,,
齋戒,zhāi jiè,fast,precept,fasting,observe the precept,keep the precept,purification precepts,keep the precepts,precepts,,,,,,,,
內外,nèi wài,within and without,all,,,,,,,,,,,,,,
真人,zhēn rén,perfected being,Perfected,Perfection,Perfected Being,perfected,Perfected being,,,,,,,,,,
元始,yuán shǐ,primordial commencement,Primordial Commencement,,,,,,,,,,,,,
元,yuán,primal,Prime,prime,primordial,,,,,,,,,,,,
司命,sī mìng,director of destiny,director of destinies,Director of Destinies,,,,,,,,,,,,,
命,mìng,destiny,command,life-span,protocol,appointment,decree,order,fate,allotted lifespan,lifespan,govern,,,,,
禮,lǐ,bow,rule of propriety,decorum,repentance,ceremony,prostration,,,,,,,,,,
山川,shān chuān,mountain stream,,,,,,,,,,,,,,,
福,fú,blessing,happiness,beneficence,fortune,,,,,,,,,,,,
仙人,xiān rén,transcendent being,Transcendent Being,Transcendent being,transcendent,,,,,,,,,,,,
眞,zhēn,perfection,perfected being,Perfected,Perfection,the perfected,perfected,,,,,,,,,,
上真,shàng zhēn,upper Perfection,Upper Perfection,Upper Perfected,upper perfection,perfected,upper Perfected,,,,,,,,,,
法,fǎ,Law,ritual method,method,way,procedure,law,ritual,,,,,,,,,
玉匱,yù guì,Jade Coffer,,,,,,,,,,,,,,,
眞官,zhēn guān,officer,perfected official,,,,,,,,,,,,,,
幽,yōu,secluded,shrouded spirit,dense,abstruse,hidden place,,,,,,,,,,,
道士,dào shì,Daoist,Daoist adept,gentleman of the Dao,adept,Daoist priest,you,,,,,,,,,,
功曹,gōng cáo,Bureau of Merit,labor official,official,administrator,,,,,,,,,,,,
怨對,yuàn duì,complaint,blamed,grievance,aggrieved,,,,,,,,,,,,
萬物,wàn wù,all things,all creation,creature,all beings,all things in the world,myriad phenomena,,,,,,,,,,
靈壇,líng tán,supernatural altar,numinous altar,numina,altar for the souls,,,,,,,,,,,,
青絲,qīng sī,azure silk string,azure string,azure silken string,azure silk,,,,,,,,,,,,
旌旗,jīng qí,pennant,banner,flags,banners,,,,,,,,,,,,
功德,gōng dé,virtuous deed,meritorious act,merit,benevolent action,,,,,,,,,,,,
身,shēn,oneself,person,individual,bodily form,body,flesh,life,,,,,,,,,
息,xī,count,breathing,time,breath,,,,,,,,,,,,
吐納,tǔ nà,exhale,breathing technique,breathe out and consume,breathing in and out,inhale,breathing exercise,,,,,,,,,,
明眞,míng zhēn,perfected being,Perfected,perfected,Bright Truth,liturgy that allies with the perfected,,,,,,,,,,,
篇目,piān mù,table of contents,title,content,catalog of titles,contents,,,,,,,,,,,
天,tiān,god,heavens,sky,Celestial,Heaven,heaven,,,,,,,,,,
天真,tiān zhēn,celestial Perfected,Heavenly Perfection,heavenly perfected,celestial perfected,,,,,,,,,,,,
車,chē,palanquin,coach,carriage,chariot,,,,,,,,,,,,
圖録,tú lù,registers,charts,register,chart,,,,,,,,,,,,
文,wén,writing,scripture,writ,civil,document,text,,,,,,,,,,
叩齒,kòu chǐ,clack their teeth,clack teeth,clack your teeth,click your teeth,clack your teeth together,,,,,,,,,,,
飛雲,fēi yún,soaring cloud,flying cloud,soar atop cloud,cloud,,,,,,,,,,,,
科,kē,rules,rule,Code,code,,,,,,,,,,,,
科典,kē diǎn,regulations,regulation,code,codes,precept,,,,,,,,,,,
念,niàn,mind,concentration,contemplate,comfort,,,,,,,,,,,,
地仙,dì xiān,earth Transcendent,terrestrial transcendent being,terrestrial transcendent,conduct,,,,,,,,,,,,
感,gǎn,emotion,response,sympathetic resonance,connect,,,,,,,,,,,,
幽宮,yōu gōng,Shrouded Palace,Tenebrous Palace,tenebrous palace,Dark Palace,,,,,,,,,,,,
夜,yè,midnight,nighttime,night,dark shadow,,,,,,,,,,,,
日,rì,sun,solar,day,date,,,,,,,,,,,,
草,cǎo,grass,grasses,herb,dead,,,,,,,,,,,,
情,qíng,passion,sincerity,intention,disposition,,,,,,,,,,,,
性,xìng,nature,oneself,inborn nature,disposition,,,,,,,,,,,,
下,xià,subject,lower,down,downward,,,,,,,,,,,,
藥,yào,medication,medicine,medicinal herb,drug,,,,,,,,,,,,
東華,dōng huá,Eastern Blossom,Eastern Florescence,Eastern Efflorescence,Eastern Floriate Palace,Eastern Floriate,,,,,,,,,,,
使,shǐ,charge,help,makes,emissary,,,,,,,,,,,,
天下,tiān xià,realm,world,the whole world,empire,all people on earth,,,,,,,,,,,
空洞,kōng dòng,Hollow of Space,Kongdong,vacuous grotto,empty grotto,,,,,,,,,,,,
行道,xíng dào,enact the Dao,the Dao,enactment of the Dao,enacted the Dao,,,,,,,,,,,,
入室,rù shì,enter their chambers,enter a chamber,in an oratory,enter chamber,enter your chamber,chamber,,,,,,,,,,
六合,liù hé,Six Harmony,six harmonies,Six-fold Harmony,entire universe,Six Harmonies,,,,,,,,,,,
精,jīng,sprite,all that is impure,essences,essential qi,spermatic essence,living essence,seminal essence,spirit,essence,Huijing,text,,,,,
久視,jiǔ shì,extend my being,perpetual youth,extend vision,eternally young,eternal vision,eternal youth,,,,,,,,,,
願,yuàn,hope,desire,intention,favor,ask,wish,,,,,,,,,,
炎光,yán guāng,Fiery Radiance,blazing light,Blazing Light,fiery radiance,,,,,,,,,,,,
畢,bì,finishing,done,finish,finished,after this,,,,,,,,,,,
五老,wǔ lǎo,Five Ancient Lord,Five Elders,five elders,Five Ancient Lords,Five Elder,,,,,,,,,,,
五帝,wǔ dì,five Thearch,five emperors,Five Emperors,Five Imperial Lords,Five Imperial,Five Solar Emperors,Five Thearch,,,,,,,,,
五嶽,wǔ yuè,Five Sacred Peak,Five Peaks,Five Peak,five Sacred Peaks,Five Marchmounts,Five Sacred Peaks,,,,,,,,,,
五神,wǔ shén,five visceral spirits,Five Spirits,Five God,five spirits,five spirit,,,,,,,,,,,
書,shū,book,memorial,scripture,formula,appointment letter,entryway,copy,document,record,written character,text,,,,,
四司,sì sī,four director,Four Offices,Circuit Supervisors,Four Directors,,,,,,,,,,,,
四方,sì fāng,direction,square,Four Region,Four Regions,,,,,,,,,,,,
四海,sì hǎi,Four Sea,everywhere,world,Four Seas,,,,,,,,,,,,
鬼神,guǐ shén,spirit,god,demon,ghost,,,,,,,,,,,,
侍女,shì nǚ,servant maid,attendant maiden,servant girl,girl-in-attendance,servant maiden,attendant girl,,,,,,,,,,
金書,jīn shū,Golden Book,gold,written in gold,golden book,,,,,,,,,,,,
金真,jīn zhēn,pure gold,golden perfection,Golden Perfection,golden Perfected,,,,,,,,,,,,
太清,tài qīng,Grand Clarity,Supreme Purity,Grand Purity,Grand Clarity heaven,Grand Purity heaven,,,,,,,,,,,
太玄,tài xuán,sublime mystery,Grand Mystery,Great Mystery,Grand Mystery heaven,,,,,,,,,,,,
太帝,tài dì,Grand Emperor,Great Emperor,Grand Thearch,grand thearch,,,,,,,,,,,,
太空,tài kōng,Supreme Void,Grand Vacuity,Grand Hollow,Grand Void,sky,,,,,,,,,,,
洞,dòng,penetrating,direct,penetrate,grotto,,,,,,,,,,,,
守一,shǒu yī,guard the One,Guarding the One,guarding the Ones,guard the Ones,Guarding the Ones,,,,,,,,,,,
心,xīn,mind,cognitive decline,spirit,he,heart,heart-mind,,,,,,,,,,
諸天,zhū tiān,gods,heavens,various heaven,heaven,various heavens,,,,,,,,,,,
天帝,tiān dì,celestial Thearch,celestial emperor,Celestial Thearch,Heavenly Emperor,,,,,,,,,,,,
隱書,yǐn shū,Hidden Book,The Hidden Writings,concealed writ,Hidden Writings,The Hidden Book,,,,,,,,,,,
上法,shàng fǎ,most high way,rituals of upper [Perfection],superior method,high ritual,upper ritual,,,,,,,,,,,
上聖,shàng shèng,supreme sanctity,supreme saint,lofty sage,High Sage,,,,,,,,,,,,
上品,shàng pǐn,Upper Grade,higher grade,upper grade,highest grade,top-tier,upper grades,,,,,,,,,,
百神,bǎi shén,hundred spirit,all gods,manifold spirit,hundred spirits,manifold gods,,,,,,,,,,,
意,yì,mind,thought,meaning,idea,,,,,,,,,,,,
帝,dì,Emperor,Thearch,celestial emperor,imperial,emperor,,,,,,,,,,,
帝君,dì jūn,Thearchical Lord,thearchical lord,Imperial Lord,imperial lord,,,,,,,,,,,,
日中,rì zhōng,sun,middle of the day,midday,in the sun,noon,,,,,,,,,,,
要言,yào yán,essential instruction,essential words,essential teaching,indispensable word,,,,,,,,,,,,
罪,zuì,transgression,fault,sin,infraction,wrongdoing,guilty,,,,,,,,,,
內,nèi,inside,internal,within,inner,esoteric,,,,,,,,,,,
訣,jué,secret instruction,instructions,Spell,instruction,formula,,,,,,,,,,,
玉華,yù huá,jade blossom,jade flower,jade blossom maiden,Jade Efflorescence,,,,,,,,,,,,
玉篇,yù piān,jade book,jade records,jade chapter,jade fascicle,Jade Chapter,,,,,,,,,,,
玉女,yù nǚ,Jade Girl,jade maiden,Lord Mao,Jade Maiden,,,,,,,,,,,,
帝王,dì wáng,emperor,,,,,,,,,,,,,,,
叩頭,kòu tóu,knock head on the ground,knock head on ground,knock head,kowtow,,,,,,,,,,,,
闕,quē,flaw,missing,palace,lack,,,,,,,,,,,,
虛,xū,vacuous,vacuity,void,lack,,,,,,,,,,,,
地,dì,soil,earth,Earth,land,ground,,,,,,,,,,,
淫,yín,licentious,licentiousness,indecency,licentious way,,,,,,,,,,,,
無極,wú jí,Limitless,Vacuous Ultimate,Infinite,limitless,Wuji,,,,,,,,,,,
長存,cháng cún,live long,long life,live longer,live forever,,,,,,,,,,,,
長生,cháng shēng,prolong your life,longevity,life,live long,live eternally,extend life,living long,art of longevity,lengthen life,Long Life,long life,lengthen my life,,,,
道君,dào jūn,your,Lord of Dao,Lord of the Dao Most High,lord of the Dao,Lord of the Dao,Lord,,,,,,,,,,
三元君,sān yuán jūn,three Primal Lord,Three Primal Lord,Three Primal Lords,lord of the Three Primes,,,,,,,,,,,,
月,yuè,moon,month,lunar month,lunar,,,,,,,,,,,,
通靈,tōng líng,commune with the numina,Penetrates Numina,numina,make contact with the numina,,,,,,,,,,,,
萬靈,wàn líng,myriad numina,manifold spirit,numina,manifold numina,mysteries,,,,,,,,,,,
萬神,wàn shén,myriad spirits,spirits,myriad of spirit,manifold spirit,,,,,,,,,,,,
師,shī,Master,teacher,preceptor,master,,,,,,,,,,,,
韻,yùn,tune,pomp,point of view,melody,,,,,,,,,,,,
中仙,zhōng xiān,mediocre Transcendent,middle transcendent,middle transcendent being,1,,,,,,,,,,,,
中品,zhōng pǐn,Middle Grade,middle grade,middle class,middle grades,,,,,,,,,,,,
臣,chén,aid,subject,official,minister,servant,,,,,,,,,,,
陰德,yīn dé,Six Yin Spirits,act of secret virtue,yin virtue,minor merit,,,,,,,,,,,,
高上,gāo shàng,exalted,most exalted,high,most high one,on high,heavens,Most High,,,,,,,,,
山,shān,Mt. Mao,peak,source-mont,mountain,,,,,,,,,,,,
萬劫,wàn jié,ten thousand epochs,ten thousand kalpa,thousand epoch,myriad epoch,myriad era,myriad of epochs,myriad of eras,eternity,,,,,,,,
玄都,xuán dū,Mysterious Metropolis,,,,,,,,,,,,,,,
玄科,xuán kē,Mysterious Code,Mysterious [Metropolis] Code,mysterious code,mysterious Code,,,,,,,,,,,,
冥,míng,netherworld,underworld,darkness,nether region,,,,,,,,,,,,
九府,jiǔ fǔ,Nine [Aquatic] Residence,nine,Nine Residences,Nine Bureaus,,,,,,,,,,,,
九天,jiǔ tiān,Nine Heavens,Nine Heaven,nine heavens,nine heaven,,,,,,,,,,,,
九幽,jiǔ yōu,Nine Darknesses,hell,Nine Realms of Darkness,Nine Netherworlds,,,,,,,,,,,,
九孔,jiǔ kǒng,nine apertures,Nine Orifices,nine opening,nine orifice,,,,,,,,,,,,
北極,běi jí,Northern Culmen,Beiji,North Star,Northern Bourne,,,,,,,,,,,,
物,wù,pennant,gift,thing,object,,,,,,,,,,,,
官,guān,officer,officiant,post,official,,,,,,,,,,,,
口訣,kǒu jué,oral transmission,esoteric oral instruction,oral formula,oral instruction,,,,,,,,,,,,
外,wài,outward,external,outside,outsider,,,,,,,,,,,,
父母,fù mǔ,parent,father,mother,Parent,,,,,,,,,,,,
祖父母,zǔ fù mǔ,ancestors,fathers and mothers,ancestor,parents,,,,,,,,,,,,
嶽,yuè,Sacred Peak,peak,bodily form,Peak,,,,,,,,,,,,
名山,míng shān,famous peak,famous mountain,famed peak,peak,,,,,,,,,,,,
洞玄,dòng xuán,penetrate mysteries,Penetrating Mystery,cavernous mystery,penetrating mystery,,,,,,,,,,,,
人,rén,someone,person,human being,people,human,man,,,,,,,,,,
萬民,wàn mín,commoner,all people,all the people,people,,,,,,,,,,,,
眾真,zhòng zhēn,many perfected,multitude of the perfected,Assembly of Perfected,perfected,Perfected assembly,assembly of Perfected,,,,,,,,,,
真仙,zhēn xiān,Transcendent,Perfected or Transcendent being,perfected and transcendent being,Perfected,Transcendent being,,,,,,,,,,,
眞人,zhēn rén,perfected one,perfected being,Perfected,Perfected Being,perfected,Lord,Perfected being,,,,,,,,,
真,zhēn,perfection,perfected,Perfected,perfected being,Perfection,Perfected being,,,,,,,,,,
盟,méng,break,alliance,oath,pledge,contract,covenant,,,,,,,,,,
信,xìn,faith,gift,pledge offering,pledge gift,,,,,,,,,,,,
寶章,bǎo zhāng,precious emblem,Precious Emblem,precious stanza,Precious Stanza,,,,,,,,,,,,
不死,bù sǐ,avoid death,avoiding death,new transcendent,preventing death,,,,,,,,,,,,
科禁,kē jìn,regulation,rules,restrictions,prohibition,,,,,,,,,,,,
州,zhōu,prefecture,regional government,scholars,province,,,,,,,,,,,,
齋,zhāi,fast,fasting,purification fast,purification retreat,Zhai-Fast,zhai-fast liturgy,purification,zhai-fast,purification ritual,retreat,purification rite,offering,,,,
清齋,qīng zhāi,fast,purification fast,pure fast,purification ritual,purification rite,,,,,,,,,,,
紫紋,zǐ wén,purple embroidery,purple patterned silk,purple pattern,Purple Writ,,,,,,,,,,,,
炁,qì,essence,qi,breath,Qi,,,,,,,,,,,,
臭濁,chòu zhuó,dirty,sullied,stinks,rank,,,,,,,,,,,,
志,zhì,ambition,command,will,resolve,perception,,,,,,,,,,,
功,gōng,meritorious ritual,merit,meritorious work,ritual activity,meritorious,good deed,act,,,,,,,,,
聖,shèng,Sage,saintly,holy,saintliness,,,,,,,,,,,,
液,yè,fluid,swallow,secretion,saliva,,,,,,,,,,,,
津液,jīn yè,fluid,secretion,spittle,saliva,bodily fluid,,,,,,,,,,,
經,jīng,book,scriptures,scripture,Scripture,,,,,,,,,,,,
寶經,bǎo jīng,Precious Scripture,treasured scripture,precious scriptures,scripture,precious scripture,,,,,,,,,,,
七祖,qī zǔ,seven generations of ancestors,seven generations,ancestor of the last seven generations,seven generations of ancestor,seven ancestor,,,,,,,,,,,
七祖父母,qī zǔ fù mǔ,parent,seven generations of ancestors,seven generation,seven generations of ancestors and parents,,,,,,,,,,,,
七玄,qī xuán,Seven Mysteries,seven generations,seven mysteries,Seven Mystery,seven generation,,,,,,,,,,,
玉京,yù jīng,Mt. Yujing,Jade Capitoline,Jade Capitol,seven-jewel palace,[Mt.] Yujing,Jade Capital,,,,,,,,,,
形,xíng,form,bodily form,body,shape,,,,,,,,,,,,
津,jīn,embryonic,celestial ford,ferry,shore,Ford,,,,,,,,,,,
精思,jīng sī,intense meditation,meditative state,refined contemplation,single-minded determination,meditation,,,,,,,,,,,
六甲,liù jiǎ,six jia,Twelve Texts,six Jia officer,Six Jia,six jia officer,,,,,,,,,,,
簡,jiǎn,tablets,slat,tablet,slip,,,,,,,,,,,,
日月,rì yuè,sun and moon,sun,moon,solar,lunar,,,,,,,,,,,
子,zǐ,being,name,child,son,Zi,Your Highness,disciple,,,,,,,,,
通,tōng,memorial,reach,time,spin,,,,,,,,,,,,
道,dào,Dao,Way,teaching,spirit,route,teachings,method,rituals,path,road,ritual,,,,,
神,shén,mind,god,deity,spirit world,divine,spirits,body spirit,spirit,divine spirit,bodily spirit,divine being,soul,,,,
節,jié,mind,nodal day,tipstaff,staff,baton,,,,,,,,,,,
晨,chén,star,dawning light,dawn,stars,,,,,,,,,,,,
律,lǜ,statute,law,rule,Statute,,,,,,,,,,,,
字,zì,byname,style,name,styled,,,,,,,,,,,,
玄,xuán,mystery,mysterious,Xuan,sublimity,profound mystery,,,,,,,,,,,
微妙,wēi miào,subtle mystery,subtle,wondrous,subtle miracle,,,,,,,,,,,,
招神,zhāo shén,summoning the numina,Book to Summon Spirits,Summon Spirit,summon spirit,,,,,,,,,,,,
上仙,shàng xiān,upper Transcendent,greater transcendent,Ascension into Transcendence,supreme transcendent,,,,,,,,,,,,
流霞,liú xiá,Drifting Aurora,purling aurora,flowing aurora,swirling aurora,,,,,,,,,,,,
戒,jiè,rule,protection,admonishment,taboo,precept,,,,,,,,,,,
修行,xiū xíng,cultivate his conduct,bodily cultivation,put into practice,technique of cultivation,practice,cultivation,,,,,,,,,,
十方,shí fāng,Ten Region,everywhere,Ten Regions,ten directions,,,,,,,,,,,,
事,shì,event,source,"text (when in 十二事 ""Twelve Texts"")",text,,,,,,,,,,,,
篇,piān,record,Record,chapter,text,,,,,,,,,,,,
自然,zì rán,spontaneous,spontaneously,spontaneity,the spontaneous,spontaneous fashion,something that spontaneously appears,,,,,,,,,,
三光,sān guāng,Three Lights,Three Radiances,Three Luminaries,three luminaries,three kinds of light,,,,,,,,,,,
三官,sān guān,Three Officials,Six Heavens,Three Officers,Three Offices,,,,,,,,,,,,
三宮,sān gōng,three palaces,three palace,three corporeal palaces,Three Palaces,corporeal palace,,,,,,,,,,,
三真,sān zhēn,three perfected,three Perfected,three perfections,Three Perfected,three meditations,,,,,,,,,,,
三寶,sān bǎo,Three Treasures,three jewels,three treasures,Three Treasure,,,,,,,,,,,,
三洞,sān dòng,Three洞,Three Grottos,Three Grottoes,Three Vehicle,Three Depths,,,,,,,,,,,
過,guò,transgression,wrongdoing,fault,time,,,,,,,,,,,,
仙,xiān,Transcendence,transcendent,transcendent being,transcendence,Transcendent,numina,Transcendent being,,,,,,,,,
飛仙,fēi xiān,flying Transcendent,flying transcendent being,flying transcendent,Transcendent,,,,,,,,,,,,
仙靈,xiān líng,immortal spirit,transcendent numen,transcendent spirit,transcendent numina,,,,,,,,,,,,
罪咎,zuì jiù,fault,crime,offense,transgression,,,,,,,,,,,,
穢,huì,sully,defiled,filth,unclean,impurity,,,,,,,,,,,
混沌,hùn dùn,Chaotic,chaotic,primordial state,unitive fusion,primordial chaos,,,,,,,,,,,
混化,hùn huà,transformed,unitively transform,Primordial Transformation,Unitive Transformation,fusion,,,,,,,,,,,
尊靈,zūn líng,venerable soul,venerated numen,exalted spirit,venerable numen,worthy numina,,,,,,,,,,,
德,dé,spirit,merit,conduct,virtue,disposition,,,,,,,,,,,
幽明,yōu míng,hidden,invisible,darkness,visible,light,,,,,,,,,,,
素,sù,plain silk,liquid gold,white,white memorial,raw silk,,,,,,,,,,,
風刀,fēng dāo,wind,wind and knives,knives and wind,windblown knife,winds and knives,wind and knife,knife,,,,,,,,,
風塵,fēng chén,wind,dust,dusty world,windy,,,,,,,,,,,,
世,shì,society,generation,realm,world,worldly matter,to be saved,human world,,,,,,,,,
靈文,líng wén,Numinous Writ,numinous text,numinous writ,writ of the Immaculate Numen,,,,,,,,,,,,
戊巳,wù sì,ji,cyclical character ji,cyclical character wu,wu,,,,,,,,,,,,
玄元,xuán yuán,Mystic Prime,mystic,primal,Xuanyuan,,,,,,,,,,,,
年,nián,moment,years,age,year,time,,,,,,,,,,,
陰陽,yīn yáng,yin-yang,inward,yang,yin,Yin and Yang,,,,,,,,,,,
女,nǚ,maiden,woman,girl,you,daughter,,,,,,,,,,,
靈寳,líng bǎo,Most High Numinous Treasure,Lingbao,Numinous Treasure,,,,,,,,,,,,,
儀,yí,ritual,,,,,,,,,,,,,,,
廣成,Guǎng chéng,Guangcheng,,,,,,,,,,,,,,,
先生,xiān shēng,priest,Master,master,,,,,,,,,,,,,
杜光庭,Dù Guāng tíng,DU Guangting,,,,,,,,,,,,,,,
衆官,zhòng guān,assembled official,,,,,,,,,,,,,,,
位,wèi,position,rank,,,,,,,,,,,,,,
壇,tán,altar,,,,,,,,,,,,,,,
户呪,hù zhòu,Entering the Doorway incantation,,,,,,,,,,,,,,,
五方,wǔ fāng,five direction,five directions,,,,,,,,,,,,,,
香,xiāng,incense,[the gods],,,,,,,,,,,,,,
北方,běi fāng,north,North,,,,,,,,,,,,,,
上洞,shàng dòng,Master of Rites,,,,,,,,,,,,,,,
案,àn,register,actualize,,,,,,,,,,,,,,
呪,zhòu,Law,incantation,,,,,,,,,,,,,,
法鼓,fǎ gǔ,Law Drum,,,,,,,,,,,,,,,
法皷,fǎ gǔ,ritual drum,,,,,,,,,,,,,,,
三氣,sān qì,three qi,,,,,,,,,,,,,,,
太上老君,tài shàng lǎo jūn,Most High Lord Lao,Supreme Lord Lao,,,,,,,,,,,,,,
侍香金童,shì xiāng jīn tóng,attendant,young golden lad,,,,,,,,,,,,,,
傳言玉女,chuán yán yù nǚ,attendant,,,,,,,,,,,,,,,
龍虎君,lóng hǔ jūn,lord,,,,,,,,,,,,,,,
直符,zhí fú,talismanic representative,official,,,,,,,,,,,,,,
直日,zhí rì,solar representative,official,,,,,,,,,,,,,,
香官,xiāng guān,official,,,,,,,,,,,,,,,
里域,lǐ yù,region,cantonal territory,,,,,,,,,,,,,,
正神,zhèng shén,proper god,true spirit,,,,,,,,,,,,,,
眞文,zhēn wén,perfected writ,true document,,,,,,,,,,,,,,
生炁,shēng qì,qi,vital qi,,,,,,,,,,,,,,
玉皇上帝,yù huáng shàng dì,Jade Emperor,,,,,,,,,,,,,,,
三禮,sān lǐ,ritual rank,,,,,,,,,,,,,,,
太玄都,tài xuán dū,Mysterious Metropolis,,,,,,,,,,,,,,,
三景,sān jǐng,Three Regions,Three Mansion,,,,,,,,,,,,,,
弟子,dì zǐ,subject,disciple,,,,,,,,,,,,,,
三洞法師,sān dòng fǎ shī,Daoist master,,,,,,,,,,,,,,,
明眞大齋,míng zhēn dà zhāi,declaration,,,,,,,,,,,,,,,
法事,fǎ shì,liturgy,dispensation,ritual,,,,,,,,,,,,,
太子,tài zǐ,crown prince,transcendent numina,,,,,,,,,,,,,,
皇后,huáng hòu,rank,,,,,,,,,,,,,,,
皇妃,huáng fēi,perfected,,,,,,,,,,,,,,,
禧,xǐ,perfection,,,,,,,,,,,,,,,
國祚,guó zuò,destiny,,,,,,,,,,,,,,,
皇帝,huáng dì,presence,emperor,,,,,,,,,,,,,,
宸極,chén jí,Ten Regions,,,,,,,,,,,,,,,
至眞,zhì zhēn,utmost perfection,utmost perfected,Ultimate Truth,,,,,,,,,,,,,
大道,dà dào,Dao,Great Dao,,,,,,,,,,,,,,
玄造,xuán zào,mysterious creation,,,,,,,,,,,,,,,
金闕,jīn què,Golden Gate,Golden Watchtower,Golden Porte,,,,,,,,,,,,,
七寳,qī bǎo,seven jewels,Seven Jewel,,,,,,,,,,,,,,
宮,gōng,palace,Palace,place of origin,,,,,,,,,,,,,
元始大帝,yuán shǐ dà dì,great emperor of primordial commencement,,,,,,,,,,,,,,,
高上玉皇,gāo shàng yù huáng,jade sovereign who is up on high,,,,,,,,,,,,,,,
無上無下,wú shàng wú xià,no superior or inferior,,,,,,,,,,,,,,,
無極神郷,wú jí shén xiāng,infinite realms of gods,,,,,,,,,,,,,,,
三十二天,sān shí èr tiān,32 heavens,,,,,,,,,,,,,,,
隱韻靈章,yǐn yùn líng zhāng,numinous stanza,,,,,,,,,,,,,,,
五文,wǔ wén,Five Words,,,,,,,,,,,,,,,
結氣,jié qì,connected qi,,,,,,,,,,,,,,,
八會,bā huì,Eight Assembly,Eight Assemblies,,,,,,,,,,,,,,
流光,liú guāng,coursing radiance,brilliance,flowing light,,,,,,,,,,,,,
大宥,dà yòu,great clemency,,,,,,,,,,,,,,,
萬善,wàn shàn,myriads of benevolent,,,,,,,,,,,,,,,
敷張,fū zhāng,spread out,,,,,,,,,,,,,,,
仙圖,xiān tú,transcendent charts,,,,,,,,,,,,,,,
紫房,zǐ fáng,purple palace,Purple Room,purple room,,,,,,,,,,,,,
籍,jí,register,record,,,,,,,,,,,,,,
介福,jiè fú,Great Fortune,,,,,,,,,,,,,,,
遷神,qiān shén,its way up to the gods,promote to godhood,promotion of gods,,,,,,,,,,,,,
御案,yù àn,imperial table,,,,,,,,,,,,,,,
表,biǎo,tablet,request,,,,,,,,,,,,,,
法位,fǎ wèi,ritual master,,,,,,,,,,,,,,,
法師,fǎ shī,preceptor,,,,,,,,,,,,,,,
太上無極,tài shàng wú jí,Ultimate,,,,,,,,,,,,,,,
元始天尊,yuán shǐ tiān zūn,Primal Heavenly Honored,,,,,,,,,,,,,,,
太上大道君,tài shàng dà dào jūn,Grand Lord of Dao,Lord of the Great Dao Most High,Most High Great Lord Dao,,,,,,,,,,,,,
自然至眞,zì rán zhì zhēn,Spontaneous Perfected,,,,,,,,,,,,,,,
靈寳天尊,líng bǎo tiān zūn,Lingbao Heavenly Honored,,,,,,,,,,,,,,,
尋聲救苦,xún shēng jiù kǔ,He Who Hears Cries,,,,,,,,,,,,,,,
大慈天尊,dà cí tiān zūn,Greatly Compassionate Heavenly Honored,,,,,,,,,,,,,,,
五老上帝,wǔ lǎo shàng dì,Five Elder Supreme Emperor,,,,,,,,,,,,,,,
三十六部尊經,sān shí liù bù zūn jīng,Thirty-six Division Scripture,,,,,,,,,,,,,,,
玄中,xuán zhōng,Mysterious Middle,,,,,,,,,,,,,,,
大法師,dà fǎ shī,Grand Preceptor,,,,,,,,,,,,,,,
三界,sān jiè,Three Realms,three realm,Three Realm,,,,,,,,,,,,,
玄功,xuán gōng,mysterious achievement,mysterious power,mystic enterprise,,,,,,,,,,,,,
道化,dào huà,Daoist transformation,Daoist conversion,,,,,,,,,,,,,,
三乗,sān chéng,three vehicle,,,,,,,,,,,,,,,
御運,yù yùn,rule,,,,,,,,,,,,,,,
五炁,wǔ qì,Five Qi,five qi,,,,,,,,,,,,,,
正法,zhèng fǎ,Correct Law,true law,,,,,,,,,,,,,,
幽顯,yōu xiǎn,the manifest,the hidden,,,,,,,,,,,,,,
人天,rén tiān,human,heaven,,,,,,,,,,,,,,
生死,shēng sǐ,life,birth and death,death,,,,,,,,,,,,,
大教,dà jiào,great teaching,,,,,,,,,,,,,,,
度,dù,salvation,Rules,,,,,,,,,,,,,,
邦國,bāng guó,state,State,,,,,,,,,,,,,,
玄徳,xuán dé,mysterious virtue,,,,,,,,,,,,,,,
神功,shén gōng,divine achievement,,,,,,,,,,,,,,,
群生,qún shēng,all creatures,,,,,,,,,,,,,,,
明㫖,míng zhǐ,imperial edict,,,,,,,,,,,,,,,
詞,cí,speech,,,,,,,,,,,,,,,
義,yì,duty,meaning,,,,,,,,,,,,,,
玄式,xuán shì,mysterious model,,,,,,,,,,,,,,,
壇場,tán chǎng,esplanade,altar,,,,,,,,,,,,,,
燈,dēng,lamp,,,,,,,,,,,,,,,
靈韞,líng yùn,numinous compendium,,,,,,,,,,,,,,,
八㑹,bā huì,Eight Assemblies,,,,,,,,,,,,,,,
寳書,bǎo shū,treasured book,,,,,,,,,,,,,,,
時,shí,when,day,moment,,,,,,,,,,,,,
十華,shí huá,Ten Heavens,,,,,,,,,,,,,,,
八極,bā jí,Eight Bourne,Eight Extremities,,,,,,,,,,,,,,
玄鑒,xuán jiàn,mysterious gaze,,,,,,,,,,,,,,,
圓,yuán,complete,round,,,,,,,,,,,,,,
群眞,qún zhēn,assembled perfected,,,,,,,,,,,,,,,
羽衞,yǔ wèi,feathered carriage,,,,,,,,,,,,,,,
萬聖,wàn shèng,myriad saint,,,,,,,,,,,,,,,
軒,xuān,gallery,celestial chariot,chariot,,,,,,,,,,,,,
祥輝,xiáng huī,auspicious radiance,,,,,,,,,,,,,,,
三境,sān jìng,Three Domains,,,,,,,,,,,,,,,
長夜,cháng yè,long night,,,,,,,,,,,,,,,
隂關,yīn guān,dark prison,,,,,,,,,,,,,,,
慈風,cí fēng,wind of compassion,,,,,,,,,,,,,,,
苦惱,kǔ nǎo,suffering,torment,,,,,,,,,,,,,,
科品,kē pǐn,ritual code,,,,,,,,,,,,,,,
圓滿,yuán mǎn,completely accomplished,,,,,,,,,,,,,,,
醮,jiào,jiao-ceremony,,,,,,,,,,,,,,,
天仙,tiān xiān,heavenly transcendent,celestial transcendent,heavenly Transcendent,,,,,,,,,,,,,
神人,shén rén,god,divine being,,,,,,,,,,,,,,
四瀆,sì dú,Four Conduits,,,,,,,,,,,,,,,
九宫,jiǔ gōng,frigid climb,extent,Nine Palaces,,,,,,,,,,,,,
三河,sān hé,Three Rivers,Three River,,,,,,,,,,,,,,
星宿,xīng xiù,planet,mansion,constellation,,,,,,,,,,,,,
兵馬,bīng mǎ,mounted calvary,troop,cavalry,,,,,,,,,,,,,
騎乗,qí chéng,carriage,,,,,,,,,,,,,,,
監齋直事,jiān zhāi zhí shì,representative,,,,,,,,,,,,,,,
散花玊女,sàn huā yù nǚ,young jade maiden,,,,,,,,,,,,,,,
傳言奏事飛龍騎吏,chuán yán zòu shì fēi lóng qí lì,mounted officer on the winged dragon,,,,,,,,,,,,,,,
官屬,guān shǔ,appointed functionary,official,,,,,,,,,,,,,,
監齋,jiān zhāi,oversee zhai-fast,watching over the zhai-fast,supervising the zhai-fast,,,,,,,,,,,,,
衞,wèi,protecting,,,,,,,,,,,,,,,
監察,jiān chá,inspecting,,,,,,,,,,,,,,,
監臨,jiān lín,watching over,,,,,,,,,,,,,,,
衞護,wèi hù,offering protection,protect,,,,,,,,,,,,,,
宣通,xuān tōng,broadly announce,summons,,,,,,,,,,,,,,
召命,zhào mìng,summon,order,,,,,,,,,,,,,,
營衞,yíng wèi,protection,,,,,,,,,,,,,,,
有功,yǒu gōng,meritorious service,,,,,,,,,,,,,,,
勤,qín,zeal,diligence,,,,,,,,,,,,,,
黄繒,huáng zēng,yellow silk,,,,,,,,,,,,,,,
朱表,zhū biǎo,request written in vermilion,vermilion,,,,,,,,,,,,,,
舉遷,jǔ qiān,promotion,,,,,,,,,,,,,,,
犯科,fàn kē,break the ritual code,,,,,,,,,,,,,,,
玄奥,xuán ào,mysterious enigma,,,,,,,,,,,,,,,
赦宥,shè yòu,indulgence,forgiveness,amnesty,,,,,,,,,,,,,
玄恩,xuán ēn,mystic bounty,hidden beneficence,,,,,,,,,,,,,,
智慧,zhì huì,divine intelligence,Wisdom,,,,,,,,,,,,,,
十戒,shí jiè,Ten Protections,,,,,,,,,,,,,,,
天宫,tiān gōng,celestial palace,,,,,,,,,,,,,,,
告報,gào bào,inform,,,,,,,,,,,,,,,
功徳,gōng dé,merit,,,,,,,,,,,,,,,
天位,tiān wèi,celestial position,celestial place,,,,,,,,,,,,,,
奉案,fèng àn,table for offerings,,,,,,,,,,,,,,,
表文,biǎo wén,text of this request,request,,,,,,,,,,,,,,
籙,lù,register,,,,,,,,,,,,,,,
職,zhí,assignment,duty,post,,,,,,,,,,,,,
小兆,xiǎo zhào,novice,tiny flock,,,,,,,,,,,,,,
大法,dà fǎ,great Law,,,,,,,,,,,,,,,
宣教,xuān jiào,promulgate the teachings,,,,,,,,,,,,,,,
生靈,shēng líng,living being,soul of living being,,,,,,,,,,,,,,
國,guó,State,country,empire,,,,,,,,,,,,,
玄化,xuán huà,mysterious transformation,mystical transformation,,,,,,,,,,,,,,
訓,xùn,order,teaching,,,,,,,,,,,,,,
存亡,cún wáng,living,dead,,,,,,,,,,,,,,
廟,miào,temple,,,,,,,,,,,,,,,
天府,tiān fǔ,celestial palace,celestial regulation,,,,,,,,,,,,,,
經法,jīng fǎ,law,scripture,,,,,,,,,,,,,,
玄司,xuán sī,mysterious bureau,,,,,,,,,,,,,,,
綸音,guān yīn,imperial words,,,,,,,,,,,,,,,
内藏,nèi cáng,secret canon,,,,,,,,,,,,,,,
質信,zhì xìn,authentic rite,,,,,,,,,,,,,,,
四界,sì jiè,Four Realms,,,,,,,,,,,,,,,
三清,sān qīng,Three Purities,Three Clarities,Three Clarity,,,,,,,,,,,,,
寳字,bǎo zì,precious character,,,,,,,,,,,,,,,
神明,shén míng,god,deity,,,,,,,,,,,,,,
稽顙,qǐ sǎng,prostration,,,,,,,,,,,,,,,
歸命,guī mìng,entrust destiny,,,,,,,,,,,,,,,
披心,pī xīn,open heart,,,,,,,,,,,,,,,
太陽,tài yáng,sun,Grand Yang,Grand Solarity,,,,,,,,,,,,,
盟齋,méng zhāi,zhai-fast,,,,,,,,,,,,,,,
世界,shì jiè,world,,,,,,,,,,,,,,,
九地,jiǔ dì,Nine Lands,Nine Land,,,,,,,,,,,,,,
重隂,chóng yīn,amassed darkness,,,,,,,,,,,,,,,
光明,guāng míng,light,effulgent brightness,,,,,,,,,,,,,,
冥夜,míng yè,dark night,,,,,,,,,,,,,,,
九玄,jiǔ xuán,Nine Mysteries,Nine Darknesses,Nine Mystery,,,,,,,,,,,,,
宗廟,zōng miào,ancestral temple,,,,,,,,,,,,,,,
先靈,xiān líng,soul of the deceased,,,,,,,,,,,,,,,
前身,qián shēn,previous life,,,,,,,,,,,,,,,
塵縁,chén yuán,worldly attachment,,,,,,,,,,,,,,,
障累,zhàng lèi,obstacle,,,,,,,,,,,,,,,
昭徹,zhāo chè,fully enlightened,,,,,,,,,,,,,,,
冥行,míng xíng,dark path,,,,,,,,,,,,,,,
天恩,tiān ēn,heavenly beneficence,,,,,,,,,,,,,,,
染着,rǎn zhuó,pollute,,,,,,,,,,,,,,,
眞常,zhēn cháng,perfected,permanent,,,,,,,,,,,,,,
九土,jiǔ tǔ,Nine Regions,Nine Lands,,,,,,,,,,,,,,
陵廟,líng miào,temple,tumulus,,,,,,,,,,,,,,
魂神,hún shén,spirit,cloud-soul spirit,cloud-soul,,,,,,,,,,,,,
鋉,sù,purification,,,,,,,,,,,,,,,
臟腑,zàng fǔ,entrail,viscera,,,,,,,,,,,,,,
陽精,yáng jīng,essence of yang,,,,,,,,,,,,,,,
隂滓,yīn zǐ,impurity of yin,,,,,,,,,,,,,,,
天堂,tiān táng,paradise,,,,,,,,,,,,,,,
道品,dào pǐn,hierarchy of the Dao,,,,,,,,,,,,,,,
後嗣,hòu sì,descendant,,,,,,,,,,,,,,,
邦家,bāng jiā,kingdom,,,,,,,,,,,,,,,
帝祚,dì zuò,imperial legacy,emperor’s blessing,,,,,,,,,,,,,,
皇圖,huáng tú,empire,,,,,,,,,,,,,,,
聖朝,shèng cháo,holy sovereign,,,,,,,,,,,,,,,
夀,shòu,longevity,,,,,,,,,,,,,,,
嵩衡,sōng héng,Mt. Song,Mt. Heng,,,,,,,,,,,,,,
諸王,zhū wáng,kings,imperial prince,,,,,,,,,,,,,,
后妃,hòu fēi,woman,,,,,,,,,,,,,,,
公主,gōng zhǔ,daughter,,,,,,,,,,,,,,,
臣寮,chén liáo,official,,,,,,,,,,,,,,,
兩耀,liǎng yào,Two Luminary,,,,,,,,,,,,,,,
吉應,jí yìng,favorable auspice,,,,,,,,,,,,,,,
妖惡,yāo è,harmful influence,,,,,,,,,,,,,,,
恩,ēn,beneficence,,,,,,,,,,,,,,,
灰,huī,ash,,,,,,,,,,,,,,,
煙,yān,vapor,smoke,,,,,,,,,,,,,,
玄期,xuán qī,timeframe of the dark [realms],,,,,,,,,,,,,,,
金童,jīn tóng,golden lad,,,,,,,,,,,,,,,
飛龍,fēi lóng,flying dragon,dragon,,,,,,,,,,,,,,
騎吏,qí lì,officer who rides,functionary mounted on flying dragon,,,,,,,,,,,,,,
三寳,sān bǎo,Three Realms,Three Jewel,Three Jewels,,,,,,,,,,,,,
威神,wēi shén,majestic god,imposing god,,,,,,,,,,,,,,
土地,tǔ dì,Earth God,Earth [God],,,,,,,,,,,,,,
監,jiān,watch over,rule,,,,,,,,,,,,,,
臨,lín,watch over,,,,,,,,,,,,,,,
齋事,zhāi shì,fast liturgy,,,,,,,,,,,,,,,
賞,shǎng,accolade,reward,,,,,,,,,,,,,,
上眞,shàng zhēn,Upper Perfected,upper perfected,,,,,,,,,,,,,,
爵,jué,ducal title,,,,,,,,,,,,,,,
帝秩,dì zhì,celestial importance,,,,,,,,,,,,,,,
品,pǐn,grade,rank,,,,,,,,,,,,,,
太眞,tài zhēn,Grand Perfected,Grand Perfection,grand perfected being,,,,,,,,,,,,,
黄素,huáng sù,yellow silk,white,yellow,,,,,,,,,,,,,
太上無極大道,tài shàng wú jí dà dào,Supreme Wujidao,Infinite Great Dao Most High,,,,,,,,,,,,,,
大上老君,dà shàng lǎo jūn,Most High Lord Lao,,,,,,,,,,,,,,,
無上玄老,wú shàng xuán lǎo,exalted mysterious elder,,,,,,,,,,,,,,,
十方自然靈寳天尊,shí fāng zì rán líng bǎo tiān zūn,Numinous Treasure Celestial Worthy,,,,,,,,,,,,,,,
大聖,dà shèng,great sage,great saint,,,,,,,,,,,,,,
丈人,zhàng rén,elder,Elder,great elder,,,,,,,,,,,,,
天官,tiān guān,celestial official,celestial office,heavenly official,,,,,,,,,,,,,
至聖,zhì shèng,ultimate holiness,,,,,,,,,,,,,,,
丹情,dān qíng,fervent feeling,,,,,,,,,,,,,,,
學法,xué fǎ,study the Law,,,,,,,,,,,,,,,
儀式,yí shì,ceremony,ritual,,,,,,,,,,,,,,
千愆,qiān qiān,1,000 fault,,,,,,,,,,,,,,
萬罪,wàn zuì,10,000 transgression,all sin,,,,,,,,,,,,,
直使,zhí shǐ,titular representative,,,,,,,,,,,,,,,
正一,zhèng yī,Correct Unity,,,,,,,,,,,,,,,
左右官,zuǒ yòu guān,official of the left and the right,,,,,,,,,,,,,,,
使者,shǐ zhě,appointed official,envoy,he,,,,,,,,,,,,,
隂陽,yīn yáng,yin,yang,yin and yang,,,,,,,,,,,,,
神決吏,shén jué lì,divine judgment functionary,officers over divine decisions,,,,,,,,,,,,,,
科車,kē chē,ranked chariot,,,,,,,,,,,,,,,
赤符吏,chì fú lì,red talisman functionary,,,,,,,,,,,,,,,
剛風,gāng fēng,swift as the wind,,,,,,,,,,,,,,,
騎置驛馬,qí zhì yì mǎ,horseback courier,,,,,,,,,,,,,,,
上章吏,shàng zhāng lì,officer in charge requests,,,,,,,,,,,,,,,
神龍,shén lóng,divine dragon,,,,,,,,,,,,,,,
飛眞,fēi zhēn,flying perfected,,,,,,,,,,,,,,,
拔度,bá dù,provide salvation,,,,,,,,,,,,,,,
起壇,qǐ tán,erect an altar,,,,,,,,,,,,,,,
遷職,qiān zhí,elevate assignments,,,,,,,,,,,,,,,
黄素朱表,huáng sù zhū biǎo,vermilion request on yellow paper,,,,,,,,,,,,,,,
三天,sān tiān,three celestial,Three Heavens,Three Heaven,,,,,,,,,,,,,
天曹,tiān cáo,celestial administrator,,,,,,,,,,,,,,,
惶,huáng,fear,,,,,,,,,,,,,,,
恐,kǒng,dread,,,,,,,,,,,,,,,
姓,xìng,surname,,,,,,,,,,,,,,,
縣,xiàn,district,county,,,,,,,,,,,,,,
宫觀,gōng guàn,Daoist Abbey,,,,,,,,,,,,,,,
住持,zhù chí,head,,,,,,,,,,,,,,,
無形,wú xíng,formless,without form,,,,,,,,,,,,,,
無名,wú míng,without name,your name,,,,,,,,,,,,,,
虚無,xū wú,empty and unreal,,,,,,,,,,,,,,,
无上元尊,wú shàng yuán zūn,exalted Worthy of Primordial Commencement,,,,,,,,,,,,,,,
玉陛,yù bì,jade dais,,,,,,,,,,,,,,,
太歲,tài suì,Jupiter,sexagesimal cycle,Great Year,,,,,,,,,,,,,
齒,chǐ,teeth,tooth,,,,,,,,,,,,,,
太上三尊,tài shàng sān zūn,Three Supreme Venerables,Three Worthies most high,,,,,,,,,,,,,,
十方大聖,shí fāng dà shèng,Great Sage of the Ten Directions,,,,,,,,,,,,,,,
敕,chì,summon,,,,,,,,,,,,,,,
典者,diǎn zhě,official,,,,,,,,,,,,,,,
主領,zhǔ lǐng,designate,oversee,,,,,,,,,,,,,,
進御,jìn yù,promotion,,,,,,,,,,,,,,,
閉氣,bì qì,expired qi,stop breathing,,,,,,,,,,,,,,
昇章,shēng zhāng,request,,,,,,,,,,,,,,,
所請,suǒ qǐng,request,,,,,,,,,,,,,,,
所召,suǒ zhào,summon,,,,,,,,,,,,,,,
所申,suǒ shēn,request,,,,,,,,,,,,,,,
所遷,suǒ qiān,transfer,,,,,,,,,,,,,,,
下官,xià guān,low-ranking official,,,,,,,,,,,,,,,
氣,qì,qi,breathing,breath,,,,,,,,,,,,,
上御,shàng yù,sovereign,,,,,,,,,,,,,,,
近司,jìn sī,local office,,,,,,,,,,,,,,,
天憲,tiān xiàn,Heavenly Constitution,,,,,,,,,,,,,,,
拜,bài,bow,kowtow,,,,,,,,,,,,,,
函,hán,coffer,envelope,,,,,,,,,,,,,,
金籙,jīn lù,golden register,Golden Register,,,,,,,,,,,,,,
度命,dù mìng,saves from torments,,,,,,,,,,,,,,,
符命,fú mìng,command,talisman order,,,,,,,,,,,,,,
白簡,bái jiǎn,white tablet,white slip,,,,,,,,,,,,,,
救苦,jiù kǔ,deliver from suffering,,,,,,,,,,,,,,,
眞符,zhēn fú,marvelous protection,,,,,,,,,,,,,,,
百二十曹,bǎi èr shí cáo,120 administrator,hundred twenty,,,,,,,,,,,,,,
考官,kǎo guān,examiner,,,,,,,,,,,,,,,
地獄,dì yù,hell,subterranean prison,,,,,,,,,,,,,,
巨天,jù tiān,heaven,,,,,,,,,,,,,,,
力士,lì shì,powerful being,,,,,,,,,,,,,,,
神兵,shén bīng,divine soldier,,,,,,,,,,,,,,,
司録,sī lù,recorder,,,,,,,,,,,,,,,
司功,sī gōng,merit-officer,,,,,,,,,,,,,,,
司殺,sī shā,executioner,,,,,,,,,,,,,,,
牛頭,niú tóu,ox-head,,,,,,,,,,,,,,,
獄卒,yù zú,jailer,,,,,,,,,,,,,,,
大魔,dà mó,great demon,,,,,,,,,,,,,,,
齋壇,zhāi tán,altar,,,,,,,,,,,,,,,
亡魂,wáng hún,soul of the dead,,,,,,,,,,,,,,,
仇,chóu,hatred,enmity,,,,,,,,,,,,,,
九眞,jiǔ zhēn,Nine Perfected,,,,,,,,,,,,,,,
妙戒,miào jiè,marvelous protection,precept,,,,,,,,,,,,,,
告命,gào mìng,announcement,command,declare,,,,,,,,,,,,,
太𡻕,tài suì,year,planet of the year,,,,,,,,,,,,,,
表函,biǎo hán,box containing the request,,,,,,,,,,,,,,,
侍,shì,cantor,attends,,,,,,,,,,,,,,
天門,tiān mén,Celestial Gate,Heaven’s Gate,,,,,,,,,,,,,,
山簡,shān jiǎn,mountain tablet,,,,,,,,,,,,,,,
聖旨,shèng zhǐ,holy order,holy edict,,,,,,,,,,,,,,
靈山,líng shān,numinous mountain,,,,,,,,,,,,,,,
至神,zhì shén,most divine,,,,,,,,,,,,,,,
至靈,zhì líng,most numinous,ultimate numen,,,,,,,,,,,,,,
罪録,zuì lù,register of transgressions,,,,,,,,,,,,,,,
金龍,jīn lóng,golden dragon,,,,,,,,,,,,,,,
驛傳,yì chuán,[horseback] courier,courier,,,,,,,,,,,,,,
具位,jù wèi,ritual rank,,,,,,,,,,,,,,,
處,chù,place,,,,,,,,,,,,,,,
告文,gào wén,text,,,,,,,,,,,,,,,
青紙,qīng zhǐ,azure paper,,,,,,,,,,,,,,,
龍,lóng,dragon,,,,,,,,,,,,,,,
香煙,xiāng yān,smoke,,,,,,,,,,,,,,,
眀眞,míng zhēn,Perfected,,,,,,,,,,,,,,,
水府,shuǐ fǔ,aquatic residence,,,,,,,,,,,,,,,
三元,sān yuán,Three Primes,the prime,Three Primal Lords,,,,,,,,,,,,,
水帝,shuǐ dì,great emperor,aquatic emperor,,,,,,,,,,,,,,
十二河源,shí èr hé yuán,Twelve Headwater,Twelve Headwaters,,,,,,,,,,,,,,
江,jiāng,Jiang,Yangzi River,,,,,,,,,,,,,,
河,hé,river,He,,,,,,,,,,,,,,
淮,huái,Huai,,,,,,,,,,,,,,,
濟,jì,save,Ji,,,,,,,,,,,,,,
溟泠大神,míng líng dà shén,great god of the dim and shadowy waters,,,,,,,,,,,,,,,
度世,dù shì,be saved from this world,be saved from the world,transcend this world,,,,,,,,,,,,,
中黃,zhōng huáng,Central Yellow,Middle Yellow,central yellow,,,,,,,,,,,,,
黃神,huáng shén,yellow god,,,,,,,,,,,,,,,
土府,tǔ fǔ,terrestrial residences,,,,,,,,,,,,,,,
中宫,zhōng gōng,Central Palace,,,,,,,,,,,,,,,
記名,jì míng,names recorded,,,,,,,,,,,,,,,
金龍驛傳,jīn lóng yì chuán,horseback courier on golden dragon,,,,,,,,,,,,,,,
元氣,yuán qì,primordial qi,primal qi,,,,,,,,,,,,,,
主死,zhǔ sǐ,rule over death,,,,,,,,,,,,,,,
領生,lǐng shēng,direct birth,,,,,,,,,,,,,,,
丹書,dān shū,cinnabar book,,,,,,,,,,,,,,,
赤文,chì wén,red writ,,,,,,,,,,,,,,,
上經,shàng jīng,Upper Scripture,upper scripture,,,,,,,,,,,,,,
官衆,guān zhòng,assembled official,,,,,,,,,,,,,,,
天井,tiān jǐng,celestial well,,,,,,,,,,,,,,,
月辰,yuè chén,cyclical character chen of that month,,,,,,,,,,,,,,,
讃,zàn,encomium,,,,,,,,,,,,,,,
紫府,zǐ fǔ,Purple Residence,,,,,,,,,,,,,,,
名,míng,name,well known,,,,,,,,,,,,,,
法職,fǎ zhí,ritual assignment,,,,,,,,,,,,,,,
紫微上宫,zǐ wēi shàng gōng,Upper Palace of Purple Tenuity,,,,,,,,,,,,,,,
衆,zhòng,many,multitude,,,,,,,,,,,,,,
諸君,zhū jūn,lord,,,,,,,,,,,,,,,
玉童,yù tóng,jade lad,Transcendent Lad,Jade Lad,,,,,,,,,,,,,
輝,huī,brilliance,,,,,,,,,,,,,,,
醮座,jiào zuò,seat at the jiao-ceremony,jiao-ceremony seat,,,,,,,,,,,,,,
靈仙,líng xiān,holy transcendent,numinous transcendent,,,,,,,,,,,,,,
日君,rì jūn,Solar Lord,lord of the sun,,,,,,,,,,,,,,
月君,yuè jūn,lord of the moon,,,,,,,,,,,,,,,
句陳,gōu chén,Gouchen,,,,,,,,,,,,,,,
天皇大帝君,tiān huáng dà dì jūn,celestial sovereign,,,,,,,,,,,,,,,
北斗七星君,běi dǒu qī xīng jūn,lords of the seven stars of the Northern Dipper,,,,,,,,,,,,,,,
南斗六星君,nán dǒu liù xīng jūn,lords of the six stars of the Southern Dipper,,,,,,,,,,,,,,,
三台六星君,sān tái liù xīng jūn,lords of the six stars of the Three Eminences,,,,,,,,,,,,,,,
二十八宿君,èr shí bā xiù jūn,lords of the 28 Mansions,,,,,,,,,,,,,,,
周天三百六十五度,zhōu tiān sān bǎi liù shí wǔ dù,365 degrees of the celestial sphere,,,,,,,,,,,,,,,
星中大神,xīng zhōng dà shén,great god of the stars,,,,,,,,,,,,,,,
星中帝君,xīng zhōng dì jūn,grand imperial lord of the stars,,,,,,,,,,,,,,,
星中眞人,xīng zhōng zhēn rén,perfected being of the stars,,,,,,,,,,,,,,,
東方,dōng fāng,Eastern,east,,,,,,,,,,,,,,
青帝,qīng dì,Azure Emperor,,,,,,,,,,,,,,,
九氣君,jiǔ qì jūn,Nine-Qi Lord,,,,,,,,,,,,,,,
南方,nán fāng,south,South,,,,,,,,,,,,,,
赤帝,chì dì,Red Emperor,,,,,,,,,,,,,,,
三氣君,sān qì jūn,Three-Qi Lord,,,,,,,,,,,,,,,
西方,xī fāng,west,West,,,,,,,,,,,,,,
白帝,bái dì,White Emperor,,,,,,,,,,,,,,,
七氣君,qī qì jūn,Seven-Qi Lord,,,,,,,,,,,,,,,
黒帝,hēi dì,Black Emperor,,,,,,,,,,,,,,,
五氣君,wǔ qì jūn,Five-Qi Lord,,,,,,,,,,,,,,,
中央,zhōng yāng,Center,center,central,,,,,,,,,,,,,
黃帝,huáng dì,Yellow Emperor,,,,,,,,,,,,,,,
一氣君,yī qì jūn,One-Qi Lord,,,,,,,,,,,,,,,
上元天官,shàng yuán tiān guān,celestial official of the Upper Prime,,,,,,,,,,,,,,,
中元地官,zhōng yuán dì guān,terrestrial official of the Middle Principle,,,,,,,,,,,,,,,
下元水官,xià yuán shuǐ guān,aquatic official of the Lower Prime,,,,,,,,,,,,,,,
三宫,sān gōng,Three Palaces,,,,,,,,,,,,,,,
五嶽大神,wǔ yuè dà shén,great god of the Five Peaks,,,,,,,,,,,,,,,
十大洞天,shí dà dòng tiān,ten great Grotto-Heaven,,,,,,,,,,,,,,,
三十六洞天,sān shí liù dòng tiān,thirty-six Grotto-Heaven,,,,,,,,,,,,,,,
二十四化,èr shí sì huà,twenty-four Transformer,,,,,,,,,,,,,,,
九江水帝,jiǔ jiāng shuǐ dì,aquatic emperor of the Nine Rivers,,,,,,,,,,,,,,,
九宫眞人,jiǔ gōng zhēn rén,perfected being of the Nine Palaces,,,,,,,,,,,,,,,
十二仙君,shí èr xiān jūn,twelve transcendent lord,,,,,,,,,,,,,,,
九天司命,jiǔ tiān sī mìng,director of destinies of the Nine Heavens,,,,,,,,,,,,,,,
五嶽丈人,wǔ yuè zhàng rén,elder of the Five Peaks,,,,,,,,,,,,,,,
九天使者,jiǔ tiān shǐ zhě,envoy of the Nine Heavens,,,,,,,,,,,,,,,
儲副正職佐命大神,chǔ fù zhèng zhí zuǒ mìng dà shén,great god with official position under the heir apparent who assists the mandate,,,,,,,,,,,,,,,
四輔,sì fǔ,Four Supplements,,,,,,,,,,,,,,,
侍經眞官,shì jīng zhēn guān,perfected official,,,,,,,,,,,,,,,
仙公,xiān gōng,transcendent duke,,,,,,,,,,,,,,,
仙伯,xiān bǎi,transcendent earl,,,,,,,,,,,,,,,
仙卿,xiān qīng,transcendent chamberlain,,,,,,,,,,,,,,,
大夫,dà fū,grand master,grandees,,,,,,,,,,,,,,
九天御史,jiǔ tiān yù shǐ,censor of the Nine Heavens,,,,,,,,,,,,,,,
玄中大法師,xuán zhōng dà fǎ shī,great master of the Law at the center of mystery,,,,,,,,,,,,,,,
天師,tiān shī,celestial master,,,,,,,,,,,,,,,
嗣師,sì shī,successor master,,,,,,,,,,,,,,,
系師,xì shī,lineage master,,,,,,,,,,,,,,,
上古三師,shàng gǔ sān shī,three masters of ancient antiquity,,,,,,,,,,,,,,,
經師,jīng shī,master of the scriptures,master,,,,,,,,,,,,,,
籍師,jí shī,master of the registers,,,,,,,,,,,,,,,
度師,dù shī,master of salvation,,,,,,,,,,,,,,,
三洞威神,sān dòng wēi shén,majestic god of the Three Grottos,,,,,,,,,,,,,,,
屬,shǔ,entirety,,,,,,,,,,,,,,,
領仙,lǐng xiān,lead transcendents,,,,,,,,,,,,,,,
侍香,shì xiāng,attend to incense,,,,,,,,,,,,,,,
將吏,jiàng lì,escorting official,officer,,,,,,,,,,,,,,
神將,shén jiàng,divine general,,,,,,,,,,,,,,,
六旬,liù xún,Six Xun,,,,,,,,,,,,,,,
六丁,liù dīng,Six Ding,Twelve Texts,six ding,,,,,,,,,,,,,
社稷,shè jì,[gods of] soil and grain,,,,,,,,,,,,,,,
靈司,líng sī,numinous administrative official,,,,,,,,,,,,,,,
佩,pèi,carry,wear,,,,,,,,,,,,,,
二十四治,èr shí sì zhì,Twenty-Four Parishes,,,,,,,,,,,,,,,
執節,zhí jié,insignia,,,,,,,,,,,,,,,
監功,jiān gōng,supervise meritorious action,,,,,,,,,,,,,,,
大將軍,dà jiāng jūn,great general,,,,,,,,,,,,,,,
四部,sì bù,four categories,,,,,,,,,,,,,,,
謁者,yè zhě,receptionist,,,,,,,,,,,,,,,
上靈,shàng líng,supreme numen,,,,,,,,,,,,,,,
三部,sān bù,Three Regions,,,,,,,,,,,,,,,
促氣,cù qì,compress qi,,,,,,,,,,,,,,,
三五,sān wǔ,Three and Five,Three [Primes] and Five [Numina],Three Fives,,,,,,,,,,,,,
科車赤符吏,kē chē chì fú lì,functionaries of the red talismans in roofless chariots,,,,,,,,,,,,,,,
剛風騎,gāng fēng qí,couriers who ride like the wind,,,,,,,,,,,,,,,
置驛馬上章吏,zhì yì mǎ shàng zhāng lì,functionaries who submit petitions on high via horseback couriers,,,,,,,,,,,,,,,
飛龍騎吏,fēi lóng qí lì,functionaries who ride flying dragons,,,,,,,,,,,,,,,
天眞飛仙騎吏,tiān zhēn fēi xiān qí lì,functionaries on horseback for the celestial perfected,flying transcendents,,,,,,,,,,,,,,
上部使者,shàng bù shǐ zhě,commissioners of the Upper Region,,,,,,,,,,,,,,,
中部使者,zhōng bù shǐ zhě,commissioners of the Middle Region,,,,,,,,,,,,,,,
都官使者,dū guān shǐ zhě,commissioners in the criminal administration,,,,,,,,,,,,,,,
郎吏,láng lì,functionaries,their attendants,,,,,,,,,,,,,,
虎賁,hǔ bēn,elite warrior,,,,,,,,,,,,,,,
察姦,chá jiān,investigator,,,,,,,,,,,,,,,
句騎吏,gōu qí lì,functionaries of chariots,cavalry,,,,,,,,,,,,,,
都官僕射,dū guān pú yè,vice director in the criminal administration,,,,,,,,,,,,,,,
天丁力士,tiān dīng lì shì,celestial soldier,guardian,,,,,,,,,,,,,,
天騶甲卒,tiān zōu jiǎ zú,militiaman,celestial stableman,,,,,,,,,,,,,,
鬼,guǐ,demon,ghost,,,,,,,,,,,,,,
邪,xié,evil,perverse influence,numina,,,,,,,,,,,,,
毒,dú,poison,,,,,,,,,,,,,,,
符,fú,Talisman,talisman,,,,,,,,,,,,,,
吏,lì,officer,functionary,,,,,,,,,,,,,,
本命神將,běn mìng shén jiàng,divine general in charge of their natal destiny,,,,,,,,,,,,,,,
元辰神將,yuán chén shén jiàng,divine general in charge of the auspicious star,,,,,,,,,,,,,,,
行年,xíng nián,current year,,,,,,,,,,,,,,,
本命星官,běn mìng xīng guān,stellar official in charge of natal destiny,,,,,,,,,,,,,,,
驛馬,yì mǎ,horseback courier,,,,,,,,,,,,,,,
眞靈,zhēn líng,perfected numina,perfected numen,numina,,,,,,,,,,,,,
職司,zhí sī,assigned official,assigned seat,,,,,,,,,,,,,,
衞壇將吏,wèi tán jiàng lì,officer who protects the altar,,,,,,,,,,,,,,,
虚空監察,xū kōng jiān chá,surveillance official throughout the void,,,,,,,,,,,,,,,
主司,zhǔ sī,examiner presiding over this world,,,,,,,,,,,,,,,
座,zuò,seat,,,,,,,,,,,,,,,
昊天上帝,hào tiān shàng dì,upper emperors in the lofty heavens,,,,,,,,,,,,,,,
十方上聖,shí fāng shàng shèng,upper saints in the Ten Directions,,,,,,,,,,,,,,,
九耀,jiǔ yào,Nine Radiances,,,,,,,,,,,,,,,
天君,tiān jūn,Lord,celestial lord,,,,,,,,,,,,,,
洪慈,hóng cí,great benevolence,,,,,,,,,,,,,,,
分輝,fēn huī,brilliance,,,,,,,,,,,,,,,
照鑒,zhào jiàn,reflecting in a mirror,,,,,,,,,,,,,,,
玄教,xuán jiào,mysterious teaching,,,,,,,,,,,,,,,
塵,chén,human world,dust,dusty world,,,,,,,,,,,,,
露,lù,dew,,,,,,,,,,,,,,,
丘山,qiū shān,hill,mountain,mountain crest,,,,,,,,,,,,,
繒,zēng,embroidered silk piece,silk,,,,,,,,,,,,,,
香花,xiāng huā,incense,flower,,,,,,,,,,,,,,
謝,xiè,atonement,expiation,confess,,,,,,,,,,,,,
朱陵,zhū líng,Vermilion Hills,,,,,,,,,,,,,,,
丹霍,dān huò,Cinnabar Blaze,,,,,,,,,,,,,,,
九清,jiǔ qīng,Nine Purities,,,,,,,,,,,,,,,
萬帝,wàn dì,myriad emperor,,,,,,,,,,,,,,,
羣眞,qún zhēn,assembled perfected,,,,,,,,,,,,,,,
帝業,dì yè,imperial legacy,,,,,,,,,,,,,,,
孫謀,sūn móu,descendant,,,,,,,,,,,,,,,
鳳曆,fèng lì,phoenix calendar,,,,,,,,,,,,,,,
鴻圖,hóng tú,grand design,,,,,,,,,,,,,,,
同文,tóng wén,writing,,,,,,,,,,,,,,,
共軌,gòng guǐ,carriage gauge,,,,,,,,,,,,,,,
疫毒,yì dú,poison,plague,,,,,,,,,,,,,,
災,zāi,calamity,,,,,,,,,,,,,,,
凶,xiōng,ominous sign,misfortune,,,,,,,,,,,,,,
兵戈,bīng gē,war,,,,,,,,,,,,,,,
水旱,shuǐ hàn,flood,drought,,,,,,,,,,,,,,
夷夏,yí xià,Chinese,barbarian,,,,,,,,,,,,,,
龍神,lóng shén,dragon god,,,,,,,,,,,,,,,
中黄,zhōng huáng,Central,Center-Yellow,,,,,,,,,,,,,,
上府,shàng fǔ,highest residence,,,,,,,,,,,,,,,
陵寢,líng qǐn,imperial tomb,,,,,,,,,,,,,,,
十雨五風,shí yǔ wǔ fēng,timely rain,gentle wind,,,,,,,,,,,,,,
拂,fú,brush,,,,,,,,,,,,,,,
曹府,cáo fǔ,administration,,,,,,,,,,,,,,,
祥,xiáng,auspiciousness,,,,,,,,,,,,,,,
稽首,qǐ shǒu,kowtow,bow down with head,,,,,,,,,,,,,,
再禮,zài lǐ,repeatedly bow,,,,,,,,,,,,,,,
狀,zhuàng,supplication,,,,,,,,,,,,,,,
錢,qián,money,cash,,,,,,,,,,,,,,
馬,mǎ,horse,horseback,,,,,,,,,,,,,,
洪休,hóng xiū,beneficial action,,,,,,,,,,,,,,,
丹懇,dān kěn,sincere offering,,,,,,,,,,,,,,,
天儀,tiān yí,high perfected,,,,,,,,,,,,,,,
頌,sòng,hymn,,,,,,,,,,,,,,,
髙眞,gāo zhēn,High Immortal,,,,,,,,,,,,,,,
部,bù,group,division,,,,,,,,,,,,,,
官吏,guān lì,official,,,,,,,,,,,,,,,
境,jìng,realm,border,,,,,,,,,,,,,,
氛,fēn,miasma,,,,,,,,,,,,,,,
沴,lì,pestilence,,,,,,,,,,,,,,,
妖,yāo,demon,monstrous spirit,,,,,,,,,,,,,,
兇,xiōng,evil,vicious,,,,,,,,,,,,,,
萬壽,wàn shòu,ten thousand years,myriad year of life,,,,,,,,,,,,,,
㑹,huì,assembly,,,,,,,,,,,,,,,
舉,jǔ,plan,promotion,transfer,,,,,,,,,,,,,
獄,yù,prison,,,,,,,,,,,,,,,
冥曹,míng cáo,Netherworld Office,,,,,,,,,,,,,,,
三徒,sān tú,Three Groups,,,,,,,,,,,,,,,
六趣,liù qù,Six Rebirths,Six Paths,,,,,,,,,,,,,,
爽,shuǎng,spirit,,,,,,,,,,,,,,,
萬類,wàn lèi,all kinds,,,,,,,,,,,,,,,
魂,hún,soul,cloud-soul,,,,,,,,,,,,,,
幽關,yōu guān,dark prison,shrouded pass,,,,,,,,,,,,,,
晏,yàn,calm,,,,,,,,,,,,,,,
虚皇,xū huáng,vacuous resplendence,Vacuous Sovereign,,,,,,,,,,,,,,
帝圖,dì tú,imperial project,,,,,,,,,,,,,,,
壽,shòu,long life,longevity,life,,,,,,,,,,,,,
祚,zuò,blessing,Zuo,imperial legacy,,,,,,,,,,,,,
萬眞,wàn zhēn,perfected being,ten thousand perfected,,,,,,,,,,,,,,
妖星,yāo xīng,ominous star,,,,,,,,,,,,,,,
中外,zhōng wài,center,periphery,,,,,,,,,,,,,,
康寧,kāng níng,peaceful,tranquil,,,,,,,,,,,,,,
金馬,jīn mǎ,golden horse,,,,,,,,,,,,,,,
驛程,yì chéng,courier,,,,,,,,,,,,,,,
玉帝,yù dì,Jade Emperor,Jade Thearch,jade thearch,,,,,,,,,,,,,
髙靈,gāo líng,high divine power,,,,,,,,,,,,,,,
玉文,yù wén,jade text,jade writ,,,,,,,,,,,,,,
濟死,jì sǐ,rescue the dead,,,,,,,,,,,,,,,
度生,dù shēng,save the living,,,,,,,,,,,,,,,
拯護,zhěng hù,liberate,protect,,,,,,,,,,,,,,
幽冥,yōu míng,darkness,obscure regions,,,,,,,,,,,,,,
寳符,bǎo fú,precious talisman,,,,,,,,,,,,,,,
玄經,xuán jīng,mysterious scripture,,,,,,,,,,,,,,,
解銷,jiě xiāo,dissolve,disperse,,,,,,,,,,,,,,
𡨚債,yuān zhài,debt,grievance,,,,,,,,,,,,,,
和平,hé píng,peace,,,,,,,,,,,,,,,
削除,xuē chú,eradicate,,,,,,,,,,,,,,,
罪刑,zuì xíng,punishment,transgression,,,,,,,,,,,,,,
察命,chá mìng,watch over destinies,,,,,,,,,,,,,,,
童子,tóng zǐ,offspring,lad,,,,,,,,,,,,,,
注,zhù,pour in,record,,,,,,,,,,,,,,
上生,shàng shēng,born on high,,,,,,,,,,,,,,,
護戒,hù jiè,preserve,protect,,,,,,,,,,,,,,
引詣,yǐn yì,lead,,,,,,,,,,,,,,,
福庭,fú tíng,hall of blessings,,,,,,,,,,,,,,,
超離,chāo lí,break free,,,,,,,,,,,,,,,
五苦,wǔ kǔ,Five Suffering,five suffering,Five Sufferings,,,,,,,,,,,,,
乗駕,chéng jià,ride,,,,,,,,,,,,,,,
雲軿,yún piān,chariots of clouds,cloudy phaeton,,,,,,,,,,,,,,
輪轉,lún zhuǎn,transmigrate,,,,,,,,,,,,,,,
得道,dé dào,obtain the Dao,attain this Dao,attain the Dao,,,,,,,,,,,,,
飛昇,fēi shēng,fly up,,,,,,,,,,,,,,,
玄上,xuán shàng,mystery on high,,,,,,,,,,,,,,,
開明,kāi míng,enlightenment,,,,,,,,,,,,,,,
監眞,jiān zhēn,oversees the Perfected,,,,,,,,,,,,,,,
赤書,chì shū,Red Book,,,,,,,,,,,,,,,
丹文,dān wén,cinnabar writ,Perfected Writ,,,,,,,,,,,,,,
本始,běn shǐ,original beginning,,,,,,,,,,,,,,,
緫領,zǒng lǐng,chief overseer,,,,,,,,,,,,,,,
攝氣,shè qì,draws in their qi,,,,,,,,,,,,,,,
召㑹,zhào huì,brings together,,,,,,,,,,,,,,,
催促,cuī cù,quicken,,,,,,,,,,,,,,,
髙上,gāo shàng,up on high,,,,,,,,,,,,,,,
上,shàng,high,on high,up,,,,,,,,,,,,,
冥靈大神,míng líng dà shén,great god of unseen numinosity,,,,,,,,,,,,,,,
監生主録,jiān shēng zhǔ lù,keeper of register who watch over living being,,,,,,,,,,,,,,,
南,nán,south,,,,,,,,,,,,,,,
三門,sān mén,Three Gate,,,,,,,,,,,,,,,
關領,guān lǐng,control,monitor,,,,,,,,,,,,,,
玉簡,yù jiǎn,jade tablet,jade slip,jade slat,,,,,,,,,,,,,
勒,lè,engrave,,,,,,,,,,,,,,,
丹篇,dān piān,register,,,,,,,,,,,,,,,
罪目,zuì mù,transgression,,,,,,,,,,,,,,,
削落,xiāo luò,remove,erase,,,,,,,,,,,,,,
上補,shàng bǔ,assign,ascend,,,,,,,,,,,,,,
帝臣,dì chén,vassal of the emperor,,,,,,,,,,,,,,,
修齋,xiū zhāi,zhai-fast,,,,,,,,,,,,,,,
罪根,zuì gēn,root of transgression,roots of transgression,,,,,,,,,,,,,,
三塗,sān tú,Three Paths,,,,,,,,,,,,,,,
𡨚,yuàn,grievance,,,,,,,,,,,,,,,
地府,dì fǔ,terrestrial administration,,,,,,,,,,,,,,,
大業,dà yè,Three Elders,dynasty,,,,,,,,,,,,,,
乾坤,qián kūn,Heaven and Earth,,,,,,,,,,,,,,,
關,guān,passage,pass,communication,,,,,,,,,,,,,
告,gào,announce,,,,,,,,,,,,,,,
驛,yì,courier,,,,,,,,,,,,,,,
傅,fù,transmit,,,,,,,,,,,,,,,
水簡,shuǐ jiǎn,water tablet,,,,,,,,,,,,,,,
髙尊,gāo zūn,esteemed worthy,,,,,,,,,,,,,,,
太華,tài huá,Grand Efflorescence,Mt. Taihua,,,,,,,,,,,,,,
五星,wǔ xīng,Five Planets,Five Stars,five planet,,,,,,,,,,,,,
北斗,běi dǒu,Northern Dipper,Dipper,,,,,,,,,,,,,,
七元,qī yuán,seven prime,Seven Primes,seven primal [stars],,,,,,,,,,,,,
海,hǎi,ocean,shore,sea,,,,,,,,,,,,,
十二泉源,shí èr quán yuán,Twelve River Source,,,,,,,,,,,,,,,
溟泠,míng líng,dim and shadowy water,,,,,,,,,,,,,,,
大神,dà shén,great spirit,Great Spirit,great god,,,,,,,,,,,,,
緫校,zǒng jiào,correct,check,,,,,,,,,,,,,,
削滅,xuē miè,eliminate,,,,,,,,,,,,,,,
幽夜,yōu yè,darkness of night,,,,,,,,,,,,,,,
朗,lǎng,shine,lit up,brighten,,,,,,,,,,,,,
超度,chāo dù,save,enlighten,,,,,,,,,,,,,,
苦,kǔ,torment,,,,,,,,,,,,,,,
蒙原,méng yuán,forgiveness,,,,,,,,,,,,,,,
𡨚仇,yuán chóu,hatred,grievance,,,,,,,,,,,,,,
解散,jiě sàn,disappear,,,,,,,,,,,,,,,
事訖,shì qì,completion,,,,,,,,,,,,,,,
投,tóu,toss,,,,,,,,,,,,,,,
靈淵,líng yuān,numinous abyss,,,,,,,,,,,,,,,
福祚,fú zuò,blessing,legacy,,,,,,,,,,,,,,
隆,lóng,rise,,,,,,,,,,,,,,,
永,yǒng,be eternal,,,,,,,,,,,,,,,
長延,cháng yán,extend years,last long,,,,,,,,,,,,,,
請,qǐng,make request,,,,,,,,,,,,,,,
水官,shuǐ guān,aquatic official,,,,,,,,,,,,,,,
告盟,gào méng,announcement,alliance,,,,,,,,,,,,,,
傳,chuán,commentary,hagiography,transmit,,,,,,,,,,,,,
土簡,tǔ jiǎn,tablet,,,,,,,,,,,,,,,
普告,pǔ gào,proclaim,,,,,,,,,,,,,,,
無下,wú xià,inferior,,,,,,,,,,,,,,,
皇靈,huáng líng,Numen,numina,,,,,,,,,,,,,,
今日,jīn rì,today,day,,,,,,,,,,,,,,
上告,shàng gào,announcement,,,,,,,,,,,,,,,
萬仙,wàn xiān,myriad transcendent,transcendent,,,,,,,,,,,,,,
定生,dìng shēng,life,,,,,,,,,,,,,,,
太隂,tài yīn,Great Yin,,,,,,,,,,,,,,,
和𡨚,hé yuán,reconcile grievance,,,,,,,,,,,,,,,
對,duì,opposition,,,,,,,,,,,,,,,
億世,yì shì,countless generation,,,,,,,,,,,,,,,
龍簡,lóng jiǎn,dragon tablet,,,,,,,,,,,,,,,
地官,dì guān,terrestrial official,earthly official,,,,,,,,,,,,,,
漢,hàn,Han,,,,,,,,,,,,,,,
武帝,Wǔ Dì,Emperor Wu,,,,,,,,,,,,,,,
內傳,nèi chuán,Inner Tradition,,,,,,,,,,,,,,,
孝武皇帝,Xiào Wǔ Huángdì,August Filial Martial Emperor,,,,,,,,,,,,,,,
術,shù,technique,text,art,,,,,,,,,,,,,
大澤,dà zé,great lake,,,,,,,,,,,,,,,
祭,jì,sacrifice,rite,,,,,,,,,,,,,,
嵩山,sōng shān,Mt. Song,,,,,,,,,,,,,,,
神宫,shén gōng,spirit palace,,,,,,,,,,,,,,,
齊,qí,fast,,,,,,,,,,,,,,,
祠,cí,sacrifice,offering,,,,,,,,,,,,,,
四月,sì yuè,fourth lunar month,fourth month,,,,,,,,,,,,,,
戊辰,wù chén,wuchen day,,,,,,,,,,,,,,,
承華殿,chéng huá diàn,Chenghua Basilica,,,,,,,,,,,,,,,
東方朔,Dōng fāng Shuò,Dongfang Shuo,,,,,,,,,,,,,,,
董仲舒,dǒng zhòng shū,Dong Zhongshu,,,,,,,,,,,,,,,
女子,nǚ zǐ,maiden,wife,,,,,,,,,,,,,,
青衣,qīng yī,azure gown,azure clothes,azure robe,,,,,,,,,,,,,
墉宫,yōng gōng,Yong Palace,,,,,,,,,,,,,,,
王子登,wáng zǐ dēng,Wang Zideng,Lord Wang,,,,,,,,,,,,,,
王母,Wáng mǔ,Queen Mother,Queen Mother of the West,,,,,,,,,,,,,,
昆山,kūn shān,Mt. Kunlun,,,,,,,,,,,,,,,
尊,zūn,honors,Worthy,venerated,,,,,,,,,,,,,
山嶽,shān yuè,Sacred Peak,Sacred Peaks,,,,,,,,,,,,,,
教,jiào,taught,teaching,,,,,,,,,,,,,,
清齊,qīng qí,pure fast,,,,,,,,,,,,,,,
人事,rén shì,human affair,human affairs,,,,,,,,,,,,,,
七月七日,qī yuè qī rì,seventh day of the seventh month,,,,,,,,,,,,,,,
席,xí,seat,mat,,,,,,,,,,,,,,
跪,guì,kneel,,,,,,,,,,,,,,,
西王母,xī wáng mǔ,Queen Mother,Queen Mother of the West,,,,,,,,,,,,,,
紫蘭室,zǐ lán shì,Purple Orchid Chamber,,,,,,,,,,,,,,,
使命,shǐ mìng,mission,,,,,,,,,,,,,,,
榑桑,fú sāng,Fusang,,,,,,,,,,,,,,,
靈州,líng zhōu,Numinous Continent,,,,,,,,,,,,,,,
常陽,cháng yáng,Mt. Changyang,Constant Solarity,,,,,,,,,,,,,,
阿母,ā mǔ,Amah,,,,,,,,,,,,,,,
北燭仙人,Běi zhú xiān rén,Northern Torch Transcendent Being,,,,,,,,,,,,,,,
命録,mìng lù,register of lifespan,,,,,,,,,,,,,,,
眞靈官,zhēn líng guān,numinous officer,,,,,,,,,,,,,,,
延靈,yán líng,Extends Divinity,Yanling,Extended Numen,,,,,,,,,,,,,
冢宰,zhǒng zǎi,prime minister,,,,,,,,,,,,,,,
宫掖,gōng yè,private quarter,,,,,,,,,,,,,,,
殿,diàn,seat,basilica,,,,,,,,,,,,,,
紫羅,zǐ luó,purple silk,,,,,,,,,,,,,,,
百和,bǎi hé,hundred-harmony,,,,,,,,,,,,,,,
雲錦,yún jǐn,cloudy brocade,cloudy damask,,,,,,,,,,,,,,
九光,jiǔ guāng,Nine Lights,nine light,nine ray,,,,,,,,,,,,,
玉門,yù mén,Jade Gate,Yumen,,,,,,,,,,,,,,
棗,zǎo,jujube,,,,,,,,,,,,,,,
蒲桃,pú táo,grape,,,,,,,,,,,,,,,
酒,jiǔ,wine,alcohol,liquor,,,,,,,,,,,,,
肴物,yáo wù,sacrificial meat,,,,,,,,,,,,,,,
陛,bì,step,,,,,,,,,,,,,,,
端門,duān mén,Duan Gate,,,,,,,,,,,,,,,
唱,chàng,watch,,,,,,,,,,,,,,,
西南,xī nán,southwest,,,,,,,,,,,,,,,
白雲,bái yún,white cloud,,,,,,,,,,,,,,,
宫庭,gōng tíng,courtyard,,,,,,,,,,,,,,,
簫,xiāo,flute,xiao,pipe,,,,,,,,,,,,,
鼓,gǔ,drum,,,,,,,,,,,,,,,
食頃,shí qǐng,moment,,,,,,,,,,,,,,,
鳥,niǎo,bird,,,,,,,,,,,,,,,
虎,hǔ,tiger,,,,,,,,,,,,,,,
獅子,shī zi,lion,,,,,,,,,,,,,,,
白虎,bái hǔ,white tiger,,,,,,,,,,,,,,,
白麐,bái lín,white kirin,,,,,,,,,,,,,,,
白鶴,bái hè,white crane,,,,,,,,,,,,,,,
羣仙,qún xiān,transcendent,,,,,,,,,,,,,,,
庭宇,tíng yǔ,palace hall,courtyard,,,,,,,,,,,,,,
紫雲,zǐ yún,purple cloud,,,,,,,,,,,,,,,
輦,niǎn,palanquin,carriage,,,,,,,,,,,,,,
九色,jiǔ sè,nine hue,nine color,,,,,,,,,,,,,,
鸞輿,luán yú,imperial chariot,,,,,,,,,,,,,,,
綵毛,cǎi máo,multicolored feather,,,,,,,,,,,,,,,
金剛靈璽,jīn gāng líng xǐ,numinous diamond seal,,,,,,,,,,,,,,,
天策,tiān cè,heavenly bamboo slip,,,,,,,,,,,,,,,
青綾,qīng líng,azure twill,azure figured fine silk,,,,,,,,,,,,,,
袿,guī,gown,,,,,,,,,,,,,,,
眸,móu,glance,clairvoyant,,,,,,,,,,,,,,
神姿,shén zī,divine body,,,,,,,,,,,,,,,
美人,měi rén,beautiful woman,,,,,,,,,,,,,,,
黃錦,huáng jǐn,yellow brocade,,,,,,,,,,,,,,,
袷䙱,jiá qú,lined overcoat,,,,,,,,,,,,,,,
文采,wén cǎi,design,,,,,,,,,,,,,,,
靈飛,líng fēi,Lingfei,Twelve Texts,Numinous Flight,,,,,,,,,,,,,
大綬,dà shòu,ribbon,,,,,,,,,,,,,,,
腰分頭之劍,yāo fèn tóu zhī jiàn,head-severing sword,,,,,,,,,,,,,,,
華結,huá jié,flower blossom,,,,,,,,,,,,,,,
太眞晨嬰之冠,tài zhēn chén yīng zhī guān,Dawn Infant of Grand Perfection crown,,,,,,,,,,,,,,,
玄璚,xuán qióng,dark curved nephrite,,,,,,,,,,,,,,,
鳳文,fèng wén,phoenix,phoenix writ,,,,,,,,,,,,,,
舄,xì,shoe,,,,,,,,,,,,,,,
天姿,tiān zī,celestial beauty,heavenly beauty,,,,,,,,,,,,,,
雲顔,yún yán,cloud-like countenance,,,,,,,,,,,,,,,
眞靈人,zhēn líng rén,numinous being,,,,,,,,,,,,,,,
牀,chuáng,platform,dais,,,,,,,,,,,,,,
膳,shàn,feast,,,,,,,,,,,,,,,
肴,yáo,dish,,,,,,,,,,,,,,,
百果,bǎi guǒ,hundred kinds of fragrant fruit,,,,,,,,,,,,,,,
紫芝,zǐ zhī,purple mushroom,,,,,,,,,,,,,,,
萎蕤,wěi ruí,Solomon’s seal,polygonum,,,,,,,,,,,,,,
清香,qīng xiāng,fragrant wine,,,,,,,,,,,,,,,
桃,táo,peach,,,,,,,,,,,,,,,
鎜,pán,tray,,,,,,,,,,,,,,,
枚,méi,(measure word for peach),,,,,,,,,,,,,,,
鴨子,yā zi,duck,,,,,,,,,,,,,,,
核,hé,pit,,,,,,,,,,,,,,,
三千歲,sān qiān suì,three thousand years,,,,,,,,,,,,,,,
中夏,zhōng xià,earth,,,,,,,,,,,,,,,
酒觴,jiǔ shāng,toast,,,,,,,,,,,,,,,
八琅,bā láng,eight gems,,,,,,,,,,,,,,,
璈,áo,jade zither,chime-stone,cloud jade,,,,,,,,,,,,,
雲龢,yún hé,Mt. Yunhe,,,,,,,,,,,,,,,
笙,shēng,reed-organ,,,,,,,,,,,,,,,
昆庭,kūn tíng,Mt. Kunlun halls,,,,,,,,,,,,,,,
鐘,zhōng,bell,,,,,,,,,,,,,,,
震靈,zhèn líng,shake the spirits,,,,,,,,,,,,,,,
簧,huáng,bell,,,,,,,,,,,,,,,
五靈,wǔ líng,Five Numina,Wuling,,,,,,,,,,,,,,
石,shí,stone,,,,,,,,,,,,,,,
洞庭,dòng tíng,Dongting Lake,grotto-hall,,,,,,,,,,,,,,
磬,qìng,chime-stone,,,,,,,,,,,,,,,
鈞,jūn,melody,,,,,,,,,,,,,,,
曲,qǔ,melody,,,,,,,,,,,,,,,
大象,dà xiàng,Great Image,,,,,,,,,,,,,,,
靈輿,líng yú,numinous chassis,numinous carriage,,,,,,,,,,,,,,
下土,xià tǔ,lowly world,lower realm,,,,,,,,,,,,,,
玄音,xuán yīn,mysterious tone,,,,,,,,,,,,,,,
頤神,yí shén,spirit,nourishing the spirit,,,,,,,,,,,,,,
三田,sān tián,Three Cinnabar Fields,,,,,,,,,,,,,,,
納精,nà jīng,drawing your essence,,,,,,,,,,,,,,,
六闕,liù què,Six Gatetowers,,,,,,,,,,,,,,,
萬龍,wàn lóng,myriad dragons,,,,,,,,,,,,,,,
九野,jiǔ yě,Nine Wilds,,,,,,,,,,,,,,,
玄圃,xuán pǔ,Mysterious Bower,,,,,,,,,,,,,,,
北臺,běi tái,Northern Terrace,,,,,,,,,,,,,,,
五城,wǔ chéng,Five City,,,,,,,,,,,,,,,
嵯峨,cuó é,towering peak,,,,,,,,,,,,,,,
無涯津,wú yá jīn,river with no other shore,,,,,,,,,,,,,,,
織女河,zhī nǚ hé,Weaver Maiden’s River,,,,,,,,,,,,,,,
絳庭,jiàng tíng,Scarlet Court,,,,,,,,,,,,,,,
月窟,yuè kū,lunar cave,,,,,,,,,,,,,,,
八落,bā luò,Eight Direction,,,,,,,,,,,,,,,
九雲,jiǔ yún,Nine Cloud,,,,,,,,,,,,,,,
衆女,zhòng nǚ,jade maiden,,,,,,,,,,,,,,,
中和,zhōng hé,Central Harmony,,,,,,,,,,,,,,,
玄雲,xuán yún,dark cloud,mysterious cloud,,,,,,,,,,,,,,
眞音,zhēn yīn,tone,,,,,,,,,,,,,,,
質,zhì,basic substance,birth,,,,,,,,,,,,,,
才,cái,ability,person,talent,,,,,,,,,,,,,
俗,sú,custom,,,,,,,,,,,,,,,
禪,shàn,abdication,,,,,,,,,,,,,,,
政事,zhèng shì,affair of governance,,,,,,,,,,,,,,,
兆民,zhào mín,commoner,,,,,,,,,,,,,,,
風雨,fēng yǔ,rain,season,wind,,,,,,,,,,,,,
五穀,wǔ gǔ,five grain,Five Grains,,,,,,,,,,,,,,
德澤,dé zé,charitable,virtuous,,,,,,,,,,,,,,
寇盜,kòu dào,thief,robber,,,,,,,,,,,,,,
黔首,qián shǒu,commoner,,,,,,,,,,,,,,,
户/戸口,hù kǒu,population,,,,,,,,,,,,,,,
主,zhǔ,ruler,lord,master,,,,,,,,,,,,,
禄,lù,position,,,,,,,,,,,,,,,
榮,róng,honor,glory,,,,,,,,,,,,,,
山林,shān lín,forest,mountain forest,,,,,,,,,,,,,,
歲月,suì yuè,year,months,,,,,,,,,,,,,,
天顔,tiān yán,heavenly face,,,,,,,,,,,,,,,
宿命,sù mìng,karmic deed,,,,,,,,,,,,,,,
卑,bēi,humble,,,,,,,,,,,,,,,
虚,xū,void,Void,,,,,,,,,,,,,,
體,tǐ,body,,,,,,,,,,,,,,,
慾,yù,passion,,,,,,,,,,,,,,,
淫亂,yín luàn,licentiousness,,,,,,,,,,,,,,,
殺伐,shā fá,military campaign,murderous campaign,execution,,,,,,,,,,,,,
非法,fēi fǎ,unjust,,,,,,,,,,,,,,,
奢侈,shē chǐ,squander,,,,,,,,,,,,,,,
三尸,sān shī,three corpse,three corpses,Three Corpses,,,,,,,,,,,,,
材,cái,board,,,,,,,,,,,,,,,
害,hài,harming others,calamity,blade,,,,,,,,,,,,,
亂,luàn,rebellion,wild,disorder,,,,,,,,,,,,,
蕩,dàng,cast away,,,,,,,,,,,,,,,
衆生,zhòng shēng,sentient being,,,,,,,,,,,,,,,
神炁,shén qì,divine qi,bodily spirits,,,,,,,,,,,,,,
絳府,jiàng fǔ,Scarlet Repository,,,,,,,,,,,,,,,
淫宫,yín gōng,palace of licentiousness,,,,,,,,,,,,,,,
開悟,kāi wù,enlightenment,,,,,,,,,,,,,,,
靜奢侈,jìng shē chǐ,calm excess,,,,,,,,,,,,,,,
寂室,jì shì,quiet chamber,secluded chamber,,,,,,,,,,,,,,
道戒,dào jiè,Daoist precept,,,,,,,,,,,,,,,
靈味,líng wèi,numinous delight,,,,,,,,,,,,,,,
惠和,huì hé,gentleness,mercy,,,,,,,,,,,,,,
精氣,jīng qì,refined qi,,,,,,,,,,,,,,,
浮麗,fú lì,ways of the world,,,,,,,,,,,,,,,
百競,bǎi jìng,hundred rivalry,,,,,,,,,,,,,,,
聖戒,shèng jiè,sacred precept,,,,,,,,,,,,,,,
養身,yǎng shēn,nourish oneself,bodily cultivation,,,,,,,,,,,,,,
玉石,yù shí,rock,jade,,,,,,,,,,,,,,
恒,héng,always,,,,,,,,,,,,,,,
四時,sì shí,four season,four seasons,,,,,,,,,,,,,,
出入,chū rù,all matters,movement of qi,,,,,,,,,,,,,,
呼吸,hū xī,breathe,breathing,breath,,,,,,,,,,,,,
形神,xíng shén,spirit,body,,,,,,,,,,,,,,
魄,pò,white-soul,,,,,,,,,,,,,,,
道書,dào shū,book on the Dao,,,,,,,,,,,,,,,
施業,shī yè,technique,,,,,,,,,,,,,,,
精神,jīng shén,spirit,vital spirit,,,,,,,,,,,,,,
明堂,míng táng,Bright Hall,,,,,,,,,,,,,,,
服御,fú yù,sexual practice,,,,,,,,,,,,,,,
行尸,xíng shī,walking corpse,,,,,,,,,,,,,,,
聖誥,shèng gào,divine pronouncement,,,,,,,,,,,,,,,
麗天,lì tiān,glorious heavens,,,,,,,,,,,,,,,
先師,xiān shī,former teacher,former master,,,,,,,,,,,,,,
元始天王,yuán shǐ tiān wáng,Celestial King of Primordial Commencement,,,,,,,,,,,,,,,
閒居,xián jū,spare time,,,,,,,,,,,,,,,
藂霄,cóng xiāo,clustered clouds,,,,,,,,,,,,,,,
臺,tái,terrace,,,,,,,,,,,,,,,
侍者,shì zhě,attendance,,,,,,,,,,,,,,,
天皇,tiān huáng,Heavenly Sovereign,celestial sovereign,Celestial Sovereign,,,,,,,,,,,,,
榑桑大帝君,fú sāng dà dì jūn,Great Imperial Lord of Fusang,,,,,,,,,,,,,,,
衆神仙官,zhòng shén xiān guān,various divine transcendent officials,,,,,,,,,,,,,,,
丹房,dān fáng,cinnabar chamber,elixir chamber,,,,,,,,,,,,,,
玄微,xuán wēi,arcane and subtle,mysterious and subtle,,,,,,,,,,,,,,
避席,bì xí,get up from seat,,,,,,,,,,,,,,,
長生之術,cháng shēng zhī shù,arts of longevity,,,,,,,,,,,,,,,
天人,tiān rén,heavenly being,heavens and people,celestial being,,,,,,,,,,,,,
玄觀,xuán guān,sublime insight,Mysterious Belvedere,,,,,,,,,,,,,,
奇祕,qí mì,marvelous secret,,,,,,,,,,,,,,,
醜,chǒu,wretch,,,,,,,,,,,,,,,
賤生,jiàn shēng,lowlife,,,,,,,,,,,,,,,
枯骨,kū gǔ,dried bone,dry bone,,,,,,,,,,,,,,
鳳,fèng,phoenix,,,,,,,,,,,,,,,
朝花,zhāo huā,flower that blooms and dies in one morning,,,,,,,,,,,,,,,
晦朔,huì shuò,month,,,,,,,,,,,,,,,
遠流,yuǎn liú,drifting distantly across the Milky Way,,,,,,,,,,,,,,,
塗路,tú lù,road,,,,,,,,,,,,,,,
夫,fū,man,husband,,,,,,,,,,,,,,
世俗,shì sú,vulgar man,vulgar,world,,,,,,,,,,,,,
大夢,dà mèng,fleeting dream,,,,,,,,,,,,,,,
天王,tiān wáng,King of Heaven,Celestial King,,,,,,,,,,,,,,
三一,sān yī,Three One,Three Ones,,,,,,,,,,,,,,
旅族,lǚ zú,body god,,,,,,,,,,,,,,,
金瑛,jīn yīng,golden luster,,,,,,,,,,,,,,,
廣山,guǎng shān,Mt. Fuguang,Mt. Guang,,,,,,,,,,,,,,
黄木,huáng mù),黃木,Yellowwood,,,,,,,,,,,,,,
昌城,chāng chéng,Chang City,,,,,,,,,,,,,,,
玉蘂,yù ruǐ,jade stamen,,,,,,,,,,,,,,,
夜山,yè shān,Mt. Ye,,,,,,,,,,,,,,,
火玉,huǒ yù,fire jade,,,,,,,,,,,,,,,
鳳林,fèng lín,Feng Grove,,,,,,,,,,,,,,,
酢,cù,vinegar,,,,,,,,,,,,,,,
西瑤,xī yáo,Xiyao Lake,,,,,,,,,,,,,,,
瓊酒,qióng jiǔ,rose-gem wine,,,,,,,,,,,,,,,
中華,zhōng huá,Zhonghua,,,,,,,,,,,,,,,
紫蜜,zǐ mì,purple honey,,,,,,,,,,,,,,,
北陵,běi líng,northern upland,,,,,,,,,,,,,,,
緑阜,lǜ fù,green abundance,,,,,,,,,,,,,,,
風實,fēng shí,windy grain,,,,,,,,,,,,,,,
雲子,yún zǐ,Deng Yunzi,cloudy seed,,,,,,,,,,,,,,
玉津,yù jīn,Jade Spittle,,,,,,,,,,,,,,,
金漿,jīn jiāng,Golden Nectar,,,,,,,,,,,,,,,
月精,yuè jīng,lunar essence,,,,,,,,,,,,,,,
碧海,bì hǎi,Bi Sea,cyan sea,,,,,,,,,,,,,,
琅菜,láng cài,gem herb,,,,,,,,,,,,,,,
蓬萊,péng lái,Penglai Isle,Penglai Island,,,,,,,,,,,,,,
文醜,wén chǒu,refined blotch,,,,,,,,,,,,,,,
濁河,zhuó hé,muddy river,,,,,,,,,,,,,,,
七榮,qī róng,seven flower,,,,,,,,,,,,,,,
動山,dòng shān,move mountain,,,,,,,,,,,,,,,
高柳,gāo liǔ,towering willow,,,,,,,,,,,,,,,
綺華,qǐ huá,blossom,,,,,,,,,,,,,,,
雲山,yún shān,Mt. Yun,,,,,,,,,,,,,,,
朱蜜,zhū mì,vermillion honey,,,,,,,,,,,,,,,
夜河,yè hé,Ye River,,,,,,,,,,,,,,,
天骨,tiān gǔ,heavenly bone,,,,,,,,,,,,,,,
昆吾,kūn wú,Kunwu,,,,,,,,,,,,,,,
漆沫,qī mò,lacquer drop,,,,,,,,,,,,,,,
靈瓜,líng guā,numinous melon,divine calabash,,,,,,,,,,,,,,
劫,jié,era,kalpa,cataclysmic cycle,,,,,,,,,,,,,
實,shí,body,seed,substance,,,,,,,,,,,,,
宜陵,yí líng,Mellow Knoll,,,,,,,,,,,,,,,
麟膽,lín dǎn,bile of kirin,,,,,,,,,,,,,,,
炎山,yán shān,Mt. Yan,,,,,,,,,,,,,,,
夜日,yè rì,night sun,,,,,,,,,,,,,,,
扶桑,fú sāng,tree of Fusang,Fusang,,,,,,,,,,,,,,
丹椹,dān shèn,cinnabar mulberry,,,,,,,,,,,,,,,
長河,cháng hé,Chang River,,,,,,,,,,,,,,,
文藻,wén zǎo,wrack,,,,,,,,,,,,,,,
素虬,sù qiú,white qiu-dragon,,,,,,,,,,,,,,,
鳳腦,fèng nǎo,phoenix brain,,,,,,,,,,,,,,,
虹芝,hóng zhī,rainbow mushroom,,,,,,,,,,,,,,,
天漠,tiān mò,Milky Way,,,,,,,,,,,,,,,
巨草,jù cǎo,giant herb,,,,,,,,,,,,,,,
南宫,nán gōng,Southern Palace,,,,,,,,,,,,,,,
火碧,huǒ bì,blazing jade,,,,,,,,,,,,,,,
西鄕,xī xiāng,western region,,,,,,,,,,,,,,,
扶老,fú lǎo,staff of bamboo,,,,,,,,,,,,,,,
三梁,sān liáng,three brim,three-brim,,,,,,,,,,,,,,
龍華,lóng huá,unseen numina,dragon blossom crown,,,,,,,,,,,,,,
後天,hòu tiān,latter heaven,,,,,,,,,,,,,,,
八光,bā guāng,eight lights,Eight Lights,,,,,,,,,,,,,,
太和,tài hé,Grand Harmony,grand harmony,,,,,,,,,,,,,,
斑龍,bān lóng,mottled dragon,spotted dragon,,,,,,,,,,,,,,
黑胎,hēi tāi,black embryo,,,,,,,,,,,,,,,
文虎,wén hǔ,striped tiger,,,,,,,,,,,,,,,
白沫,bái mò,white saliva,,,,,,,,,,,,,,,
西丘,xī qiū,Xi Hills,,,,,,,,,,,,,,,
飛節,fēi jié,flying stave,,,,,,,,,,,,,,,
連珠,lián zhū,threaded pearl,,,,,,,,,,,,,,,
雲漿,yún jiāng,cloud liquor,cloudy nectar,,,,,,,,,,,,,,
玉酒,yù jiǔ,jade liquor,jade wine,,,,,,,,,,,,,,
瓊腴,qióng yú,rose-gem paste,,,,,,,,,,,,,,,
鐘山,zhōng shān,Mt. Zhong,,,,,,,,,,,,,,,
白膠,bái jiāo,white resin,,,,,,,,,,,,,,,
玉屋,yù wū,jade chamber,,,,,,,,,,,,,,,
青敷,qīng fū,azure leaf,,,,,,,,,,,,,,,
閬風,làng fēng,Mt. Langfeng,Lofty Winds,,,,,,,,,,,,,,
石髓,shí suǐ,stalactite,,,,,,,,,,,,,,,
黑河,hēi hé,Hei River,,,,,,,,,,,,,,,
珊瑚,shān hú,coral,,,,,,,,,,,,,,,
蒙山,méng shān,Dodder Mountain,Mengshan,,,,,,,,,,,,,,
白鳳,bái fèng,white phoenix,,,,,,,,,,,,,,,
肺,fèi,lung,,,,,,,,,,,,,,,
靈丘,líng qiū,Numinous Hill,numinous hill,,,,,,,,,,,,,,
蒼鸞,cāng luán,azure simurgh,,,,,,,,,,,,,,,
血,xuè,blood,,,,,,,,,,,,,,,
東英,dōng yīng,Eastern Blossom,,,,,,,,,,,,,,,
朱菜,zhū cài,vermilion herb,,,,,,,,,,,,,,,
九節,jiǔ jié,Nine Node,,,,,,,,,,,,,,,
交結,jiāo jié,link,,,,,,,,,,,,,,,
太微,tài wēi,Grand Tenuity,,,,,,,,,,,,,,,
嘉禾,jiā hé,fine grain,,,,,,,,,,,,,,,
瓊華,qióng huá,rose-gem flower,,,,,,,,,,,,,,,
腦實,nǎo shí,brainy seed,,,,,,,,,,,,,,,
流淵,liú yuān,swirling abyss,,,,,,,,,,,,,,,
鯨眼,jīng yǎn,whale eye,,,,,,,,,,,,,,,
赤河,chì hé,Red River,,,,,,,,,,,,,,,
絳璧,jiàng bì,scarlet jade disk,,,,,,,,,,,,,,,
北汲,běi jí,drawn from the north,,,,,,,,,,,,,,,
酪,lào,fermented milk,,,,,,,,,,,,,,,
中握,zhōng wò,grasped in the center,,,,,,,,,,,,,,,
二儀,èr yí,Two Principle,Two Mechanisms,,,,,,,,,,,,,,
脉,mài,artery,,,,,,,,,,,,,,,
雲瀆,yún dú,river of cloud,,,,,,,,,,,,,,,
藂艾,cóng ài,tuft of artemisia,,,,,,,,,,,,,,,
昆丘,kūn qiū,Kun Hill,,,,,,,,,,,,,,,
神雀,shén què,divine sparrow,,,,,,,,,,,,,,,
廣夜,guǎng yè,vast night,,,,,,,,,,,,,,,
芝草,zhī cǎo,numinous mushroom,mushroom,,,,,,,,,,,,,,
青狄,qīng dí,azure grain,,,,,,,,,,,,,,,
眞陵,zhēn líng,Mt. Zhenling,,,,,,,,,,,,,,,
雷精,léi jīng,thundering essence,,,,,,,,,,,,,,,
平盖,píng gài,flattened canopy,,,,,,,,,,,,,,,
左食,zuǒ shí,consumed on the left,,,,,,,,,,,,,,,
神元,shén yuán,essence of the divine primordial,,,,,,,,,,,,,,,
右閬,yòu làng,drunk on the right,,,,,,,,,,,,,,,
玄瀨,xuán lài,mystic rapid,,,,,,,,,,,,,,,
屈蘭圓,qū lán yuán,orchid garden,,,,,,,,,,,,,,,
金精,jīn jīng,metallic essences,metal essence,golden essence,,,,,,,,,,,,,
圓丘,yuán qiū,Round Hill,,,,,,,,,,,,,,,
紫奈,zǐ nài,purple plum,,,,,,,,,,,,,,,
鸞水,luán shuǐ,phoenix water,,,,,,,,,,,,,,,
靈蛤,líng gé,numinous oyster,,,,,,,,,,,,,,,
八陔,bā gāi,Eight Region,,,,,,,,,,,,,,,
赤薤,chì xiè,red scallop,,,,,,,,,,,,,,,
萬載,wàn zǎi,ten thousand year,,,,,,,,,,,,,,,
一生,yī shēng,born once,,,,,,,,,,,,,,,
九隊,jiǔ duì,nine division,,,,,,,,,,,,,,,
食,shí,consume,,,,,,,,,,,,,,,
下仙,xià xiān,lesser transcendent,lower transcendent,,,,,,,,,,,,,,
九丹,jiǔ dān,Nine Tripods,Ninefold Elixir,,,,,,,,,,,,,,
金液,jīn yè,golden liquor,golden fluid,Golden Liquor,,,,,,,,,,,,,
紫華,zǐ huā,purple flower,,,,,,,,,,,,,,,
紅英,hóng yīng,red blossom,,,,,,,,,,,,,,,
九轉,jiǔ zhuǎn,Nine Cycles,nine-cycle,Nine Transformation,,,,,,,,,,,,,
五雲,wǔ yún,five-colored-cloud,Five Clouds,,,,,,,,,,,,,,
漿,jiāng,brew,,,,,,,,,,,,,,,
玄霜,xuán shuāng,dark frost,,,,,,,,,,,,,,,
絳雪,jiàng xuě,crimson snow,,,,,,,,,,,,,,,
三黄,sān huáng,Three Yellow,,,,,,,,,,,,,,,
東瀛,dōng yíng,Yingzhou of the east,,,,,,,,,,,,,,,
白香,bái xiāng,white incense,,,,,,,,,,,,,,,
炎洲,yán zhōu,Yanzhou,,,,,,,,,,,,,,,
飛生,fēi shēng,flying being,Feisheng,,,,,,,,,,,,,,
八石,bā shí,Eight Stones,eight mineral,,,,,,,,,,,,,,
十芝,shí zhī,ten mushroom,,,,,,,,,,,,,,,
石膽,shí dǎn,petrified gall,,,,,,,,,,,,,,,
西流,xī liú,Western Currents,,,,,,,,,,,,,,,
威僖,wēi xī,Formidable Joy,,,,,,,,,,,,,,,
青錢,qīng qián,azure coin,,,,,,,,,,,,,,,
東滄,dōng cāng,Blue-Green Seas of the east,,,,,,,,,,,,,,,
高丘,gāo qiū,High Hill,,,,,,,,,,,,,,,
餘糧,yú liáng,surplus of ration,,,,,,,,,,,,,,,
瓊田,qióng tián,rose-gem field,,,,,,,,,,,,,,,
精石,jīng shí,stone,,,,,,,,,,,,,,,
太虚,tài xū,Grand Void,Grand Vacuity,,,,,,,,,,,,,,
還丹,huán dān,Reverted Elixir,recycled elixir,,,,,,,,,,,,,,
盛次,shèng cì,Splendid Place,,,,,,,,,,,,,,,
金蘭,jīn lán,golden orchid,,,,,,,,,,,,,,,
長光,cháng guāng,Everlasting Radiance,,,,,,,,,,,,,,,
緑草,lǜ cǎo,green grass,,,,,,,,,,,,,,,
雲童,yún tóng,cloudy lad,,,,,,,,,,,,,,,
飛干,fēi gān,flying buckler,,,,,,,,,,,,,,,
白日,bái rì,daytime,broad daylight,,,,,,,,,,,,,,
升天,shēng tiān,ascend to the heavens,,,,,,,,,,,,,,,
松,sōng,pine,,,,,,,,,,,,,,,
栢,bǎi,cypress,,,,,,,,,,,,,,,
膏,gāo,sap,,,,,,,,,,,,,,,
山薑,shān jiāng,mountain ginger,,,,,,,,,,,,,,,
沈精,chén jīng,immersed essence,,,,,,,,,,,,,,,
芻草,chú cǎo,cut hay,,,,,,,,,,,,,,,
澤瀉,zé xiè,alisma,,,,,,,,,,,,,,,
枸𣏌,gǒu qǐ,wolfberry,,,,,,,,,,,,,,,
茯苓,fú líng,poria,,,,,,,,,,,,,,,
菖蒲,chāng pú,calamus,,,,,,,,,,,,,,,
門冬,mén dōng,mondo grass,,,,,,,,,,,,,,,
巨勝,jù shèng,sesame,,,,,,,,,,,,,,,
黄/黃菁,huáng jīng,yellow bamboo,,,,,,,,,,,,,,,
雲飛,yún fēi,cloudy flight,,,,,,,,,,,,,,,
赤版,chì bǎn,gastrodia,,,,,,,,,,,,,,,
桃膠,táo jiāo,peach sap,,,,,,,,,,,,,,,
朱英,zhū yīng,vermilion blossom,,,,,,,,,,,,,,,
椒,jiāo,peppercorn,,,,,,,,,,,,,,,
麻,má,teasel,,,,,,,,,,,,,,,
續斷,xù duàn,Solomon’s seal,,,,,,,,,,,,,,,
黄/黃連,huáng lián,goldthread,,,,,,,,,,,,,,,
靈藥,líng yào,numinous medicine,numinous drug,,,,,,,,,,,,,,
童顔,tóng yán,complexion of a child,,,,,,,,,,,,,,,
羣鬼,qún guǐ,demon,,,,,,,,,,,,,,,
青天,qīng tiān,azure heaven,,,,,,,,,,,,,,,
光澤,guāng zé,lustrous glow,,,,,,,,,,,,,,,
眞仙,zhēn xiān,transcendent being,perfected,,,,,,,,,,,,,,
六炁,liù qì,Six Qi,six qi,,,,,,,,,,,,,,
一身,yī shēn,entire body,,,,,,,,,,,,,,,
阿庭,ā tíng,Talus Court,,,,,,,,,,,,,,,
和,hé,harmonize,dissolve,harmony,,,,,,,,,,,,,
藥物,yào wù,medicine,drug,,,,,,,,,,,,,,
百姓,bǎi xìng,commoner,common people,common folk,,,,,,,,,,,,,
十天,shí tiān,ten heaven,ten heavens,,,,,,,,,,,,,,
八外,bā wài,eight ends of the earth,,,,,,,,,,,,,,,
四域,sì yù,four continents,,,,,,,,,,,,,,,
衆靈,zhòng líng,various spirits,various numina,,,,,,,,,,,,,,
益,yì,abundance,,,,,,,,,,,,,,,
易,yì,Guidance,change,,,,,,,,,,,,,,
上仙籍,shàng xiān jí,transcendent register,Transcendent Register,,,,,,,,,,,,,,
死厄,sǐ è,misfortune,,,,,,,,,,,,,,,
寳,bǎo,essence,treasure,,,,,,,,,,,,,,
握固,wò gù,firm grip,,,,,,,,,,,,,,,
閉,bì,refrain,obstruct,keep in,,,,,,,,,,,,,
吞液,tūn yè,swallowing saliva,,,,,,,,,,,,,,,
宍,ròu,overweight,flesh,,,,,,,,,,,,,,
髓,suǐ,marrow,,,,,,,,,,,,,,,
筋,jīn,tendon,,,,,,,,,,,,,,,
骨,gǔ,osseous,bone,,,,,,,,,,,,,,
髮,fà,hair,,,,,,,,,,,,,,,
神精,shén jīng,divine essence,,,,,,,,,,,,,,,
口,kǒu,gossip,mouth,,,,,,,,,,,,,,
甘香,gān xiāng,sweet,aromatic taste,,,,,,,,,,,,,,
靈芝,líng zhī,numinous mushroom,,,,,,,,,,,,,,,
味,wèi,lust,flavor,,,,,,,,,,,,,,
水,shuǐ,water,waters,,,,,,,,,,,,,,
微言,wēi yán,subtle word,moral character,,,,,,,,,,,,,,
笈,jí,bookbag,,,,,,,,,,,,,,,
靈官,líng guān,numinous officer,numinous official,,,,,,,,,,,,,,
上元夫人,Shàng yuán fū rén,Lady of the Upper Prime,,,,,,,,,,,,,,,
劉徹,Liú chè,Liu Che,,,,,,,,,,,,,,,
腦,nǎo,brain,,,,,,,,,,,,,,,
五藏,wǔ zàng,five viscera,,,,,,,,,,,,,,,
胃,wèi,stomach,,,,,,,,,,,,,,,
瞳子,tóng zǐ,pupil,,,,,,,,,,,,,,,
玄白,xuán bái,black and white meditation,,,,,,,,,,,,,,,
人間,rén jiān,human world,men,city,,,,,,,,,,,,,
庸主,yōng zhǔ,mediocre ruler,,,,,,,,,,,,,,,
須臾,xū yú,before long,,,,,,,,,,,,,,,
阿環,Ā huán,Ahuan,,,,,,,,,,,,,,,
絳河,jiàng hé,Scarlet River,Crimson River,,,,,,,,,,,,,,
官事,guān shì,official duty,,,,,,,,,,,,,,,
五千年,wǔ qiān nián,five thousand year,,,,,,,,,,,,,,,
光潤,guāng rùn,lustrous glow,,,,,,,,,,,,,,,
密香,mì xiāng,Mixiang,,,,,,,,,,,,,,,
大帝君,dà dì jūn,great imperial lord,,,,,,,,,,,,,,,
玄洲,xuán zhōu,Mysterious Continent,Mystic Continent,,,,,,,,,,,,,,
天元,tiān yuán,primal [qi] of the heavens,heavenly origin calendar,Heavenly Prime,,,,,,,,,,,,,
上元,shàng yuán,upper prime,Upper Prime,,,,,,,,,,,,,,
夫人,fū rén,Five Ladies,Lady Wei,Lady,,,,,,,,,,,,,
名録,míng lù,register of names,,,,,,,,,,,,,,,
二時,èr shí,two hour,,,,,,,,,,,,,,,
雲,yún,zeal,cloud,,,,,,,,,,,,,,
從官,cóng guān,aide,,,,,,,,,,,,,,,
武,wǔ,military,,,,,,,,,,,,,,,
光彩,guāng cǎi,brilliant pattern,,,,,,,,,,,,,,,
靈眸,líng móu,numinous eye,,,,,,,,,,,,,,,
赤霜袍,chì shuāng páo,red frost robe,,,,,,,,,,,,,,,
雲彩,yún cǎi,cloud,,,,,,,,,,,,,,,
頭,tóu,head,,,,,,,,,,,,,,,
三角髻,sān jiǎo jì,triangular chignon,,,,,,,,,,,,,,,
腰,yāo,sash,waist,,,,,,,,,,,,,,
九靈夜光冠,jiǔ líng yè guāng guān,Nocturnal Light of the Nine Numina crown,,,,,,,,,,,,,,,
六出火玉珮,liù chū huǒ yù pèi,pendant of six-pointed snowflake made of fire jade,,,,,,,,,,,,,,,
鳳文琳華綬,fèng wén lín huá shòu,ribbon of phoenix pattern and glistening flower,,,,,,,,,,,,,,,
流黃揮精劍,liú huáng huī jīng jiàn,Dispersing Spirits with Brimstone sword,,,,,,,,,,,,,,,
厨,chú,feast,,,,,,,,,,,,,,,
精珍,jīng zhēn,delicacy,,,,,,,,,,,,,,,
眞元,zhēn yuán,Perfected Prime,,,,,,,,,,,,,,,
母,mǔ,Mother,,,,,,,,,,,,,,,
五濁,wǔ zhuó,Five Defilements,,,,,,,,,,,,,,,
利,lì,wealth,,,,,,,,,,,,,,,
色,sè,imperial color,sex,color,,,,,,,,,,,,,
天子,tiān zǐ,heavenly intellect,emperor,,,,,,,,,,,,,,
華麗,huá lì,beauty,,,,,,,,,,,,,,,
墟,xū,ruin,,,,,,,,,,,,,,,
無爲,wú wéi,nonaction,,,,,,,,,,,,,,,
方士,fāng shì,master of esoterica,,,,,,,,,,,,,,,
靈神,líng shén,numinous spirit,,,,,,,,,,,,,,,
河川,hé chuān,river god,,,,,,,,,,,,,,,
胎性,tāi xìng,from birth,,,,,,,,,,,,,,,
榮衛,róng wèi,body’s qi and blood,,,,,,,,,,,,,,,
暴,bào,violent,violence,cruel,,,,,,,,,,,,,
攻,gōng,attack,,,,,,,,,,,,,,,
擾,rǎo,bewilder,,,,,,,,,,,,,,,
竭,jié,exhaust,harden,,,,,,,,,,,,,,
漏,lòu,leak out,,,,,,,,,,,,,,,
䰟/魂,hún,cloud-soul,,,,,,,,,,,,,,,
疲,pí,tire,,,,,,,,,,,,,,,
銷,xiāo,deplete,,,,,,,,,,,,,,,
奢,shē,licentious,indulgent lifestyle,indulgence,,,,,,,,,,,,,
離,lí,depart,,,,,,,,,,,,,,,
本,běn,foundation,,,,,,,,,,,,,,,
臰,chòu,spoil,,,,,,,,,,,,,,,
酷,kù,cruelty,cruel,,,,,,,,,,,,,,
喪,sàng,lose,abandon,,,,,,,,,,,,,,
仁,rén,humaneness,loyalty,humane act,,,,,,,,,,,,,
自,zì,oneself,self,,,,,,,,,,,,,,
賊,zéi,villainy,harming others,,,,,,,,,,,,,,
鬭/鬪,dòu,discord,,,,,,,,,,,,,,,
乾,gān,parch,masculine,,,,,,,,,,,,,,
内戰,nèi zhàn,conflict within,,,,,,,,,,,,,,,
外絶,wài jué,cut off from others,,,,,,,,,,,,,,,
刀鋸,dāo jù,saw,knife,,,,,,,,,,,,,,
刳,kū,chop off,,,,,,,,,,,,,,,
斧鉞,fǔ yuè,halberd,axe,,,,,,,,,,,,,,
五難,wǔ nán,Five Difficulties,,,,,,,,,,,,,,,
勞,láo,hard work,corvée labor,toil,,,,,,,,,,,,,
柔善,róu shàn,good,gentle,,,,,,,,,,,,,,
明,míng,inspect,shine,,,,,,,,,,,,,,
察,chá,subject,,,,,,,,,,,,,,,
慈,cí,reward,kindness,,,,,,,,,,,,,,
矜,jīn,pity,,,,,,,,,,,,,,,
怨,yuàn,oppressed,,,,,,,,,,,,,,,
惠,huì,benevolence,,,,,,,,,,,,,,,
窮,qióng,poor,,,,,,,,,,,,,,,
賑,zhèn,provide,,,,,,,,,,,,,,,
施,shī,granting,relief,bestow,,,,,,,,,,,,,
存,cún,care,actualize,visualize,,,,,,,,,,,,,
孤,gū,orphan,,,,,,,,,,,,,,,
惜,xī,give oneself,,,,,,,,,,,,,,,
及,jí,give oneself,,,,,,,,,,,,,,,
救,jiù,save,,,,,,,,,,,,,,,
厄,è,brink,,,,,,,,,,,,,,,
亘久,gèn jiǔ,always,,,,,,,,,,,,,,,
孜孜,zī zī,steadfast,enthusiasm,eagerness,,,,,,,,,,,,,
泄,xiè,divulge,leak,retain,,,,,,,,,,,,,
精液,jīng yè,seminal fluid,seminal essence,,,,,,,,,,,,,,
儉,jiǎn,frugal life,,,,,,,,,,,,,,,
飲食,yǐn shí,eat,drink,,,,,,,,,,,,,,
臰腥,chōu xīng,rancid flesh,,,,,,,,,,,,,,,
天鼓,tiān gǔ,heavenly drum,,,,,,,,,,,,,,,
玉漿,yù jiāng,jade liquor,fate,,,,,,,,,,,,,,
華池,huá chí,floriate pool,,,,,,,,,,,,,,,
金梁,jīn liáng,golden beam,,,,,,,,,,,,,,,
天尊,tiān zūn,Celestial Worthy,heavenly worthy,celestial worthy,,,,,,,,,,,,,
蟪蛄,huì gū,cicada,,,,,,,,,,,,,,,
霄虚,xiāo xū,celestial void,,,,,,,,,,,,,,,
孤鳥,gū niǎo,single bird,,,,,,,,,,,,,,,
俎,zǔ,sacrificial table,,,,,,,,,,,,,,,
妙唱,miào chàng,sublime song,,,,,,,,,,,,,,,
節度,jié dù,ritual measure,directive,rule,,,,,,,,,,,,,
昆闕,kūn què,gate tower of Mt. Kunlun,,,,,,,,,,,,,,,
仙官,xiān guān,transcendent official,transcendent officer,,,,,,,,,,,,,,
頑,wán,uncouth,,,,,,,,,,,,,,,
濁,zhuó,filthy,,,,,,,,,,,,,,,
墻,牆,wall,qiáng,,,,,,,,,,,,,,
死,sǐ,death,,,,,,,,,,,,,,,
令,lìng,directive,,,,,,,,,,,,,,,
範,fàn,model,,,,,,,,,,,,,,,
小醜,xiǎo chǒu,miserable,,,,,,,,,,,,,,,
哀,āi,Zhong,compassionate,,,,,,,,,,,,,,
護,hù,care,,,,,,,,,,,,,,,
元元,yuán yuán,commoner,goodwill,,,,,,,,,,,,,,
戒言,jiè yán,words,,,,,,,,,,,,,,,
餓虎,è hǔ,starving tiger,,,,,,,,,,,,,,,
一志,yī zhì,single purpose,,,,,,,,,,,,,,,
忠志,zhōng zhì,faithful intention,,,,,,,,,,,,,,,
尸解,shī jiě,simulated corpse,corpse deliverance,,,,,,,,,,,,,,
良師,liáng shī,good master,fine master,,,,,,,,,,,,,,
正志,zhèng zhì,sincere ambition,,,,,,,,,,,,,,,
閬宫,làng gōng,palace on Mt. Lang,,,,,,,,,,,,,,,
塵濁,chén zhuó,dusty and sullied world,,,,,,,,,,,,,,,
仙志,xiān zhì,ambition toward transcendence,,,,,,,,,,,,,,,
成丹,chéng dān,completed elixir,,,,,,,,,,,,,,,
石象策/散,shí xiàng cè/sǎn,petrified image powder,,,,,,,,,,,,,,,
匈奴,Xiōng nú,Xiongnu,,,,,,,,,,,,,,,
卒,zú,end,prisoner of war,,,,,,,,,,,,,,
金簡,jīn jiǎn,gold slip,golden slip,,,,,,,,,,,,,,
巾笈,jīn jí,bookbag,,,,,,,,,,,,,,,
卷子,juàn zi,fascicle,,,,,,,,,,,,,,,
小書,xiǎo shū,small book,,,,,,,,,,,,,,,
紫錦,zǐ jǐn,purple brocade,,,,,,,,,,,,,,,
囊,náng,pouch,,,,,,,,,,,,,,,
方,fāng,recipe,method,,,,,,,,,,,,,,
眞形圖,zhēn xíng tú,Charts of the True Forms,,,,,,,,,,,,,,,
青城,qīng chéng,Azure City Mountain,,,,,,,,,,,,,,,
禁,jìn,prohibition,,,,,,,,,,,,,,,
穢質,huì zhì,someone as bad as you,,,,,,,,,,,,,,,
靈光生經,líng guāng shēng jīng,Living Scripture of Numinous Radiance,,,,,,,,,,,,,,,
上皇,shàng huáng,Upper Monarch,Upper Sovereign,upper sovereign,,,,,,,,,,,,,
清虚,qīng xū,Qingxu,Pure Void,,,,,,,,,,,,,,
元年,yuán nián,first year,inaugural year,,,,,,,,,,,,,,
太上道君,tài shàng dào jūn,Most High Lord of the Dao,,,,,,,,,,,,,,,
丘,qiū,hill,,,,,,,,,,,,,,,
天柱,tiān zhù,Heavenly Pillar,,,,,,,,,,,,,,,
地理,dì lǐ,contours of the land,,,,,,,,,,,,,,,
鎮輔,zhèn fǔ,buttress,,,,,,,,,,,,,,,
昆,kūn,Mt. Kunlun,,,,,,,,,,,,,,,
蓬丘,péng qiū,hills of Penglai,,,,,,,,,,,,,,,
水神,shuǐ shén,water god,,,,,,,,,,,,,,,
極陰,jí yīn,ultimate yin,,,,,,,,,,,,,,,
方丈,fāng zhàng,Fangzhang Isle,,,,,,,,,,,,,,,
阜,fù,isle,bluff,mound,,,,,,,,,,,,,
理命,lǐ mìng,control fate,determine lifespan,,,,,,,,,,,,,,
室,shì,room,chamber,,,,,,,,,,,,,,
滄浪,cāng láng,Gray-Blue Billows,,,,,,,,,,,,,,,
海島,hǎi dǎo,ocean isle,,,,,,,,,,,,,,,
九老,jiǔ lǎo,Nine Elder,,,,,,,,,,,,,,,
堂,táng,hall,Hall,,,,,,,,,,,,,,
祖,zǔ,Zu,ancestor,,,,,,,,,,,,,,
瀛,yíng,Ying,,,,,,,,,,,,,,,
炎,yán,scorched,Yan,,,,,,,,,,,,,,
長,cháng,Chang,,,,,,,,,,,,,,,
流,liú,Liu,,,,,,,,,,,,,,,
鳳麟,fèng lín,Fenglin,,,,,,,,,,,,,,,
聚窟,jù kū,Juku,,,,,,,,,,,,,,,
洲,zhōu,isle,,,,,,,,,,,,,,,
滄流,cāng liú,gray-blue wave,,,,,,,,,,,,,,,
大海,dà hǎi,great sea,great ocean,sea,,,,,,,,,,,,,
玄津,xuán jīn,Dark Channel,,,,,,,,,,,,,,,
碧黑,bì hēi,black,cyan,,,,,,,,,,,,,,
波,bō,wave,swell,,,,,,,,,,,,,,
羣精,qún jīng,wave of spirit,,,,,,,,,,,,,,,
滄溟,cāng míng,gray-blue mist,profane world,,,,,,,,,,,,,,
山源,shān yuán,mountain font,mountain spring,,,,,,,,,,,,,,
陵,líng,burial ground,hill,,,,,,,,,,,,,,
壠,lǒng,ridge path,,,,,,,,,,,,,,,
玄臺,xuán tái,Mysterious Terrace,,,,,,,,,,,,,,,
靈眞,líng zhēn,numinous perfected,,,,,,,,,,,,,,,
羣靈,qún líng,spirits,,,,,,,,,,,,,,,
父,fù,father,,,,,,,,,,,,,,,
凡夫,fán fū,ordinary people,,,,,,,,,,,,,,,
禍,huò,misfortune,calamity,disaster,,,,,,,,,,,,,
考,kǎo,ancestor,interrogation,,,,,,,,,,,,,,
瓊笈,qióng jí,rose-gem bookbox,rose-gem bookbag,,,,,,,,,,,,,,
紫臺,zǐ tái,Purple Terrace,purple terrace,,,,,,,,,,,,,,
眞形,zhēn xíng,True Form,True Forms,,,,,,,,,,,,,,
太陰,tài yīn,Nine Yin,Grand Yin,,,,,,,,,,,,,,
遁,dùn,Concealed,,,,,,,,,,,,,,,
六戊,liù wù,Twelve Texts,Six Wu,,,,,,,,,,,,,,
天光,tiān guāng,celestial brilliance,Celestial Brilliance,heavenly radiance,,,,,,,,,,,,,
策精,cè jīng,stimulate essence,Stimulate Essence,,,,,,,,,,,,,,
左乙,zuǒ yǐ,Left Yi,,,,,,,,,,,,,,,
東蒙,dōng méng,Eastern Shroud,,,,,,,,,,,,,,,
右庚,yòu gēng,Right Geng,,,,,,,,,,,,,,,
收攝,shōu shè,rounding up,,,,,,,,,,,,,,,
殺,shā,exterminating,,,,,,,,,,,,,,,
壬癸,rén guǐ,Ren and Gui,,,,,,,,,,,,,,,
六遁,liù dùn,Six Concealments,,,,,,,,,,,,,,,
隱地,yǐn dì,Concealment in the Earth,hiding place,,,,,,,,,,,,,,
八術,bā shù,Eight Arts,Eight Art,,,,,,,,,,,,,,
丙丁,bǐng dīng,Bing and Ding Talisman,Bing and Ding,,,,,,,,,,,,,,
入火,rù huǒ,Enter Fire,enter fire,,,,,,,,,,,,,,
九赤班,jiǔ chì bān,Nine Red Spotted Dragon,,,,,,,,,,,,,,,
六辛,liù xīn,Six Xin,,,,,,,,,,,,,,,
入金,rù jīn,Enter Metal,enter metal,,,,,,,,,,,,,,
黄水,huáng shuǐ,Yellow Water,,,,,,,,,,,,,,,
月華,yuè huá,lunar efflorescence,Lunar Blossom,lunar blossom,,,,,,,,,,,,,
六巳,liù sì,Six Si Method,Six Si,,,,,,,,,,,,,,
石精,shí jīng,Lithic Essence,lithic essence,,,,,,,,,,,,,,
金光,jīn guāng,Golden Light,golden light,Golden Beam,,,,,,,,,,,,,
藏影,cáng yǐng,Concealing Shadows,concealing shadow,,,,,,,,,,,,,,
化形,huà xíng,transforming body,Transforming One's Body,,,,,,,,,,,,,,
午,wǔ,Wu,,,,,,,,,,,,,,,
卯,mǎo,Mao,,,,,,,,,,,,,,,
酉,yǒu,You,,,,,,,,,,,,,,,
八禀,bā bǐng,Eight Petitions,,,,,,,,,,,,,,,
十决,shí jué,Ten Instructions,,,,,,,,,,,,,,,
六靈,liù líng,Six Numina,,,,,,,,,,,,,,,
威儀,wēi yí,awesome ceremony,Awesome Ceremony,,,,,,,,,,,,,,
丑,chǒu,Chou,,,,,,,,,,,,,,,
辰,chén,Chen,,,,,,,,,,,,,,,
未,wèi,not,Wei,,,,,,,,,,,,,,
戌,xū,Xu,,,,,,,,,,,,,,,
地眞,dì zhēn,terrestrial perfected,Terrestrial Perfected,,,,,,,,,,,,,,
素訣,sù jué,immaculate instruction,,,,,,,,,,,,,,,
紫書,zǐ shū,Purple Book,,,,,,,,,,,,,,,
順行,shùn xíng,effortless practice,Effortless Practice,,,,,,,,,,,,,,
寅,yín,Yin,,,,,,,,,,,,,,,
申,shēn,Shen,,,,,,,,,,,,,,,
巳,sì,Si,,,,,,,,,,,,,,,
亥,hài,Hai,,,,,,,,,,,,,,,
紫度,zǐ dù,Purple Measure,Purple Rule,Purple Measures,,,,,,,,,,,,,
内視,nèi shì,inner vision,Inner Vision,,,,,,,,,,,,,,
中方,zhōng fāng,Central Method,central method,,,,,,,,,,,,,,
十二事,shí èr shì,Twelve Texts,twelve texts,,,,,,,,,,,,,,
山靈,shān líng,numina of the mountains,,,,,,,,,,,,,,,
地神,dì shén,gods of the earth,,,,,,,,,,,,,,,
萬精,wàn jīng,myriad spirits,,,,,,,,,,,,,,,
百鬼,bǎi guǐ,hundred ghosts,heads,,,,,,,,,,,,,,
虎豹,hǔ bào,leopards,tigers,,,,,,,,,,,,,,
蚊龍,wén lóng,water-dragon,dragon,,,,,,,,,,,,,,
濁民,zhuó mín,muddled person,,,,,,,,,,,,,,,
清眞,qīng zhēn,pure,perfected,,,,,,,,,,,,,,
聖母,shèng mǔ,Sacred Mother,,,,,,,,,,,,,,,
陽,yáng,yang,Yang,,,,,,,,,,,,,,
甘雨,gān yǔ,sweet rain,,,,,,,,,,,,,,,
青眞小童,qīng zhēn xiǎo tóng,Young Lad of Azure Perfection,Lesser Lad of Azure Perfection,,,,,,,,,,,,,,
祕字,mì zì,esoteric character,secret character,,,,,,,,,,,,,,
六壬,liù rén,Six Ren,,,,,,,,,,,,,,,
名字,míng zì,personal name,name,names,,,,,,,,,,,,,
請命,qǐng mìng,request years added,save life,,,,,,,,,,,,,,
延筭,yán suàn,allotment,,,,,,,,,,,,,,,
六甲要事,liù jiǎ yào shì,Twelve Texts,,,,,,,,,,,,,,,
寳文,bǎo wén,precious text,,,,,,,,,,,,,,,
五帝六甲,wǔ dì liù jiǎ,Twelve Texts,,,,,,,,,,,,,,,
通眞,tōng zhēn,[No translation given],,,,,,,,,,,,,,,
精潔,jīng jié,pure mind,,,,,,,,,,,,,,,
至誠,zhì chéng,sincere intention,,,,,,,,,,,,,,,
流濁,liú zhuó,sullied person,,,,,,,,,,,,,,,
玄壟,xuán lǒng,Dark Hills,,,,,,,,,,,,,,,
朔野,shuò yě,northern wasteland,,,,,,,,,,,,,,,
曜眞,yào zhēn,Radiant Perfection,,,,,,,,,,,,,,,
王子童,wáng zǐ tóng,Wang Zitong,,,,,,,,,,,,,,,
太上隱書,tài shàng yǐn shū,The Hidden Writings of the Most High,Hidden Writings of the Most High,Hidden Book of the Most High,,,,,,,,,,,,,
祕言,mì yán,esoteric word,Secret Words,secret word,,,,,,,,,,,,,
朱火,zhū huǒ,Vermillion Fire,Zhuhuo,,,,,,,,,,,,,,
丹陵,dān líng,cinnabar hill,Danling,,,,,,,,,,,,,,
七千歲,qī qiān suì,seven thousand year,,,,,,,,,,,,,,,
羣文,qún wén,Twelve Texts,collection of writings,,,,,,,,,,,,,,
赤童,chì tóng,Red Lad,,,,,,,,,,,,,,,
男女,nán nǚ,people,,,,,,,,,,,,,,,
明科,míng kē,Bright Code,Code,Illustrious Code,,,,,,,,,,,,,
三官司,sān guān sī,Three Officials,,,,,,,,,,,,,,,
五嶽眞形文,wǔ yuè zhēn xíng wén,Writs of the True Forms of the Five Sacred Peaks,,,,,,,,,,,,,,,
太上天皇,tài shàng tiān huáng,Heavenly Sovereign,,,,,,,,,,,,,,,
天道,tiān dào,celestial Dao,Heavenly Dao,,,,,,,,,,,,,,
川,chuān,river,,,,,,,,,,,,,,,
明師,míng shī,enlightened master,,,,,,,,,,,,,,,
教仙,jiào xiān,arts of transcendence,,,,,,,,,,,,,,,
性氣,xìng qì,person,,,,,,,,,,,,,,,
成眞,chéng zhēn,perfected,,,,,,,,,,,,,,,
浮空,fú kōng,drift into emptiness,,,,,,,,,,,,,,,
參差,cēn cī,from every direction,jagged,,,,,,,,,,,,,,
良匠,liáng jiàng,good carpenter,,,,,,,,,,,,,,,
規矩,guī jǔ,compass,square,,,,,,,,,,,,,,
妙術,miào shù,miraculous technique,,,,,,,,,,,,,,,
長桑公子,cháng sāng gōng zǐ,Master Changsang,,,,,,,,,,,,,,,
玉樹,yù shù,Jade Tree,,,,,,,,,,,,,,,
慙色,cán sè,ashamed,,,,,,,,,,,,,,,
丹誠,dān chéng,exhaustive attempt,,,,,,,,,,,,,,,
術數,shù shù,divination,esoteric art,,,,,,,,,,,,,,
廣都,guǎng dū,Guangdu,,,,,,,,,,,,,,,
建木,jiàn mù,Jianmu,,,,,,,,,,,,,,,
倒景君,dào jǐng jūn,Lord of Inverted Phosphors,,,,,,,,,,,,,,,
無常先生,wú cháng xiān shēng,Master of Ephemera,,,,,,,,,,,,,,,
太清玄和天,tài qīng xuán hé tiān,Grand Purity’s Sublime Harmony Palace,,,,,,,,,,,,,,,
六甲左右靈飛方十二事,liù jiǎ zuǒ yòu líng fēi fāng shí èr shì,Twelve Texts,,,,,,,,,,,,,,,
四十年,sì shí nián,forty year,,,,,,,,,,,,,,,
一傳,yī chuán,transmit once,,,,,,,,,,,,,,,
四百年,sì bǎi nián,four hundred year,,,,,,,,,,,,,,,
得仙,dé xiān,attain transcendence,,,,,,,,,,,,,,,
四千年,sì qiān nián,four thousand year,,,,,,,,,,,,,,,
得眞,dé zhēn,attain perfection,,,,,,,,,,,,,,,
四萬年,sì wàn nián,forty thousand year,,,,,,,,,,,,,,,
得昇太上,dé shēng tài shàng,ascend to the Most High,,,,,,,,,,,,,,,
四十萬年,sì shí wàn nián,four hundred thousand year,,,,,,,,,,,,,,,
男,nán,man,,,,,,,,,,,,,,,
太上科禁,tài shàng kē jìn,Coded Taboos of the Most High,,,,,,,,,,,,,,,
昭生之符,zhāo shēng zhī fú,Talisman of Glorious Life,,,,,,,,,,,,,,,
女郞,nǚ láng,noblewoman,,,,,,,,,,,,,,,
扶廣山,fú guǎng shān,Mt. Fuguang,,,,,,,,,,,,,,,
青眞,qīng zhēn,Azure Perfection,,,,,,,,,,,,,,,
小童,xiǎo tóng,Lesser Lad,,,,,,,,,,,,,,,
中元君,zhōng yuán jūn,Central Primal Lord,,,,,,,,,,,,,,,
六甲靈飛,liù jiǎ líng fēi,Twelve Texts,Sixfold Divine Flight,,,,,,,,,,,,,,
遁虚,dùn xū,Escape into Emptiness,,,,,,,,,,,,,,,
天光左右策精,tiān guāng zuǒ yòu cè jīng,Heavenly Radiance Left and Right Schematic Essence,,,,,,,,,,,,,,,
男官,nán guān,male official,,,,,,,,,,,,,,,
火,huǒ,fire,fiery,,,,,,,,,,,,,,
天眞,tiān zhēn,heavenly perfected,celestial perfected,,,,,,,,,,,,,,
主臣,zhǔ chén,humble servant,,,,,,,,,,,,,,,
靈人,líng rén,numinous being,,,,,,,,,,,,,,,
金臺,jīn tái,golden terrace,Golden Terrace,,,,,,,,,,,,,,
紫微,zǐ wēi,Purple Tenuity,,,,,,,,,,,,,,,
大虎,dà hǔ,great tiger,,,,,,,,,,,,,,,
瑶房,yáo fáng,Jasper Room,rose-gem chamber,,,,,,,,,,,,,,
滄海,cāng hǎi,Gray-Blue Sea,gray-blue sea,,,,,,,,,,,,,,
版桐,bǎn tóng,Mt. Bantong,,,,,,,,,,,,,,,
八海,bā hǎi,Eight Sea,Eight Seas,,,,,,,,,,,,,,
蚪,dǒu,dou-dragon,,,,,,,,,,,,,,,
雲輪,yún lún,cloudy wheel,,,,,,,,,,,,,,,
羽蓋,yǔ gài,feathered canopy,,,,,,,,,,,,,,,
淫濁,yín zhuó,licentious filthy,,,,,,,,,,,,,,,
尸,shī,cadaver,corpse,,,,,,,,,,,,,,
百靈,bǎi líng,hundred numina,,,,,,,,,,,,,,,
華精,huá jīng,blossoming essence,,,,,,,,,,,,,,,
形影,xíng yǐng,appearance,form,shadow,,,,,,,,,,,,,
水火,shuǐ huǒ,water,fire,,,,,,,,,,,,,,
千精,qiān jīng,thousand essences,,,,,,,,,,,,,,,
八地,bā dì,eight directions,Eight Directions,,,,,,,,,,,,,,
辰星,chén xīng,star,Chronographic Star,,,,,,,,,,,,,,
靈書,líng shū,Numinous Book,numinous book,,,,,,,,,,,,,,
奇文,qí wén,miraculous text,wondrous writ,Three Wonders,,,,,,,,,,,,,
眇邈,miǎo miǎo,miraculous power,,,,,,,,,,,,,,,
景靈,jǐng líng,Phosphor Numen,,,,,,,,,,,,,,,
宫,gōng,mausoleum,palace,Palace,,,,,,,,,,,,,
蘂醴,ruǐ lǐ,sweet stamen wine,,,,,,,,,,,,,,,
觴,shāng,cup,,,,,,,,,,,,,,,
九龍,jiǔ lóng,nine dragon,nine dragons,,,,,,,,,,,,,,
紫鴻,zǐ hóng,purple swan,,,,,,,,,,,,,,,
玄翔,xuán xiáng,mysteriously take flight,,,,,,,,,,,,,,,
先失,xiān shī,past mistake,,,,,,,,,,,,,,,
紀離容,Jì lí róng,Ji Lirong,,,,,,,,,,,,,,,
勅,chì,deliver an edict,,,,,,,,,,,,,,,
玉笈,yù jí,jade bookbag,,,,,,,,,,,,,,,
玄光,xuán guāng,mysterious beam,mystic effulgence,mysterious light,,,,,,,,,,,,,
眞華,zhēn huá,perfected flower,,,,,,,,,,,,,,,
阿昌,Ā chāng,Achang,,,,,,,,,,,,,,,
南眞,nán zhēn,Southern Perfection,,,,,,,,,,,,,,,
七元君,qī yuán jūn,Seventh Primal Lord,,,,,,,,,,,,,,,
羣龍,qún lóng,team of dragons,dragon,,,,,,,,,,,,,,
猛獸,měng shòu,fearsome beast,,,,,,,,,,,,,,,
門,mén,gate,door,,,,,,,,,,,,,,
天靈,tiān líng,heavenly numen,celestial numina,,,,,,,,,,,,,,
至尊,zhì zūn,most respected,most revered one,,,,,,,,,,,,,,
六甲靈飛左右策,liù jiǎ líng fēi zuǒ yòu cè,Six Jia Sacred Flight Left-Right Registers,,,,,,,,,,,,,,,
封,fēng,Feng ritual,seal,,,,,,,,,,,,,,
山鬼,shān guǐ,mountain ghost,,,,,,,,,,,,,,,
藂林,cóng lín,thicket,grove,,,,,,,,,,,,,,
孤䰟,孤魂,gū hún,lone cloud-soul,,,,,,,,,,,,,,
絶域,jué yù,faraway land,,,,,,,,,,,,,,,
師旅,shī lǚ,troops,,,,,,,,,,,,,,,
族,zú,clan,family,,,,,,,,,,,,,,
刑,xíng,mutilation,punishment,patient,,,,,,,,,,,,,
士卒,shì zú,troop,,,,,,,,,,,,,,,
白骨,bái gǔ,white bone,,,,,,,,,,,,,,,
天氣,tiān qì,heaven,,,,,,,,,,,,,,,
勑,chì,edict,,,,,,,,,,,,,,,
愆,qiān,wrongdoing,wickedness,,,,,,,,,,,,,,
精誠,jīng chéng,sincerest intention,sincere intention,,,,,,,,,,,,,,
志念,zhì niàn,intention,,,,,,,,,,,,,,,
剋己,kè jǐ,restrain oneself,,,,,,,,,,,,,,,
善,shàn,good effort,goodness,good,,,,,,,,,,,,,
眞神,zhēn shén,perfected spirit,,,,,,,,,,,,,,,
存眞,cún zhēn,visualize the perfected,,,,,,,,,,,,,,,
積,jī,fasting,,,,,,,,,,,,,,,
禱,dǎo,beseech,,,,,,,,,,,,,,,
度脱,dù tuō,salvation,,,,,,,,,,,,,,,
暴虐,bào nüè,violent,cruel,,,,,,,,,,,,,,
萬兆,wàn zhào,subject,every person,,,,,,,,,,,,,,
殘,cán,body destroyed,overwhelm,,,,,,,,,,,,,,
怨魄,yuàn pò,cloud-soul,,,,,,,,,,,,,,,
窮鬼,qióng guǐ,impoverished ghost,,,,,,,,,,,,,,,
破掘,pò jué,disturb (grave),,,,,,,,,,,,,,,
流血,liú xuè,bloody,,,,,,,,,,,,,,,
功賞,gōng shǎng,meritorious action,,,,,,,,,,,,,,,
八色玉笈,bā sè yù jí,eight-colored jade bookbag,,,,,,,,,,,,,,,
曜靈,yào líng,Shining and numinous,,,,,,,,,,,,,,,
玄寂,xuán jì,mysterious stillness,mysteriously silent,mysterious silence,,,,,,,,,,,,,
朗明,lǎng míng,glow,gleam,,,,,,,,,,,,,,
妙,miào,marvelous,sublime,miraculous,,,,,,,,,,,,,
臻,zhēn,attain,,,,,,,,,,,,,,,
寂,jì,inaction,silence,,,,,,,,,,,,,,
眞誠,zhēn chéng,true integrity,,,,,,,,,,,,,,,
神形,shén xíng,spirit,body,divine form,,,,,,,,,,,,,
辱,rǔ,degrade,,,,,,,,,,,,,,,
年榮,nián róng,years flourish,,,,,,,,,,,,,,,
左右,zuǒ yòu,Right,all around,Left,,,,,,,,,,,,,
步虚,bù xū,traverse the Void,,,,,,,,,,,,,,,
隱形,yǐn xíng,hide bodily form,,,,,,,,,,,,,,,
還白,huán bái,hair will turn black,,,,,,,,,,,,,,,
留青,liú qīng,stay forever young,,,,,,,,,,,,,,,
紀,jì,year,text,,,,,,,,,,,,,,
違犯,wéi fàn,violate,,,,,,,,,,,,,,,
泄漏,xiè lòu,divulge,,,,,,,,,,,,,,,
沉,chén,sink,plunge,,,,,,,,,,,,,,
幽㝠,yōu míng,netherworld,,,,,,,,,,,,,,,
師主,shī zhǔ,ruler,master,,,,,,,,,,,,,,
青童,qīng tóng,Azure Lad,,,,,,,,,,,,,,,
小君,xiǎo jūn,Lesser Lord,,,,,,,,,,,,,,,
眞元始天王,zhēn yuán shǐ tiān wáng,Heavenly King of Perfected Primordial Incipience,,,,,,,,,,,,,,,
入室弟子,rù shì dì zǐ,intimate disciple,,,,,,,,,,,,,,,
延陵,yán líng,Yanling,,,,,,,,,,,,,,,
庇華,bì huá,Bihua,,,,,,,,,,,,,,,
嬰孩,yīng hái,newborn,infant,,,,,,,,,,,,,,
環,huán,everywhere,,,,,,,,,,,,,,,
周,zhōu,encompass,Zhou,Zhou dynasty,,,,,,,,,,,,,
萬變,wàn biàn,myriad transformation,myriad of changes,,,,,,,,,,,,,,
玄鏡,xuán jìng,dark mirror,,,,,,,,,,,,,,,
幽鑒,yōu jiàn,subtle reflection,,,,,,,,,,,,,,,
眞㑺,zhēn yú,achievement as a perfected,,,,,,,,,,,,,,,
扶廣,fú guǎng,Mt. Fuguang,,,,,,,,,,,,,,,
權,quán,govern,,,,,,,,,,,,,,,
始運,shǐ yùn,start of the cycle,,,,,,,,,,,,,,,
宫館,gōng guǎn,palace,,,,,,,,,,,,,,,
治,zhì,oversee,,,,,,,,,,,,,,,
仙職,xiān zhí,assignment of transcendent,,,,,,,,,,,,,,,
師君,shī jūn,lord,master,,,,,,,,,,,,,,
所願,suǒ yuàn,wish,,,,,,,,,,,,,,,
所授,suǒ shòu,what you have received,,,,,,,,,,,,,,,
祝,zhù,incantation,,,,,,,,,,,,,,,
手,shǒu,hand,,,,,,,,,,,,,,,
指,zhǐ,finger,,,,,,,,,,,,,,,
策,cè,spur,stimulate,strategy,,,,,,,,,,,,,
素收,sù shōu,White Reaping,,,,,,,,,,,,,,,
攝,shè,rounding up,,,,,,,,,,,,,,,
壬,rén,Ren,,,,,,,,,,,,,,,
癸,guǐ,Gui,,,,,,,,,,,,,,,
九赤班文,jiǔ chì bān wén,Nine Red Spotted Dragon,,,,,,,,,,,,,,,
十訣,shí jué,Ten Instructions,,,,,,,,,,,,,,,
曲素,qǔ sù,Immaculate Instruction,Immaculate,Meandering,,,,,,,,,,,,,
己,jǐ,yourself,Si,self,,,,,,,,,,,,,
天精,tiān jīng,celestial essence,,,,,,,,,,,,,,,
六位,liù wèi,six positions,,,,,,,,,,,,,,,
潜空,qián kōng,hiding in the void,,,,,,,,,,,,,,,
遁靈,dùn líng,concealed numinous spirit maiden,,,,,,,,,,,,,,,
履機,lǚ jī,follow the pivot,,,,,,,,,,,,,,,
秋,qiū,fall,autumn,,,,,,,,,,,,,,
春,chūn,spring,,,,,,,,,,,,,,,
千眞,qiān zhēn,thousand perfected being,,,,,,,,,,,,,,,
毫末,háo mò,tip of a single hair,,,,,,,,,,,,,,,
浩嶽,hào yuè,massive peak,,,,,,,,,,,,,,,
景,jǐng,Phosphor,radiance,phosphor,,,,,,,,,,,,,
西鄉,xī xiāng,western land,,,,,,,,,,,,,,,
電,diàn,lightning,,,,,,,,,,,,,,,
雷,léi,thunder,thunderclap,,,,,,,,,,,,,,
東桑,dōng sāng,eastern mulberry,,,,,,,,,,,,,,,
震,zhèn,quake,,,,,,,,,,,,,,,
陽靈,yáng líng,yang numina,,,,,,,,,,,,,,,
丙赫,bǐng hè,fire flashing,,,,,,,,,,,,,,,
元威,yuán wēi,primal power,,,,,,,,,,,,,,,
混洞,hùn dòng,Writ of Chaos,,,,,,,,,,,,,,,
暉,huī,radiance,,,,,,,,,,,,,,,
應龍,yìng lóng,dragon,,,,,,,,,,,,,,,
輕雲,qīng yún,light cloud,,,,,,,,,,,,,,,
飆,飈,tempest,biāo,,,,,,,,,,,,,,
胎,tāi,embryo,,,,,,,,,,,,,,,
風,fēng,gale wind,wind,,,,,,,,,,,,,,
宅,zhái,residence,,,,,,,,,,,,,,,
萬春,wàn chūn,myriad springtime,,,,,,,,,,,,,,,
庚素秋,gēng sù qiū,Right Geng Statute of White Autumn,,,,,,,,,,,,,,,
歛,liǎn,gather,,,,,,,,,,,,,,,
散,sàn,scatter,powder,,,,,,,,,,,,,,
聚炁,jù qì,amass qi,,,,,,,,,,,,,,,
彭勃,péng bó,vigorous pounce,,,,,,,,,,,,,,,
少女,shào nǚ,young maiden,,,,,,,,,,,,,,,
地靈,dì líng,terrestrial numina,,,,,,,,,,,,,,,
衛,wèi,guard,watch over,Wèi,,,,,,,,,,,,,
邪惡,xié è,evil,vile force,,,,,,,,,,,,,,
沉淪,chén lún,sink down,,,,,,,,,,,,,,,
無根,wú gēn,what has no root,,,,,,,,,,,,,,,
藏蔽,cáng bì,take cover,,,,,,,,,,,,,,,
萬鋒,wàn fēng,myriad sharp blade,,,,,,,,,,,,,,,
移行,yí xíng,move,,,,,,,,,,,,,,,
匿影,nì yǐng,shadow,,,,,,,,,,,,,,,
崩流,bēng liú,landslide,,,,,,,,,,,,,,,
塞川,sè chuān,block up river,,,,,,,,,,,,,,,
六奇,liù qí,six marvel,,,,,,,,,,,,,,,
萬勝,wàn shèng,ten thousand victory,,,,,,,,,,,,,,,
煙雲,yān yún,haze,,,,,,,,,,,,,,,
九赤,jiǔ chì,Nine Red,,,,,,,,,,,,,,,
龍書,lóng shū,Dragon Book,,,,,,,,,,,,,,,
斑符,bān fú,Spotted Talisman,,,,,,,,,,,,,,,
千靈,qiān líng,thousand numina,,,,,,,,,,,,,,,
丹火,dān huǒ,cinnabar fire,,,,,,,,,,,,,,,
金,jīn,gold,metal,,,,,,,,,,,,,,
日精,rì jīng,solar essence,,,,,,,,,,,,,,,
陽光,yáng guāng,yang radiance,,,,,,,,,,,,,,,
珠,zhū,pearl,,,,,,,,,,,,,,,
月魄,yuè pò,lunar energy,,,,,,,,,,,,,,,
黃水,huáng shuǐ,Yellow Water,,,,,,,,,,,,,,,
華,huá,Blossom,flower,blossom,,,,,,,,,,,,,
靈菌,líng jūn,numinous fungus,,,,,,,,,,,,,,,
丹霞,dān xiá,cinnabar aurora,,,,,,,,,,,,,,,
丹庭,dān tíng,Cinnabar Court,,,,,,,,,,,,,,,
碧川,bì chuān,cyan stream,,,,,,,,,,,,,,,
玄河,xuán hé,Mystic River,Mysterious River,,,,,,,,,,,,,,
光,guāng,beam of light,light,brilliance,,,,,,,,,,,,,
變化,biàn huà,transformation,Transformation,,,,,,,,,,,,,,
萬端,wàn duān,ten thousand ways,,,,,,,,,,,,,,,
千載,qiān zǎi,thousand year,,,,,,,,,,,,,,,
易形,yì xíng,change form,,,,,,,,,,,,,,,
游行,yóu xíng,roam,,,,,,,,,,,,,,,
始,shǐ,be born,,,,,,,,,,,,,,,
終,zhōng,die,end,,,,,,,,,,,,,,
巳書,sì shū,Six Si writing,,,,,,,,,,,,,,,
方面,fāng miàn,direction,cardinal directions,,,,,,,,,,,,,,
辭,cí,account,Explanation,,,,,,,,,,,,,,
灾,zāi,disaster,,,,,,,,,,,,,,,
紫,zǐ,purple,Purple,,,,,,,,,,,,,,
神辭,shén cí,divine word,,,,,,,,,,,,,,,
地司,dì sī,terrestrial official,,,,,,,,,,,,,,,
玄景之臺,xuán jǐng zhī tái,Mysterious Phosphor Terrace,,,,,,,,,,,,,,,
祕,mì,secret,,,,,,,,,,,,,,,
太靈,tài líng,grand numina,,,,,,,,,,,,,,,
三皇天,sān huáng tiān,Three Sovereigns,,,,,,,,,,,,,,,
紫陵,zǐ líng,Purple Tumulus,,,,,,,,,,,,,,,
房,fáng,room,bedchamber,,,,,,,,,,,,,,
華琳,huá lín,patterned jade,,,,,,,,,,,,,,,
蘭簡,lán jiǎn,Lanjian,,,,,,,,,,,,,,,
帛,bó,bolt of silk,silk,,,,,,,,,,,,,,
北羅,běi luó,Gujarat,,,,,,,,,,,,,,,
璽,xǐ,seal,,,,,,,,,,,,,,,
貴靈,guì líng,cherished numen,,,,,,,,,,,,,,,
林岫,lín xiù,tree-lined peak,,,,,,,,,,,,,,,
學夫,xué fū,adept,,,,,,,,,,,,,,,
道德,dào dé,Dao,virtue,,,,,,,,,,,,,,
天符,tiān fú,celestial talisman,,,,,,,,,,,,,,,
書文,shū wén,text,,,,,,,,,,,,,,,
昇太上,shēng tài shàng,ascend to heaven most high,,,,,,,,,,,,,,,
授,shòu,transmission,transmit,bestow,,,,,,,,,,,,,
天寳,tiān bǎo,heavenly treasure,,,,,,,,,,,,,,,
限,xiàn,restriction,,,,,,,,,,,,,,,
輕,qīng,belittle,,,,,,,,,,,,,,,
天老,tiān lǎo,celestial venerable,,,,,,,,,,,,,,,
敬,jìng,respect,,,,,,,,,,,,,,,
天藻,tiān zǎo,writings of heaven,,,,,,,,,,,,,,,
慢,màn,disrespect,,,,,,,,,,,,,,,
刀斧,dāo fǔ,knives,axes,,,,,,,,,,,,,,
車乘,chē shèng,carriage,,,,,,,,,,,,,,,
道路,dào lù,path,,,,,,,,,,,,,,,
土形,tǔ xíng,highest punishment,,,,,,,,,,,,,,,
骸,hái,body,,,,,,,,,,,,,,,
裂,liè,drawn,quartered,,,,,,,,,,,,,,
耳,ěr,ear,deaf,,,,,,,,,,,,,,
來生,lái shēng,future generation,next life,,,,,,,,,,,,,,
没,mò,oblivion,,,,,,,,,,,,,,,
罰,fá,strike,punishment,,,,,,,,,,,,,,
惡道,è dào,evil destiny,,,,,,,,,,,,,,,
疾,jí,fall ill,calamity,,,,,,,,,,,,,,
後世,hòu shì,future life,,,,,,,,,,,,,,,
宗,zōng,family line,,,,,,,,,,,,,,,
天親,tiān qīn,celestial kin,,,,,,,,,,,,,,,
地愛,dì ài,terrestrial friend,,,,,,,,,,,,,,,
榮辱,róng rǔ,honor,disgrace,,,,,,,,,,,,,,
眞一,zhēn yī,Perfected One,,,,,,,,,,,,,,,
和氣,hé qì,harmonious qi,,,,,,,,,,,,,,,
靈會,líng huì,numinous meeting,,,,,,,,,,,,,,,
癘,lì,illness,,,,,,,,,,,,,,,
年限,nián xiàn,number of years,yearly limit,appointed time,,,,,,,,,,,,,
六甲靈飛左右之符,liù jiǎ líng fēi zuǒ yòu zhī fú,Twelve Text,,,,,,,,,,,,,,,
宋靈賔,sòng líng bīn,Song Lingbin,,,,,,,,,,,,,,,
圖,tú,chart,Charts of the True Forms,,,,,,,,,,,,,,
形書,xíng shū,calligraphy,,,,,,,,,,,,,,,
巾器,jīn qì,bookbag,,,,,,,,,,,,,,,
元津,yuán jīn,Primordial Ford,,,,,,,,,,,,,,,
滄澤,cāng zé,Blue-Green Marsh,,,,,,,,,,,,,,,
玄精,xuán jīng,mysterious essence,,,,,,,,,,,,,,,
天回,tiān huí,heavens,,,,,,,,,,,,,,,
九道,jiǔ dào,Ninefold Dao,Nine [Palace],,,,,,,,,,,,,,
六和,liù hé,six harmonies,Six Harmonies,,,,,,,,,,,,,,
飛天,fēi tiān,those who have flown to the heavens,,,,,,,,,,,,,,,
眞僊,zhēn xiān,perfected transcendent,,,,,,,,,,,,,,,
節信,jié xìn,insignia of initiation,,,,,,,,,,,,,,,
墜,zhuì,destruction,,,,,,,,,,,,,,,
滅腐,miè fǔ,decay,,,,,,,,,,,,,,,
劉生,Liú shēng,disciple Liu,,,,,,,,,,,,,,,
道符,dào fú,Daoist talisman,,,,,,,,,,,,,,,
剋,kè,take,conquer,,,,,,,,,,,,,,
正身,zhèng shēn,rectify body,,,,,,,,,,,,,,,
惡,è,evil,bad effort,,,,,,,,,,,,,,
三年,sān nián,three years,three year,,,,,,,,,,,,,,
七月,qī yuè,seventh lunar month,seventh month,,,,,,,,,,,,,,
要道,yào dào,essential Dao,,,,,,,,,,,,,,,
朱雀,zhū què,Vermillion Sparrow,,,,,,,,,,,,,,,
䆫,chuāng,Window,,,,,,,,,,,,,,,
侍郎,shì láng,servant,,,,,,,,,,,,,,,
小兒,xiǎo ér,youngest son,child,,,,,,,,,,,,,,
滑稽,huá jī,mischievous,,,,,,,,,,,,,,,
仙家,xiān jiā,transcendent family,,,,,,,,,,,,,,,
山水,shān shuǐ,river,mountain,,,,,,,,,,,,,,
雷電,léi diàn,thunder,thunderstorm,,,,,,,,,,,,,,
蛟,jiāo,water dragon,,,,,,,,,,,,,,,
鯨,jīng,whale,,,,,,,,,,,,,,,
海水,hǎi shuǐ,ocean water,,,,,,,,,,,,,,,
黄鳥,huáng niǎo,yellow bird,,,,,,,,,,,,,,,
淵,yuān,chasm,,,,,,,,,,,,,,,
農,nóng,farmer,,,,,,,,,,,,,,,
田,tián,soil,land,field,,,,,,,,,,,,,
部御,bù yù,official,administrator,,,,,,,,,,,,,,
九源,jiǔ yuán,Nine Fonts,,,,,,,,,,,,,,,
謫斥,zhé chì,banish,,,,,,,,,,,,,,,
金華山,jīn huá shān,Mt. Jinhua,,,,,,,,,,,,,,,
九疑君,jiǔ yí jūn,Lord of Mt. Jiuyi,,,,,,,,,,,,,,,
宴,yàn,feast,banquet,,,,,,,,,,,,,,
雲林,yún lín,Cloudy Forest,,,,,,,,,,,,,,,
絃,xián,bowstring,string,,,,,,,,,,,,,,
調,diào,melody,,,,,,,,,,,,,,,
清音,qīng yīn,pure tone,clear voice,,,,,,,,,,,,,,
玄風,xuán fēng,Mystic Wind,high hopes,mystic wind,,,,,,,,,,,,,
玄眞,xuán zhēn,mysterious Perfection,Mysterious Perfected Being,,,,,,,,,,,,,,
太霞,tài xiá,Grand Aurora,Grand Aurora Palace,,,,,,,,,,,,,,
天關,tiān guān,gates of heaven,Heaven’s Gate,,,,,,,,,,,,,,
紫微垣,zǐ wēi yuán,realm of Purple Tenuity,,,,,,,,,,,,,,,
渌景,lù jǐng,crystal-clear vista,,,,,,,,,,,,,,,
清飆,清飈,qīng biāo,pellucid gale,,,,,,,,,,,,,,
靈盖,雲蓋,líng gài,yún gài,cloud canopy,,,,,,,,,,,,,
朱葩,zhū pā,vermillion blossom,,,,,,,,,,,,,,,
蘭宫,lán gōng,Orchid Palace,,,,,,,,,,,,,,,
琳闕,lín què,gate tower of pale jade,,,,,,,,,,,,,,,
碧空,bì kōng,cyan void,,,,,,,,,,,,,,,
璚沙,qióng shā,orange-jade sand,,,,,,,,,,,,,,,
丹臺,dān tái,cinnabar terrace,,,,,,,,,,,,,,,
飛鳳,fēi fèng,soaring phoenix,flying phoenix,,,,,,,,,,,,,,
甍,méng,eave,,,,,,,,,,,,,,,
燭龍,zhú lóng,torch dragon,,,,,,,,,,,,,,,
委蛇,wēi yí,coiling snake,,,,,,,,,,,,,,,
玉胎,yù tāi,jade embryo,,,,,,,,,,,,,,,
絳芝,jiàng zhī,scarlet mushroom,,,,,,,,,,,,,,,
挹景,yì jǐng,phosphor,,,,,,,,,,,,,,,
仙骸,xiān hái,transcendent bone,,,,,,,,,,,,,,,
童牙,tóng yá,baby tooth,,,,,,,,,,,,,,,
太霞宫,tài xiá gōng,Palace of Grand Auroras,,,,,,,,,,,,,,,
八玉蘭,bā yù lán,orchid of eight-colored jade,,,,,,,,,,,,,,,
夕,xī,evening,autumnal equinox,,,,,,,,,,,,,,
玄元闕,xuán yuán què,Mysterious Prime Watchtower,,,,,,,,,,,,,,,
蘂,ruǐ,stamen,,,,,,,,,,,,,,,
琅玕,láng gān,gem,,,,,,,,,,,,,,,
足,zú,foot,he,,,,,,,,,,,,,,
匏瓜河,páo guā hé,Gourd River,,,,,,,,,,,,,,,
織女,zhī nǚ,Weaver Maiden,,,,,,,,,,,,,,,
景雲,jǐng yún,phosphor,shining cloud,cloud,,,,,,,,,,,,,
璚輪,qióng lún,sun-dog wheel,,,,,,,,,,,,,,,
朱丹,zhū dān,vermilion cinnabar,,,,,,,,,,,,,,,
汗漫府,hàn màn fǔ,Boundless Office,,,,,,,,,,,,,,,
句陳垣,gōu chén yuán,rampart of Gouchen,,,,,,,,,,,,,,,
椿,chūn,Cedrela tree,,,,,,,,,,,,,,,
世人,shì rén,human,ordinary person,,,,,,,,,,,,,,
從者,cóng zhě,attendant,,,,,,,,,,,,,,,
姓名,xìng míng,name,,,,,,,,,,,,,,,
冠,guān,crown,,,,,,,,,,,,,,,
帶,dài,sash,,,,,,,,,,,,,,,
李少君,lǐ shǎo jūn,Li Shaojun,,,,,,,,,,,,,,,
雲氣,yún qì,cloudy qi,cloudy air,,,,,,,,,,,,,,
淫色,yín sè,carnal desire,,,,,,,,,,,,,,,
恣性,zì xìng,indulgent nature,,,,,,,,,,,,,,,
兆人,zhào rén,commoner,,,,,,,,,,,,,,,
勞役,láo yì,corvée labor,,,,,,,,,,,,,,,
甘泉宫,gān quán gōng,Ganquan Palace,,,,,,,,,,,,,,,
通天臺,tōng tiān tái,Tongtian Terrace,,,,,,,,,,,,,,,
長安,cháng ān,Chang’an,,,,,,,,,,,,,,,
蜚廉館,fēi lián guǎn,Feilian Lodge,,,,,,,,,,,,,,,
朝鮮王,cháo xiǎn wáng,King of Chosŏn,,,,,,,,,,,,,,,
遼東都尉,liáo dōng dū wèi,Liaodong commandery,,,,,,,,,,,,,,,
死罪,sǐ zuì,capital offense,,,,,,,,,,,,,,,
九莖,jiǔ jīng,nine-stemmed,,,,,,,,,,,,,,,
下房,xià fáng,lowly house,,,,,,,,,,,,,,,
弘休,hóng xiū,great fortune,,,,,,,,,,,,,,,
大赦,dà shè,general amnesty,,,,,,,,,,,,,,,
雲陽,yún yáng,Yunyang City,,,,,,,,,,,,,,,
百户,bǎi hù,hundred households,,,,,,,,,,,,,,,
牛酒,niú jiǔ,wine,meat,,,,,,,,,,,,,,
元封,yuán fēng,Yuanfeng,,,,,,,,,,,,,,,
角觝戲,jiǎo dǐ xì,competitive game,,,,,,,,,,,,,,,
畤,zhì,Lord,,,,,,,,,,,,,,,
雍,yōng,Yong,,,,,,,,,,,,,,,
盛唐,shèng táng,Shengtang,,,,,,,,,,,,,,,
虞,yú,Yu,,,,,,,,,,,,,,,
舜,shùn,Shun,,,,,,,,,,,,,,,
九疑,jiǔ yí,Jiuyi,,,,,,,,,,,,,,,
灊山,qián shān,Mt. Qian,,,,,,,,,,,,,,,
天柱山,tiān zhù shān,Mt. Tianzhu,,,,,,,,,,,,,,,
泰山,tài shān,Mt. Tai,,,,,,,,,,,,,,,
增封,zēng fēng,imperial sacrifice,,,,,,,,,,,,,,,
甲子,jiǎ zǐ,jiazi,kai,,,,,,,,,,,,,,
高祖,gāo zǔ,Gaozu,,,,,,,,,,,,,,,
諸侯,zhū hóu,feudal lord,marquis,,,,,,,,,,,,,,
王,wáng,king,ruling force,prince,,,,,,,,,,,,,
回中,huí zhōng,Huizhong,,,,,,,,,,,,,,,
首山,shǒu shān,Mt. Shou,,,,,,,,,,,,,,,
河東,hé dōng,Yellow River Delta,Hedong,,,,,,,,,,,,,,
后土,hòu tǔ,Earth Sovereign,Houtu,,,,,,,,,,,,,,
神靈,shén líng,spirit,divine numina,divine official,,,,,,,,,,,,,
數,shù,reign number,calculation,,,,,,,,,,,,,,
妙辭,miào cí,subtle word,,,,,,,,,,,,,,,
卷,juàn,scroll,fascicle,,,,,,,,,,,,,,
眞形經書,zhēn xíng jīng shū,True Forms Scripture,,,,,,,,,,,,,,,
六甲靈飛之事,liù jiǎ líng fēi zhī shì,Twelve Texts,,,,,,,,,,,,,,,
黃金,huáng jīn,golden,,,,,,,,,,,,,,,
白玉,bái yù,white jade,,,,,,,,,,,,,,,
栢梁臺,bǎi liáng tái,Boliang Terrace,,,,,,,,,,,,,,,
衣服,yī fú,clothes,attire,,,,,,,,,,,,,,
意㫖,yì zhì,desire,,,,,,,,,,,,,,,
神眞,shén zhēn,divine perfected,divine perfection,,,,,,,,,,,,,,
氣力,qì lì,violent,hale,,,,,,,,,,,,,,
至誡,zhì jiè,ultimate precept,,,,,,,,,,,,,,,
臺館,tái guǎn,lodge,,,,,,,,,,,,,,,
夷狄,yí dí,barbarian tribe,,,,,,,,,,,,,,,
深言,shēn yán,profound word,,,,,,,,,,,,,,,
妙誡,miào jiè,sublime injunction,,,,,,,,,,,,,,,
太初,tài chū,Taichu,,,,,,,,,,,,,,,
十一月,shí yī yuè,eleventh month,,,,,,,,,,,,,,,
乙酉,yǐ yǒu,yiyou day,,,,,,,,,,,,,,,
天火,tiān huǒ,fire from heaven,heavenly conflagration,,,,,,,,,,,,,,
火災,huǒ zāi,conflagration,,,,,,,,,,,,,,,
衆人,zhòng rén,throng,,,,,,,,,,,,,,,
西北,xī běi,northwest,,,,,,,,,,,,,,,
大霧,dà wù,great fog,dense fog,,,,,,,,,,,,,,
蒿里,hāo lǐ,Haoli,,,,,,,,,,,,,,,
渤海,bó hǎi,Bohai Sea,,,,,,,,,,,,,,,
甘泉,gān quán,Ganquan Palace,,,,,,,,,,,,,,,
二月,èr yuè,following month,,,,,,,,,,,,,,,
建章宫,jiàn zhāng gōng,Jianzhang Palace,,,,,,,,,,,,,,,
夏,xià,fourth lunar month,fifth month,,,,,,,,,,,,,,
正曆,zhèng lì,reformed calendar,,,,,,,,,,,,,,,
正月,zhēng yuè,first moon,first month,first lunar month,,,,,,,,,,,,,
歲首,suì shǒu,first of the year,,,,,,,,,,,,,,,
黄,huáng,yellow,,,,,,,,,,,,,,,
五,wǔ,five,,,,,,,,,,,,,,,
官名,guān míng,official title,,,,,,,,,,,,,,,
律吕,lǜ lǚ,pitchpipe,radiant,,,,,,,,,,,,,,
三月,sān yuè,three months,third month,three-month,,,,,,,,,,,,,
東,dōng,east,eastern,,,,,,,,,,,,,,
明光宫,míng guāng gōng,Mingguang Palace,,,,,,,,,,,,,,,
天漢,tiān hàn,Tianhan,Heavenly Han,,,,,,,,,,,,,,
東海,dōng hǎi,Donghai,Eastern Seas,,,,,,,,,,,,,,
太始,tài shǐ,Taishi,,,,,,,,,,,,,,,
萬歲,wàn suì,long live the emperor,,,,,,,,,,,,,,,
冬,dōng,winter,,,,,,,,,,,,,,,
戸,hù,household,,,,,,,,,,,,,,,
鰥,guān,widower,,,,,,,,,,,,,,,
寡,guǎ,widow,,,,,,,,,,,,,,,
獨,dú,childless,alone,,,,,,,,,,,,,,
靈應,líng yìng,respond,,,,,,,,,,,,,,,
征和,zhēng hé,Zhenghe,,,,,,,,,,,,,,,
行幸,xíng xìng,expedition,led an imperial tour,,,,,,,,,,,,,,
東萊,dōng lái,Donglai,,,,,,,,,,,,,,,
祀,sì,sacrifice,make offering,,,,,,,,,,,,,,
脩封,xiū fēng,Feng sacrifice,,,,,,,,,,,,,,,
庚寅,gēng yín,gengyin day,,,,,,,,,,,,,,,
號,hào,reign title,title,,,,,,,,,,,,,,
後元,hòu yuán,Houyuan,,,,,,,,,,,,,,,
泰畤,tài zhì,suburban sacrifices toward Mt. Tai,,,,,,,,,,,,,,,
地震,dì zhèn,earthquake,,,,,,,,,,,,,,,
湧泉,yǒng quán,springs,,,,,,,,,,,,,,,
二年,èr nián,following year,,,,,,,,,,,,,,,
朝,cháo,hold court,morning,,,,,,,,,,,,,,
諸侯王,zhū hóu wáng,feudal lord,prince,,,,,,,,,,,,,,
宗室,zōng shì,imperial clan,relative,,,,,,,,,,,,,,
賜,cì,bestow gift,,,,,,,,,,,,,,,
盩厔,zhōu zhì,Zhouzhi,,,,,,,,,,,,,,,
五祚宫,wǔ zuò gōng,Wuzuo Palace,,,,,,,,,,,,,,,
丁卯,dīng mǎo,dingmao day,,,,,,,,,,,,,,,
崩,bēng,pass away,,,,,,,,,,,,,,,
殯,bìn,lay in state,,,,,,,,,,,,,,,
未央,wèi yāng,Weiyang,never end,,,,,,,,,,,,,,
前殿,qián diàn,antechamber,,,,,,,,,,,,,,,
茂陵,Mào líng,Wu’s tomb,tomb,Maoling,,,,,,,,,,,,,
山陵,shān líng,mausoleum,,,,,,,,,,,,,,,
棺,guān,coffin,,,,,,,,,,,,,,,
芳香,fāng xiāng,fragrant,,,,,,,,,,,,,,,
墳,fén,graveyard,,,,,,,,,,,,,,,
塚,zhǒng,tomb,,,,,,,,,,,,,,,
玉箱,yù xiāng,jade box,,,,,,,,,,,,,,,
玉杖,yù zhàng,jade staff,,,,,,,,,,,,,,,
二物,èr wù,two objects,both substances,,,,,,,,,,,,,,
誌,zhì,marking,,,,,,,,,,,,,,,
有司,yǒu sī,official,,,,,,,,,,,,,,,
商人,shāng rén,merchant,,,,,,,,,,,,,,,
關外,guān wài,foreign land,,,,,,,,,,,,,,,
郿市,méi shì,Mei City marketplace,,,,,,,,,,,,,,,
北車,běi chē,Beiche Alleyway,,,,,,,,,,,,,,,
售,shòu,buy,,,,,,,,,,,,,,,
箱,xiāng,box,,,,,,,,,,,,,,,
杖,zhàng,staff,cane,,,,,,,,,,,,,,
洛市,luò shì,marketplace in Luoyang,,,,,,,,,,,,,,,
昨,zuó,yesterday,,,,,,,,,,,,,,,
簿,bù,record,,,,,,,,,,,,,,,
詔,zhào,decree,,,,,,,,,,,,,,,
雜書,zá shū,various text,various texts,,,,,,,,,,,,,,
延康,yán kāng,Yankang,,,,,,,,,,,,,,,
上黨,shàng dǎng,Shangdang,,,,,,,,,,,,,,,
抱犢山,bào dú shān,Mt. Baodu,,,,,,,,,,,,,,,
巖室,yán shì,cave,,,,,,,,,,,,,,,
金箱,jīn xiāng,golden box,,,,,,,,,,,,,,,
東觀,dōng guān,palace,,,,,,,,,,,,,,,
月日,yuè rì,date,,,,,,,,,,,,,,,
侍臣,shì chén,courtier,,,,,,,,,,,,,,,
典書郎,diǎn shū láng,library clerk,,,,,,,,,,,,,,,
冉登,Rǎn Dēng,Ran Deng,,,,,,,,,,,,,,,
宣帝,Xuān dì,Emperor Xuan,,,,,,,,,,,,,,,
書箱,shū xiāng,books,box,,,,,,,,,,,,,,
尸骸,shī hái,corpse,,,,,,,,,,,,,,,
地户,dì hù,doorway to Earth,,,,,,,,,,,,,,,
市,shì,market,,,,,,,,,,,,,,,
山室,shān shì,mountain cave,,,,,,,,,,,,,,,
神變,shén biàn,miracle of spirit transformation,,,,,,,,,,,,,,,
靈化,líng huà,numinous transformation,,,,,,,,,,,,,,,
王莽,Wáng Mǎng,Wang Mang,,,,,,,,,,,,,,,
篡位,cuàn wèi,usurp the throne,,,,,,,,,,,,,,,
地皇,dì huáng,Dihuang,terrestrial sovereign,,,,,,,,,,,,,,
漢家,Hàn jiā,Han family,,,,,,,,,,,,,,,
諸陵,zhū líng,imperial tumulus,,,,,,,,,,,,,,,
符瑞,fú ruì,auspicious sign,,,,,,,,,,,,,,,
太牢,tài láo,Great Sacrifice,,,,,,,,,,,,,,,
書目,shū mù,title,,,,,,,,,,,,,,,
老子經,Lǎo zǐ jīng,Scripture of Laozi,,,,,,,,,,,,,,,
太上紫文,Tài shàng zǐ wén,Most High Purple Writ,,,,,,,,,,,,,,,
靈蹻經,Líng qiāo jīng,Scripture of Numinous Bravery,,,,,,,,,,,,,,,
太素中胎經,Tài sù zhōng tāi jīng,Scripture of the Central Embryo of Grand Simplicity,,,,,,,,,,,,,,,
天柱經,Tiān zhù jīng,Scripture of the Heavenly Pillar,,,,,,,,,,,,,,,
六龍步玄文,Liù lóng bù xuán wén,Writ of the Six Dragons Pacing the Mystery,,,,,,,,,,,,,,,
馬皇,Mǎ huáng,Mahuang,,,,,,,,,,,,,,,
眞術,zhēn shù,Perfected Technique,,,,,,,,,,,,,,,
紫虛,zǐ xū,Purple Vacuity,purple void,,,,,,,,,,,,,,
元君,yuán jūn,Primal Lord,,,,,,,,,,,,,,,
南嶽,nán yuè,Southern Sacred Peak,,,,,,,,,,,,,,,
晉武皇帝,jìn wǔ huáng dì,Emperor Wu of the Jin dynasty,,,,,,,,,,,,,,,
任城,rèn chéng,Rencheng,,,,,,,,,,,,,,,
魏華存,wèi huá cún,Wei Huacun,,,,,,,,,,,,,,,
賢安,xián ān,Xian’an,,,,,,,,,,,,,,,
魏陽元,wèi yáng yuán,Wei Yangyuan,,,,,,,,,,,,,,,
郡,jùn,prefecture,state,commandery,,,,,,,,,,,,,
榮陽,róng yáng,Rongyang,,,,,,,,,,,,,,,
宜陽,yí yáng,Yiyang,,,,,,,,,,,,,,,
太守,tài shǒu,prefect,governor,,,,,,,,,,,,,,
散騎常侍,sǎn qí cháng shì,cavalier attendant-in-ordinary,,,,,,,,,,,,,,,
冀州,jì zhōu,Jizhou,,,,,,,,,,,,,,,
刺史,cì shǐ,prefect,,,,,,,,,,,,,,,
南陽,nán yáng,Nanyang,Southern Solarity,,,,,,,,,,,,,,
劉乂,liú yì,Liu Yi,,,,,,,,,,,,,,,
㓜彦,yòu yàn,Youyan,,,,,,,,,,,,,,,
修武,xiū wǔ,Xiuwu,,,,,,,,,,,,,,,
縣令,xiàn lìng,county magistrate,,,,,,,,,,,,,,,
内室,nèi shì,inner quarters,,,,,,,,,,,,,,,
至道,zhì dào,ultimate Dao,ultimate Way,highest Dao,,,,,,,,,,,,,
兒女,ér nǚ,children,,,,,,,,,,,,,,,
隱痾,yǐn ē,serious illness,,,,,,,,,,,,,,,
季冬,jì dōng,last month of winter,,,,,,,,,,,,,,,
夜半,yè bàn,midnight,middle of the night,night,,,,,,,,,,,,,
鍾,zhōng,bell,,,,,,,,,,,,,,,
笳,jiā,reed pipe,,,,,,,,,,,,,,,
旍,jīng,flag,,,,,,,,,,,,,,,
旗,qí,banner,,,,,,,,,,,,,,,
光輝,guāng huī,beam of bright light,,,,,,,,,,,,,,,
太虛,tài xū,Grand Void,Grand Vacuity,,,,,,,,,,,,,,
虎輦,hǔ liǎn,tiger palanquin,,,,,,,,,,,,,,,
玉輿,yù yú,jade carriage,,,,,,,,,,,,,,,
隱輪,yǐn lún,invisible wheel,,,,,,,,,,,,,,,
靜室,jìng shì,oratory,quiescent chamber,,,,,,,,,,,,,,
紫花蓮冠,zǐ huā lián guān,cap adorned with interlaced purple flower,,,,,,,,,,,,,,,
飛錦衣裳,fēi jǐn yī shang,jacket and robe made from flying brocade,,,,,,,,,,,,,,,
瓊蘂,qióng ruǐ,rose-gem pistil,,,,,,,,,,,,,,,
寶帶,bǎo dài,belt,,,,,,,,,,,,,,,
虎文,hǔ wén,tiger-writ talisman,,,,,,,,,,,,,,,
圓光,yuán guāng,round halo,,,,,,,,,,,,,,,
華旛,huá fān,floral pennant,,,,,,,,,,,,,,,
安度明,ān dù míng,An Duming,,,,,,,,,,,,,,,
方諸,fāng zhū,Fangzhu,,,,,,,,,,,,,,,
青童君,qīng tóng jūn,Azure Lad,Azure Lad Lord,Lord Azure Lad,,,,,,,,,,,,,
暘谷,yáng gǔ,Sunlight Vale,,,,,,,,,,,,,,,
神王,shén wáng,Divine King,divine king,,,,,,,,,,,,,,
景林,jǐng lín,Phosphor Forest,,,,,,,,,,,,,,,
清虛,qīng xū,Purity and Emptiness,Clear Vacuity,Pure Vacuity,,,,,,,,,,,,,
小有,xiǎo yǒu,Lesser Existence heaven,Lesser Existence,,,,,,,,,,,,,,
良久,liáng jiǔ,long while,,,,,,,,,,,,,,,
曩日,nǎng rì,long time,,,,,,,,,,,,,,,
求生,qiú shēng,lengthen life,,,,,,,,,,,,,,,
眞氣,zhēn qì,perfected qi,,,,,,,,,,,,,,,
丹懷,dān huái,heartfelt longing,,,,,,,,,,,,,,,
逺,yuǎn,distant places,,,,,,,,,,,,,,,
微,wēi,subtle idea,,,,,,,,,,,,,,,
赤城,chì chéng,Red City,,,,,,,,,,,,,,,
紫極,zǐ jí,Purple Bourne Palace,,,,,,,,,,,,,,,
玉庭,yù tíng,jade hall,,,,,,,,,,,,,,,
太帝君,tài dì jūn,Great Thearch Lord,Grand Thearchical Lord,Grand Imperial Lord,,,,,,,,,,,,,
業,yè,endeavor,instruction,,,,,,,,,,,,,,
度明,dù míng,Duming,,,,,,,,,,,,,,,
玉札,yù zhà,jade slip,jade tally,jade slat,,,,,,,,,,,,,
紫虚,zǐ xū,Purple Vacuity,,,,,,,,,,,,,,,
紫虚之宫,zǐ xū zhī gōng,palace of Purple Vacuity,,,,,,,,,,,,,,,
錦籍,jǐn jí,brocade register,,,,,,,,,,,,,,,
紫虚元君,zǐ xū yuán jūn,Primal Lord of Purple Vacuity,,,,,,,,,,,,,,,
上眞司命,shàng zhēn sī mìng,upper perfected director of destinies,,,,,,,,,,,,,,,
質實,zhì shí,true quality,,,,,,,,,,,,,,,
霄景,xiāo jǐng,empyrean,,,,,,,,,,,,,,,
圓精,yuán jīng,perfect essence,,,,,,,,,,,,,,,
鳳骨,fèng gǔ,bone of a phoenix,,,,,,,,,,,,,,,
龍姿,lóng zī,face of a dragon,,,,,,,,,,,,,,,
腦色,nǎo sè,hue of a brain,,,,,,,,,,,,,,,
寶曜,bǎo yào,precious radiance,Precious Starlight,,,,,,,,,,,,,,
紫絡,zǐ luò,purple web,,,,,,,,,,,,,,,
羽文,yǔ wén,eloquent word,,,,,,,,,,,,,,,
王褒,wáng bāo,Wang Bao,,,,,,,,,,,,,,,
盟師,méng shī,covenant master,,,,,,,,,,,,,,,
太極眞人,tài jí zhēn rén,Grand Bourne perfected being,,,,,,,,,,,,,,,
四眞,sì zhēn,four perfected,,,,,,,,,,,,,,,
辭致,cí zhì,words,,,,,,,,,,,,,,,
華存,huá cún,Lady Wei,,,,,,,,,,,,,,,
塵垢,chén gòu,dust,dirt,,,,,,,,,,,,,,
濁穢,zhuó huì,sullied filth,,,,,,,,,,,,,,,
靈祇,líng qí,spirits,numina,,,,,,,,,,,,,,
凡俗,fán sú,common customs,,,,,,,,,,,,,,,
凡,fán,all,,,,,,,,,,,,,,,
螻蚓,lóu yǐn,earthworm,,,,,,,,,,,,,,,
季世,jì shì,decadent age,,,,,,,,,,,,,,,
禮度,lǐ dù,ritual decorum,,,,,,,,,,,,,,,
影,yǐng,shadow,,,,,,,,,,,,,,,
體氣,tǐ qì,bodily qi,,,,,,,,,,,,,,,
垢穢,gòu huì,filthy,,,,,,,,,,,,,,,
劉門,liú mén,dilapidated compound,,,,,,,,,,,,,,,
修道,xiū dào,cultivate the Dao,,,,,,,,,,,,,,,
道法,dào fǎ,ways of the Dao,techniques of the Dao,,,,,,,,,,,,,,
經方,jīng fāng,formulas,scriptures,,,,,,,,,,,,,,
疾病,jí bìng,sickness,illness,disease,,,,,,,,,,,,,
今夕,jīn xī,twilight,,,,,,,,,,,,,,,
慶,qìng,felicitation,favor,,,,,,,,,,,,,,
幽谷,yōu gǔ,obscure valley,,,,,,,,,,,,,,,
天眷,tiān juàn,heavenly generosity,,,,,,,,,,,,,,,
婢子,bì zǐ,maidservant,,,,,,,,,,,,,,,
性命,xìng mìng,life,,,,,,,,,,,,,,,
誠,chéng,sincerity,sincere,,,,,,,,,,,,,,
宻,mì,intimate feeling,,,,,,,,,,,,,,,
因縁,yīn yuán,karma,,,,,,,,,,,,,,,
世生,shì shēng,birth in this world,,,,,,,,,,,,,,,
慧,huì,wisdom,,,,,,,,,,,,,,,
齊見,qí jiàn,pious sight,,,,,,,,,,,,,,,
八難,bā nàn,Eight Difficulty,Eight Difficulties,,,,,,,,,,,,,,
靈輝,líng huī,numinous shine,,,,,,,,,,,,,,,
眞筭,zhēn suàn,perfected,,,,,,,,,,,,,,,
名嶽,míng yuè,famous peak,,,,,,,,,,,,,,,
《上道内法晨景玉經》,shàng dào nèi fǎ chén jǐng yù jīng,Inner Rituals of the Highest Way of the Jade Scripture of Dawn Phosphors,,,,,,,,,,,,,,,
仙道,xiān dào,Transcendent Dao,path to Transcendence,Dao of transcendence,,,,,,,,,,,,,
王君,wáng jūn,Lord Wang,,,,,,,,,,,,,,,
華散條,huá sàn tiáo,Hua Santiao,,,,,,,,,,,,,,,
李明允,lǐ míng yǔn,Li Mingyun,,,,,,,,,,,,,,,
雲藴,yún yùn,cloudy bookcase,,,,,,,,,,,,,,,
太上寶文,tài shàng bǎo wén,Precious Writs Most High,Precious Writs of the Most High,,,,,,,,,,,,,,
八素隱書,bā sù yǐn shū,Hidden Book of the Eight Immaculates,Hidden Book of the Eight Purities,,,,,,,,,,,,,,
大洞眞經,dà dòng zhēn jīng,Perfected Scripture of the Great Grotto,,,,,,,,,,,,,,,
靈書紫文八道,líng shū zǐ wén bā dào,Numinous Book and Purple Writs of the Eight Paths,,,,,,,,,,,,,,,
紫度炎光,zǐ dù yán guāng,Purple Crossing and Blazing Radiance,,,,,,,,,,,,,,,
石精玉馬,shí jīng yù mǎ,Lithic Essence of the Jade Horse,,,,,,,,,,,,,,,
神眞虎文,shén zhēn hǔ wén,Tiger Writs of Divine Perfection,,,,,,,,,,,,,,,
高仙羽玄,gāo xiān yǔ xuán,Winged Mystery of High Transcendence,,,,,,,,,,,,,,,
南極眞人,nán jí zhēn rén,Perfected Being of the Southern Bourne,,,,,,,,,,,,,,,
西城,xī chéng,Western Citadel,,,,,,,,,,,,,,,
陽洛山,yáng luò shān,Yangluo Mountain,Mt. Yangluo,,,,,,,,,,,,,,
汲郡,jí jùn,Ji Prefecture,,,,,,,,,,,,,,,
修武縣,xiū wǔ xiàn,Xiuwu County,,,,,,,,,,,,,,,
黄庭,huáng tíng,Yellow Court,,,,,,,,,,,,,,,
内景經,nèi jǐng jīng,Scriptures of the Inner Phosphors,,,,,,,,,,,,,,,
張君,zhāng jūn,Lord Zhang,,,,,,,,,,,,,,,
治精制鬼法,zhì jīng zhì guǐ fǎ,Method for Controlling Demons by Ordering Essences,,,,,,,,,,,,,,,
太元,tài yuán,Grand Mystery,Grand Prime,Grand Primal,,,,,,,,,,,,,
東嶽,dōng yuè,Eastern Sacred Peak,Upper Thearch,,,,,,,,,,,,,,
上卿,shàng qīng,upper chamberlain,Craftsman,Upper Chamberlain,,,,,,,,,,,,,
眞君,zhēn jūn,Perfected Lord,,,,,,,,,,,,,,,
中候,zhōng hòu,middle-watch,Middle Marquis,,,,,,,,,,,,,,
李道,lǐ dào,Li Dao,,,,,,,,,,,,,,,
安林,ān lín,Anlin,,,,,,,,,,,,,,,
茅,máo,Mao,,,,,,,,,,,,,,,
諱,huì,taboo name,name,secret name,,,,,,,,,,,,,
盈,Yíng,Ying,,,,,,,,,,,,,,,
叔申,shū shēn,Shushen,,,,,,,,,,,,,,,
咸陽,xián yáng,Xianyang,,,,,,,,,,,,,,,
南關,nán guān,Southern Pass,Nanguan,,,,,,,,,,,,,,
姬,jī,Ji,,,,,,,,,,,,,,,
冑,zhòu,family line,,,,,,,,,,,,,,,
氏族,shì zú,clan,,,,,,,,,,,,,,,
積德,jī dé,accumulated virtue,,,,,,,,,,,,,,,
明賢,míng xián,bright worthy,,,,,,,,,,,,,,,
高祖父,gāo zǔ fù,paternal great-great-grandfather,great-great-grandfather,,,,,,,,,,,,,,
興,xīng,rise,,,,,,,,,,,,,,,
亡,wáng,fall,,,,,,,,,,,,,,,
北郭,běi guō,fortification north of Xianyang,,,,,,,,,,,,,,,
北阿,běi ē,North Talus,,,,,,,,,,,,,,,
鬼谷先生,guǐ gǔ xiān shēng,Master Guigu,,,,,,,,,,,,,,,
華山,huà shān,Mt. Hua,mountain,Mt. Blossom,,,,,,,,,,,,,
靈峯,líng fēng,numinous peak,,,,,,,,,,,,,,,
幽岫,yōu xiù,dark source-mont,,,,,,,,,,,,,,,
曾祖父,zēng zǔ fù,great-grandfather,,,,,,,,,,,,,,,
第四子,dì sì zǐ,fourth son,,,,,,,,,,,,,,,
秦昭王,Qín Zhāo wáng,King Zhao,,,,,,,,,,,,,,,
舍人,shè rén,palace secretary,,,,,,,,,,,,,,,
車騎校尉,jū qí xiào wèi,commandant of the calvary,,,,,,,,,,,,,,,
長平恭侯,Cháng píng gōng hóu,honored marquis of Changping,,,,,,,,,,,,,,,
霸,bà,hegemon,,,,,,,,,,,,,,,
功業,gōng yè,exploit,,,,,,,,,,,,,,,
祖父,zǔ fù,grandfather,,,,,,,,,,,,,,,
嘉,jiā,Jia,,,,,,,,,,,,,,,
正倫,zhèng lún,Zhenglun,,,,,,,,,,,,,,,
秦,qín,Qin,,,,,,,,,,,,,,,
莊王,zhuāng wáng,King Zhuang,,,,,,,,,,,,,,,
廣信侯,guǎng xìn hóu,Marquis of Broad Faithfulness,,,,,,,,,,,,,,,
始皇,shǐ huáng,First August Emperor,first emperor,,,,,,,,,,,,,,
帝室,dì shì,royal house,,,,,,,,,,,,,,,
莊襄王,zhuāng xiāng wáng,King Zhuangxiang,,,,,,,,,,,,,,,
巴,bā,Ba,,,,,,,,,,,,,,,
蜀,shǔ,Shu,,,,,,,,,,,,,,,
漢中,hàn zhōng,Hanzhong,,,,,,,,,,,,,,,
宛,wǎn,Wan,,,,,,,,,,,,,,,
郢,yǐng,Ying,,,,,,,,,,,,,,,
南郡,nán jùn,Southern Commandery,,,,,,,,,,,,,,,
上郡,shàng jùn,upper commandery,,,,,,,,,,,,,,,
太原,tài yuán,Taiyuan,,,,,,,,,,,,,,,
滎陽,xíng yáng,Xingyang,,,,,,,,,,,,,,,
二周,èr zhōu,two kingdoms of Zhou,,,,,,,,,,,,,,,
三川郡,sān chuān jùn,Three Rivers Commandery,,,,,,,,,,,,,,,
吕不韋,lǚ bù wéi,Lü Buwei,,,,,,,,,,,,,,,
丞相,chéng xiàng,prime minister,,,,,,,,,,,,,,,
文信侯,wén xìn hóu,Marquis of Lettered Faithfulness,,,,,,,,,,,,,,,
德信侯,dé xìn hóu,Marquis of Virtuous Integrity,,,,,,,,,,,,,,,
賓客,bīn kè,retainer,,,,,,,,,,,,,,,
㳺士,yóu shì,wandering knight,,,,,,,,,,,,,,,
韓,hán,Han,,,,,,,,,,,,,,,
魏,wèi,Wei,,,,,,,,,,,,,,,
趙,zhào,Zhao,,,,,,,,,,,,,,,
楚,chǔ,Chu,,,,,,,,,,,,,,,
壽陵,shòu líng,Shouling,,,,,,,,,,,,,,,
兵,bīng,army,weaponry,,,,,,,,,,,,,,
東都,dōng dū,eastern capital,,,,,,,,,,,,,,,
斤,jīn,catty,,,,,,,,,,,,,,,
燕,yān,Yan,chariot,,,,,,,,,,,,,,
遼東,liáo dōng,Liaodong,,,,,,,,,,,,,,,
燕王,yān wáng,King of Yan,,,,,,,,,,,,,,,
嘉定,jiā dìng,Jia,,,,,,,,,,,,,,,
荊,jīng,Jingzhou,,,,,,,,,,,,,,,
江南,jiāng nán,lands south of the Yangzi River,,,,,,,,,,,,,,,
會稽郡,kuài jī jùn,Guiji commandery,,,,,,,,,,,,,,,
會稽,kuài jī,Guiji,,,,,,,,,,,,,,,
相國,xiàng guó,prime minister,,,,,,,,,,,,,,,
龍首山,lóng shǒu shān,Longshou Hills,,,,,,,,,,,,,,,
六子,liù zǐ,six son,,,,,,,,,,,,,,,
知名,zhī míng,well-known,,,,,,,,,,,,,,,
官爵,guān jué,ranked officer,,,,,,,,,,,,,,,
先,xiān,forebear,,,,,,,,,,,,,,,
第六子,dì liù zǐ,sixth son,,,,,,,,,,,,,,,
彦英,yàn yīng,Yanying,,,,,,,,,,,,,,,
仕,shì,serve as a minister,,,,,,,,,,,,,,,
學,xué,study,learn,,,,,,,,,,,,,,
農巷,nóng xiàng,country village,,,,,,,,,,,,,,,
長子,zhǎng zǐ,eldest,,,,,,,,,,,,,,,
次子,cì zǐ,second eldest,,,,,,,,,,,,,,,
小子,xiǎo zǐ,youngest,,,,,,,,,,,,,,,
固,gù,Gu,,,,,,,,,,,,,,,
季偉,jì wěi,Jiwei,,,,,,,,,,,,,,,
思和,sī hé,Sihe,,,,,,,,,,,,,,,
少,shào,young,,,,,,,,,,,,,,,
操,cāo,principle,virtue,,,,,,,,,,,,,,
天才,tiān cái,genius,,,,,,,,,,,,,,,
聞達,wén dá,influence,,,,,,,,,,,,,,,
非類,fēi lèi,those who did not meet his standards,,,,,,,,,,,,,,,
家,jiā,family,home,,,,,,,,,,,,,,
親,qīn,kin,relative,,,,,,,,,,,,,,
恒山,héng shān,Mt. Heng,,,,,,,,,,,,,,,
老子,Lǎo zǐ,Laozi,,,,,,,,,,,,,,,
道德經,Dào dé jīng,Classic of the Way and its Virtue,,,,,,,,,,,,,,,
周易,Zhōu yì,Zhou Changes,,,,,,,,,,,,,,,
山术,shān shù,atractylis,,,,,,,,,,,,,,,
崖,yá,cliff,,,,,,,,,,,,,,,
靈岫,líng xiù,numinous source-mont,,,,,,,,,,,,,,,
庚子,gēng zǐ,gengzi day,,,,,,,,,,,,,,,
濛,méng,Meng,,,,,,,,,,,,,,,
邑,yì,village,,,,,,,,,,,,,,,
臘,là,la-festival,,,,,,,,,,,,,,,
謡歌,yáo gē,ballad,,,,,,,,,,,,,,,
父老,fù lǎo,elder,village elder,,,,,,,,,,,,,,
嘉平,jiā píng,Felicitous and Equable,,,,,,,,,,,,,,,
神夢,shén mèng,divine dream,,,,,,,,,,,,,,,
眞道,zhēn dào,Perfected Dao,perfected Dao,,,,,,,,,,,,,,
悟,wù,awakening,,,,,,,,,,,,,,,
明辰,míng chén,bright star,,,,,,,,,,,,,,,
嶺,lǐng,ridge,,,,,,,,,,,,,,,
城,chéng,wall,citadel,city,,,,,,,,,,,,,
沐浴,mù yù,bathe,ablution,take a bath,,,,,,,,,,,,,
龜山,guī shān,Mt. Gui,,,,,,,,,,,,,,,
朝菌,zhāo jūn,mushroom,,,,,,,,,,,,,,,
積朔,jī shuò,many moons,,,,,,,,,,,,,,,
塗,tú,road,,,,,,,,,,,,,,,
幽林,yōu lín,dark forest,,,,,,,,,,,,,,,
丹苦,dān kǔ,heartfelt pain,,,,,,,,,,,,,,,
治身,zhì shēn,regulating the body,,,,,,,,,,,,,,,
服氣,fú qì,imbibe qi,ingesting qi,ingest qi,,,,,,,,,,,,,
魂魄,hún pò,white-soul,cloud-soul,,,,,,,,,,,,,,
歲,suì,year,,,,,,,,,,,,,,,
皇天,huáng tiān,August Heaven,,,,,,,,,,,,,,,
玉珮,yù pèi,Jade Pendant,,,,,,,,,,,,,,,
金璫,jīn dāng,Gold Ring,Gold Medallion,Golden Ring,,,,,,,,,,,,,
太極玄眞,tài jí xuán zhēn,Mysterious Perfection of the Grand Ultimate,,,,,,,,,,,,,,,
華蓋,huá gài,floriate canopy,,,,,,,,,,,,,,,
陰景,yīn jǐng,Yin Phosphor,yin-phosphor,,,,,,,,,,,,,,
内眞,nèi zhēn,Inner Perfected,,,,,,,,,,,,,,,
隱玄,yǐn xuán,hidden mystery,,,,,,,,,,,,,,,
洞飛,dòng fēi,Grotto Flight,,,,,,,,,,,,,,,
霄霞,xiāo xiá,aurora,,,,,,,,,,,,,,,
太霄,tài xiāo,Grand Empyrean,,,,,,,,,,,,,,,
二景,èr jǐng,two phosphors,Two Phosphors,,,,,,,,,,,,,,
文章,wén zhāng,text,,,,,,,,,,,,,,,
子玉,zǐ yù,jade slat,,,,,,,,,,,,,,,
玄挺,xuán tǐng,mysterious talent,,,,,,,,,,,,,,,
錄字,lù zì,name,,,,,,,,,,,,,,,
刊金,kān jīn,carved in gold,,,,,,,,,,,,,,,
黃,huáng,yellow,,,,,,,,,,,,,,,
素書,sù shū,immaculate book,,,,,,,,,,,,,,,
此道,cǐ dào,this Dao,,,,,,,,,,,,,,,
明堂玄眞之道,míng táng xuán zhēn zhī dào,Dao of the Mysterious Perfected Being of the Bright Hall,,,,,,,,,,,,,,,
太霄隱書,tài xiāo yǐn shū,Hidden Writings of the Grand Empyrean,,,,,,,,,,,,,,,
混俗,hùn sú,common people,,,,,,,,,,,,,,,
矯,jiǎo,affair,install,,,,,,,,,,,,,,
北谷,běi gǔ,northern valley,,,,,,,,,,,,,,,
儒俗,rú sú,Classics,,,,,,,,,,,,,,,
孝,xiào,filial son,,,,,,,,,,,,,,,
妖妄,yāo wàng,wanton way,,,,,,,,,,,,,,,
世事,shì shì,ways of the world,,,,,,,,,,,,,,,
供養,gòng yǎng,duties,,,,,,,,,,,,,,,
家門,jiā mén,family,,,,,,,,,,,,,,,
聖師,shèng shī,sage master,,,,,,,,,,,,,,,
符籙,fú lù,talisman,register,,,,,,,,,,,,,,
天丁,tiān dīng,heavenly soldier,,,,,,,,,,,,,,,
侍衛,shì wèi,protection,attend,stand guard,,,,,,,,,,,,,
仙童,xiān tóng,Transcendent lad,transcendent lad,Transcendent Lad,,,,,,,,,,,,,
玄域,xuán yù,spiritual world,,,,,,,,,,,,,,,
壁,bì,wall,,,,,,,,,,,,,,,
柱,zhù,column,,,,,,,,,,,,,,,
慮,lǜ,think,,,,,,,,,,,,,,,
傷,shāng,injury,injure,harm,,,,,,,,,,,,,
漢宣帝,hàn xuān dì,Emperor Xuan,,,,,,,,,,,,,,,
二弟,èr dì,two brothers,younger brothers,,,,,,,,,,,,,,
五官大夫,wǔ guān dà fū,director of the Five Offices,,,,,,,,,,,,,,,
西河,xī hé,Xihe,,,,,,,,,,,,,,,
執金吾,zhí jīn wú,bearer of the gilded mace,,,,,,,,,,,,,,,
鄉里,xiāng lǐ,district,,,,,,,,,,,,,,,
數百人,shù bǎi rén,several hundred men,,,,,,,,,,,,,,,
作,zuò,salary,,,,,,,,,,,,,,,
二千石,èr qiān dàn,000-bushel salary,2,,,,,,,,,,,,,,
三日,sān rì,third day,,,,,,,,,,,,,,,
期日,qī rì,day,,,,,,,,,,,,,,,
盈門,yíng mén,Ying’s front door,,,,,,,,,,,,,,,
芥,jiè,inch,,,,,,,,,,,,,,,
青縑,qīng jiān,azure thread,,,,,,,,,,,,,,,
幄屋,wò wū,tent,,,,,,,,,,,,,,,
白氊,bái zhān,white felt mat,,,,,,,,,,,,,,,
客,kè,guest,,,,,,,,,,,,,,,
弟,dì,younger brother,brother,,,,,,,,,,,,,,
賔,bīn,guest,,,,,,,,,,,,,,,
主人,zhǔ rén,host,,,,,,,,,,,,,,,
金槃,jīn pán,golden platter,,,,,,,,,,,,,,,
玉杯,yù bēi,jade cup,,,,,,,,,,,,,,,
奇餚,qí yáo,rare meat,,,,,,,,,,,,,,,
異果,yì guǒ,strange fruit,,,,,,,,,,,,,,,
妓,jì,courtesan,,,,,,,,,,,,,,,
樂,yuè,orchestra,,,,,,,,,,,,,,,
絲竹,sī zhú,string,,,,,,,,,,,,,,,
金石,jīn shí,gold,stone,bell,,,,,,,,,,,,,
香麝,xiāng shè,perfumed musk,,,,,,,,,,,,,,,
飮食,yǐn shí,food and drink,,,,,,,,,,,,,,,
文官,wén guān,civil official,,,,,,,,,,,,,,,
武官,wǔ guān,military official,,,,,,,,,,,,,,,
朱衣,zhū yī,vermilion robe,vermillion shirt,,,,,,,,,,,,,,
素帶,sù dài,white sash,,,,,,,,,,,,,,,
甲,jiǎ,I,armor,,,,,,,,,,,,,,
牙旗,yá qí,standard,,,,,,,,,,,,,,,
器杖,qì zhàng,weapon,,,,,,,,,,,,,,,
家人,jiā rén,family,,,,,,,,,,,,,,,
親族,qīn zú,kin,,,,,,,,,,,,,,,
子弟,zǐ dì,son,brother,,,,,,,,,,,,,,
眞仙道,zhēn xiān dào,Dao of Perfection and Transcendence,,,,,,,,,,,,,,,
跡,jì,trace,,,,,,,,,,,,,,,
句曲,gōu qū,Mt. Gouqu,,,,,,,,,,,,,,,
茅君,máo jūn,Maojun,,,,,,,,,,,,,,,
邦人,bāng rén,villager,,,,,,,,,,,,,,,
盈玄,yíng xuán,Ying,,,,,,,,,,,,,,,
飛步虛,fēi bù xū,pace the void,,,,,,,,,,,,,,,
蓋,gài,covered,cover,,,,,,,,,,,,,,
仙化,xiān huà,transform into a transcendent,,,,,,,,,,,,,,,
松喬,sōng qiáo,Wang Ziqiao,,,,,,,,,,,,,,,
鼎湖,dǐng hú,Tripod Lake,,,,,,,,,,,,,,,
糟粕,zāo pò,tidbit,,,,,,,,,,,,,,,
輿,yú,rickshaw,carriage,chariot,,,,,,,,,,,,,
東山,dōng shān,eastern mountain,,,,,,,,,,,,,,,
兄,xiōng,brother,,,,,,,,,,,,,,,
眞訣,zhēn jué,perfected formula,Perfected instruction,,,,,,,,,,,,,,
地上仙,dì shàng xiān,terrestrial upper transcendent,,,,,,,,,,,,,,,
大術,dà shù,great technique,,,,,,,,,,,,,,,
青牙,qīng yá,azure sprout,,,,,,,,,,,,,,,
筋骨,jīn gǔ,tendon,bone,,,,,,,,,,,,,,
天兵,tiān bīng,celestial soldier,celestial army,,,,,,,,,,,,,,
神方,shén fāng,divine recipe,,,,,,,,,,,,,,,
紫素,zǐ sù,Purple-Elemental,,,,,,,,,,,,,,,
衷,zhōng,Zhong,,,,,,,,,,,,,,,
執儀者,zhí yí zhě,officer in charge of investiture,,,,,,,,,,,,,,,
眞書,zhēn shū,Perfected document,,,,,,,,,,,,,,,
言,yán,word,read,,,,,,,,,,,,,,
茅固,máo gù,Mao Gu,,,,,,,,,,,,,,,
定録,dìng lù,Lord of Certifying Registers,,,,,,,,,,,,,,,
保舉,bǎo jǔ,sponsoring,,,,,,,,,,,,,,,
有道,yǒu dào,those with the Dao,,,,,,,,,,,,,,,
年命,nián mìng,lifespan,,,,,,,,,,,,,,,
相關,xiāng guān,consistent,,,,,,,,,,,,,,,
恭,gōng,reverence,,,,,,,,,,,,,,,
所蒞,suǒ lì,office,,,,,,,,,,,,,,,
四極,sì jí,Four Extremities,,,,,,,,,,,,,,,
法令,fǎ lìng,decrees,statutes,,,,,,,,,,,,,,
斷,duàn,investigating,,,,,,,,,,,,,,,
馘,guó,interrogating,,,,,,,,,,,,,,,
保命,bǎo mìng,uphold,protect life,,,,,,,,,,,,,,
建名,jiàn míng,work,,,,,,,,,,,,,,,
岱宗,dài zōng,genius,,,,,,,,,,,,,,,
江海,jiāng hǎi,younger brother,,,,,,,,,,,,,,,
水源,shuǐ yuán,purity,,,,,,,,,,,,,,,
掌,zhǎng,supervisor,,,,,,,,,,,,,,,
金谷,jīn gǔ,Three Officials,,,,,,,,,,,,,,,
藏,cáng,safeguard,viscera,,,,,,,,,,,,,,
龍芝,lóng zhī,ancestral peak,,,,,,,,,,,,,,,
夜光,yè guāng,living,nocturnal radiance,perfection,,,,,,,,,,,,,
良常,liáng cháng,Golden Valley,,,,,,,,,,,,,,,
北洞,běi dòng,luminescent grotto,northern grotto,,,,,,,,,,,,,,
陰宫,yīn gōng,jade nectar,,,,,,,,,,,,,,,
北,běi,north,northern,,,,,,,,,,,,,,
漢平帝,hàn píng dì,Emperor Ping of Han,,,,,,,,,,,,,,,
元壽,yuán shòu,Yuanshou,,,,,,,,,,,,,,,
八月,bā yuè,eighth month,,,,,,,,,,,,,,,
羣官,qún guān,minister,,,,,,,,,,,,,,,
東卿,dōng qīng,Eastern Minister,,,,,,,,,,,,,,,
上眞君,shàng zhēn jūn,High Lord,,,,,,,,,,,,,,,
紫玉,zǐ yù,purple jade,,,,,,,,,,,,,,,
板,bǎn,paulownia board,plaque,,,,,,,,,,,,,,
黄金,huáng jīn,gold,,,,,,,,,,,,,,,
童蒙,tóng méng,child,,,,,,,,,,,,,,,
散髮,sàn fà,untie hair,loose hair,,,,,,,,,,,,,,
北山,běi shān,North Mountain,,,,,,,,,,,,,,,
靜心,jìng xīn,still heart-mind,calm mind,,,,,,,,,,,,,,
林澤,lín zé,forest,mountain,grove,,,,,,,,,,,,,
積思,jī sī,accumulated thought,,,,,,,,,,,,,,,
峻,jùn,heights,,,,,,,,,,,,,,,
谷,gǔ,valley,,,,,,,,,,,,,,,
師門,shī mén,teacher,,,,,,,,,,,,,,,
万津,wàn jīn,myriad ford,,,,,,,,,,,,,,,
天然,tiān rán,nature,natural,,,,,,,,,,,,,,
明匠,míng jiàng,master,,,,,,,,,,,,,,,
靈篇,líng piān,spirit,numinous chapter,,,,,,,,,,,,,,
首,shǒu,head,stanza,,,,,,,,,,,,,,
帶索,dài suǒ,hair,,,,,,,,,,,,,,,
飢,jī,hunger,hungry,,,,,,,,,,,,,,
寒,hán,cold,,,,,,,,,,,,,,,
盈位,yíng wèi,Ying,,,,,,,,,,,,,,,
神君,shén jūn,numinous,,,,,,,,,,,,,,,
平,píng,respectful,,,,,,,,,,,,,,,
正,zhèng,correct,correct one,,,,,,,,,,,,,,
格,gé,standard,,,,,,,,,,,,,,,
丹心,dān xīn,fervent mind,heart,,,,,,,,,,,,,,
栖,qī,dwell,,,,,,,,,,,,,,,
高,gāo,upper,tall,,,,,,,,,,,,,,
映,yìng,appoint,,,,,,,,,,,,,,,
玉鉞,yù yuè,metal,jade axe,,,,,,,,,,,,,,
林谷,lín gǔ,marshes,fonts,,,,,,,,,,,,,,
紫髦,zǐ máo,Lord Mao,,,,,,,,,,,,,,,
藕敷,ǒu fū,gelid,,,,,,,,,,,,,,,
華冠,huá guān,forest valley,floriate crown,,,,,,,,,,,,,,
繡羽,xiù yǔ,finely stitched robe,embroidered feather,,,,,,,,,,,,,,
紫帔,zǐ pèi,purple robe,,,,,,,,,,,,,,,
丹青,dān qīng,cinnabar-azure writing,Transcendence,,,,,,,,,,,,,,
羣,qún,family,,,,,,,,,,,,,,,
霄階,xiāo jiē,places of danger and peril,,,,,,,,,,,,,,,
玉眞,yù zhēn,Lord Mao,,,,,,,,,,,,,,,
步驟,bù zhòu,travel,,,,,,,,,,,,,,,
深藪,shēn sǒu,empyrean,,,,,,,,,,,,,,,
仞,rèn,high,,,,,,,,,,,,,,,
素虎,sù hǔ,white tiger,,,,,,,,,,,,,,,
軿,píng,chariot,,,,,,,,,,,,,,,
帝庭,dì tíng,courts of emperors,imperial court,courtyard of Thearchs,,,,,,,,,,,,,
霜,shuāng,frost,,,,,,,,,,,,,,,
雪,xuě,snow,,,,,,,,,,,,,,,
曲晨,qū chén,phosphor,,,,,,,,,,,,,,,
寶蓋,bǎo gài,precious canopy,obstructions,,,,,,,,,,,,,,
瓊幃,qióng wéi,illumination,,,,,,,,,,,,,,,
緑室,lǜ shì,Perfection,,,,,,,,,,,,,,,
流金,liú jīn,vast accomplishment,swirling gold,flowing gold,,,,,,,,,,,,,
火鈴,huǒ líng,view,fiery bell,,,,,,,,,,,,,,
雙珠,shuāng zhū,dark,,,,,,,,,,,,,,,
月明,yuè míng,sacred peak,,,,,,,,,,,,,,,
貞心,zhēn xīn,heart,,,,,,,,,,,,,,,
高靜,gāo jìng,tranquility,,,,,,,,,,,,,,,
淫累,yín lèi,impurity,,,,,,,,,,,,,,,
浩映,hào yìng,moonbeam,,,,,,,,,,,,,,,
内外,nèi wài,report,,,,,,,,,,,,,,,
坦平,tǎn píng,tidings,,,,,,,,,,,,,,,
錦旌,jǐn jīng,floodlight,,,,,,,,,,,,,,,
繡幡,xiù fān,virtue,,,,,,,,,,,,,,,
白羽,bái yǔ,frank,white-winged,White-Winged,,,,,,,,,,,,,
玄竿,xuán gān,fair,,,,,,,,,,,,,,,
六陰,liù yīn,licentious way,,,,,,,,,,,,,,,
侍軒,shì xuān,lofty thought,,,,,,,,,,,,,,,
萬生,wàn shēng,jade maiden,,,,,,,,,,,,,,,
蠢動,chǔn dòng,white feather,,,,,,,,,,,,,,,
毛,máo,black pole,,,,,,,,,,,,,,,
經營,jīng yíng,serve,,,,,,,,,,,,,,,
鳳鸞,fèng luán,phoenix,luan,,,,,,,,,,,,,,
金鐘,jīn zhōng,golden bell,,,,,,,,,,,,,,,
玉磬,yù qìng,jade chime,,,,,,,,,,,,,,,
神虛館,shén xū guǎn,Hall of Spirit Emptiness,,,,,,,,,,,,,,,
惑,huò,confusion,,,,,,,,,,,,,,,
淳,chún,spirits,,,,,,,,,,,,,,,
紫琳,zǐ lín,purple lin-gem,,,,,,,,,,,,,,,
腴,yú,paste,,,,,,,,,,,,,,,
金甖,jīn yīng,golden pitcher,,,,,,,,,,,,,,,
丹瓊,dān qióng,cinnabar,rose-gem,,,,,,,,,,,,,,
清玄,qīng xuán,abstruse,pure,,,,,,,,,,,,,,
紫瑋,zǐ wěi,purple glowing gem,,,,,,,,,,,,,,,
八映,bā yìng,eight radiances,,,,,,,,,,,,,,,
心暉,xīn huī,mind,,,,,,,,,,,,,,,
重離,zhòng lí,brilliant sun,,,,,,,,,,,,,,,
神曜,shén yào,spirit,,,,,,,,,,,,,,,
長者,zhǎng zhě,chief,,,,,,,,,,,,,,,
九德,jiǔ dé,nine virtues,,,,,,,,,,,,,,,
虛白,xū bái,vacuous whiteness,,,,,,,,,,,,,,,
九事,jiǔ shì,nine affairs,,,,,,,,,,,,,,,
懷盈,huái yíng,gifts,,,,,,,,,,,,,,,
心神,xīn shén,mind,spirit,,,,,,,,,,,,,,
四靈,sì líng,four numinous beasts,,,,,,,,,,,,,,,
丹神,dān shén,fervent spirit,,,,,,,,,,,,,,,
煥,huàn,brilliance,,,,,,,,,,,,,,,
秉直,bǐng zhí,straightforward,,,,,,,,,,,,,,,
正任,zhèng rèn,upright in his duties,,,,,,,,,,,,,,,
全固,quán gù,resolute,,,,,,,,,,,,,,,
宰,zǎi,prince,chamberlain,,,,,,,,,,,,,,
録,lù,register,,,,,,,,,,,,,,,
玉洞,yù dòng,Jade Grotto,,,,,,,,,,,,,,,
府,fǔ,administrative district,bureau,Bureau,,,,,,,,,,,,,
局,jú,post,,,,,,,,,,,,,,,
任,rèn,appointment,post,,,,,,,,,,,,,,
赤眞人,chì zhēn rén,Red Perfected Being,,,,,,,,,,,,,,,
蒼生,cāng shēng,common creature,,,,,,,,,,,,,,,
鳥獸,niǎo shòu,bird,beast,,,,,,,,,,,,,,
罪惡,zuì è,evil,transgression,,,,,,,,,,,,,,
內法,nèi fǎ,ritual,,,,,,,,,,,,,,,
外教,wài jiào,teaching,,,,,,,,,,,,,,,
五禾,wǔ hé,five grains,,,,,,,,,,,,,,,
茅山,máo shān,Mt. Mao,,,,,,,,,,,,,,,
金陵,jīn líng,Golden Hills,,,,,,,,,,,,,,,
江湖,jiāng hú,rivers,lakes,,,,,,,,,,,,,,
下流,xià liú,downflow,,,,,,,,,,,,,,,
三神,sān shén,three spirits,three Mao spirits,,,,,,,,,,,,,,
白鵠,bái hú,white swan,,,,,,,,,,,,,,,
山頭,shān tóu,peak,,,,,,,,,,,,,,,
雨,yǔ,rain,,,,,,,,,,,,,,,
稻,dào,rice paddy,,,,,,,,,,,,,,,
苗,miáo,sprout,,,,,,,,,,,,,,,
妻子,qī zi,wife,child,,,,,,,,,,,,,,
百憂,bǎi yōu,hundred sorrows,,,,,,,,,,,,,,,
清靈,qīng líng,Pure Numinosity,,,,,,,,,,,,,,,
裴君,Péi jūn,Lord Pei,,,,,,,,,,,,,,,
鄧雲子,dèng yún zǐ,Deng Yunzi,,,,,,,,,,,,,,,
玄仁,xuán rén,Xuanren,,,,,,,,,,,,,,,
右扶風,yòu fú fēng,You Fufeng,,,,,,,,,,,,,,,
夏陽,xià yáng,Xiayang,,,,,,,,,,,,,,,
漢孝文帝,hàn xiào wén dì,Han Emperor Wen the Filial,,,,,,,,,,,,,,,
佛道,fó dào,Dao of the Buddha,,,,,,,,,,,,,,,
四月八日,sì yuè bā rì,eighth day of the fourth lunar month,,,,,,,,,,,,,,,
馮翊,féng yì,Fengyi,,,,,,,,,,,,,,,
趙康子,zhào kāng zǐ,Zhao Kangzi,,,,,,,,,,,,,,,
皓季成,hào jì chéng,Gao Jicheng,,,,,,,,,,,,,,,
佛圖,fó tú,Buddhist temple,temple,monastery,,,,,,,,,,,,,
賤人,jiàn rén,low-class person,indigent man,,,,,,,,,,,,,,
單衣,dān yī,single-layer gown,unlined plain clothes,single garment,,,,,,,,,,,,,
黃巾,huáng jīn,yellow turban,,,,,,,,,,,,,,,
顏,yán,countenance,,,,,,,,,,,,,,,
道人,dào rén,Daoist adept,person of Dao,Buddhist monk,,,,,,,,,,,,,
支子元,Zhī Zǐyuán,Zhi Ziyuan,,,,,,,,,,,,,,,
宿舊人,sù jiù rén,old friend,,,,,,,,,,,,,,,
曲室,qǔ shì,sealed chamber,secret chamber,,,,,,,,,,,,,,
幽靜之房,yōu jìng zhī fáng,dark and quiet room,,,,,,,,,,,,,,,
豐饌,fēng zhuàn,feast,,,,,,,,,,,,,,,
隱處,yǐn chù,secluded location,,,,,,,,,,,,,,,
相人,xiàng rén,physiognomy,,,,,,,,,,,,,,,
北斗瑤光星,běi dǒu yáo guāng xīng,Gemmy Light of the Dipper,,,,,,,,,,,,,,,
河魁,hé kuí,River Kui,,,,,,,,,,,,,,,
貴爵,guì jué,title of nobility,noble rank,,,,,,,,,,,,,,
志願,zhì yuàn,desire,,,,,,,,,,,,,,,
津梁,jīn liáng,bridges,ferrying and bridging,fords,,,,,,,,,,,,,
七氣,qī qì,seven qi,,,,,,,,,,,,,,,
妙事,miào shì,something wondrous,,,,,,,,,,,,,,,
緣,yuán,fate,karmic affinity,,,,,,,,,,,,,,
祕術,mì shù,esoteric technique,esoteric art,,,,,,,,,,,,,,
內術,nèi shù,esoteric technique,,,,,,,,,,,,,,,
神訣,shén jué,Divine Instruction,divine instruction,,,,,,,,,,,,,,
密室,mì shì,sealed chamber,closed chamber,secret chamber,,,,,,,,,,,,,
寢牀,qǐn chuáng,bed,,,,,,,,,,,,,,,
月建,yuè jiàn,proper direction for the month,,,,,,,,,,,,,,,
北方辰星,běi fāng chén xīng,Chronographic Star of the North,,,,,,,,,,,,,,,
東方歲星,dōng fāng suì xīng,Year Star of the East,,,,,,,,,,,,,,,
西方太白星,xī fāng tài bái xīng,Grand White Star of the West,,,,,,,,,,,,,,,
南方熒惑星,nán fāng yíng huò xīng,Dazzling Deluder Star of the South,,,,,,,,,,,,,,,
中央鎮星,zhōng yāng zhèn xīng,Quelling Star of the Center,,,,,,,,,,,,,,,
萬禍,wàn huò,myriad calamity,,,,,,,,,,,,,,,
五老人,wǔ lǎo rén,five old man,,,,,,,,,,,,,,,
五星精神,wǔ xīng jīng shén,essential spirit of the five planet,,,,,,,,,,,,,,,
人身,rén shēn,human body,,,,,,,,,,,,,,,
上旬,shàng xún,first ten days,first ten days of the month,,,,,,,,,,,,,,
除,chú,chu,,,,,,,,,,,,,,,
生氣,shēng qì,vital qi,,,,,,,,,,,,,,,
長生之道,cháng shēng zhī dào,Dao of longevity,,,,,,,,,,,,,,,
精血,jīng xuè,seminal essence,blood,,,,,,,,,,,,,,
外法,wài fǎ,profane method,,,,,,,,,,,,,,,
陰,yīn,yin,Yin,shadow,,,,,,,,,,,,,
氣液,qì yè,qi,bodily fluid,,,,,,,,,,,,,,
精醴,jīng lǐ,vital fluid,,,,,,,,,,,,,,,
靖,jìng,oratory,,,,,,,,,,,,,,,
白元,bái yuán,Baiyuan,White Prime,,,,,,,,,,,,,,
五華,wǔ huá,five blossoms,efflorescence,,,,,,,,,,,,,,
黃老君,huáng lǎo jūn,Yellow Lord Lao,Yellow Elder Lord,Yellow Venerable Lord,,,,,,,,,,,,,
和魂,hé hún,cloud-soul,,,,,,,,,,,,,,,
皇上,huáng shàng,August One on high,,,,,,,,,,,,,,,
太精,tài jīng,grand essence,,,,,,,,,,,,,,,
骨靈,gǔ líng,numen in bone,,,,,,,,,,,,,,,
無上,wú shàng,Most High,,,,,,,,,,,,,,,
太真,tài zhēn,Grand Perfected,grand perfection,Grand Perfection,,,,,,,,,,,,,
六氣,liù qì,six Qi,,,,,,,,,,,,,,,
上精,shàng jīng,essence (up sent),,,,,,,,,,,,,,,
玄老,xuán lǎo,Mysterious Elder,,,,,,,,,,,,,,,
還神,huán shén,reverting spirit,,,,,,,,,,,,,,,
合會,hé huì,merge,combine,,,,,,,,,,,,,,
鍊胎,liàn tāi,refine embryo,,,,,,,,,,,,,,,
寶,bǎo,treasure,jewel,precious scripture,,,,,,,,,,,,,
腎,shèn,kidney,,,,,,,,,,,,,,,
夾脊,jiā jí,spine,,,,,,,,,,,,,,,
泥丸,ní wán,Muddy Pellet,Mud Pellet,,,,,,,,,,,,,,
還元,huán yuán,Reverting to the Prime,,,,,,,,,,,,,,,
乳,rǔ,breast,,,,,,,,,,,,,,,
化真,huà zhēn,Transformed into Perfection,,,,,,,,,,,,,,,
丹扃,dān juīng,cinnabar crossbar,,,,,,,,,,,,,,,
五行,wǔ xíng,Five Phases,,,,,,,,,,,,,,,
紫文,zǐ wén,Purple Writ,,,,,,,,,,,,,,,
朔望,shuò wàng,new moon,full moon,,,,,,,,,,,,,,
青氣,qīng qì,azure qi,,,,,,,,,,,,,,,
赤氣,chì qì,red qi,,,,,,,,,,,,,,,
黃氣,huáng qì,yellow qi,,,,,,,,,,,,,,,
尸蟲,shī chóng,corpse worm,,,,,,,,,,,,,,,
五香,wǔ xiāng,five aroma,,,,,,,,,,,,,,,
白犬,bái quǎn,white dog,,,,,,,,,,,,,,,
白雞,bái jī,white chicken,,,,,,,,,,,,,,,
白靈,bái líng,White Numen,,,,,,,,,,,,,,,
白精,bái jīng,White Essence,,,,,,,,,,,,,,,
八節日,bā jié rì,Eight Nodal Day,eight nodal day,,,,,,,,,,,,,,
芝英,zhī yīng,mushroom blossom,flowering numinous mushroom,,,,,,,,,,,,,,
靈草,líng cǎo,numinous herb,,,,,,,,,,,,,,,
尺,chǐ,chi,foot,,,,,,,,,,,,,,
寸,cùn,cun,inch,,,,,,,,,,,,,,
丹,dān,cinnabar ink,Elixir,cinnabar,,,,,,,,,,,,,
鄉,xiāng,village,county,place,,,,,,,,,,,,,
登仙,dēng xiān,transcendence,,,,,,,,,,,,,,,
罪名,zuì míng,sinful name,,,,,,,,,,,,,,,
金鐶,jīn huán,golden ring,,,,,,,,,,,,,,,
鐶,huán,ring,,,,,,,,,,,,,,,
條脫,tiáo tuō,coiled armband,,,,,,,,,,,,,,,
珠子,zhū zi,Pearl,,,,,,,,,,,,,,,
天上,tiān shàng,Heaven on High,heavenly,,,,,,,,,,,,,,
罪過,zuì guò,transgression,,,,,,,,,,,,,,,
生錄,shēng lù,Register of the Living,,,,,,,,,,,,,,,
仙籍,xiān jí,Transcendent register,registers of transcendents,rosters of transcendent beings,,,,,,,,,,,,,
山神,shān shén,mountain spirit,,,,,,,,,,,,,,,
狼,láng,wolf,,,,,,,,,,,,,,,
百害,bǎi hài,harm,ferocious beast,,,,,,,,,,,,,,
心意,xīn yì,mind,,,,,,,,,,,,,,,
惡鬼,è guǐ,evil ghost,,,,,,,,,,,,,,,
老魅,lǎo mèi,primeval bogie,,,,,,,,,,,,,,,
鬼物,guǐ wù,demonic being,,,,,,,,,,,,,,,
財物,cái wù,wealth,,,,,,,,,,,,,,,
太極真人,tài jí zhēn rén,Perfected of the Grand Bourne,Perfected being of Taiji,Perfected Being of Taiji,,,,,,,,,,,,,
立春,lì chūn,inception of spring,,,,,,,,,,,,,,,
太極宮,tài jí gōng,Palace of the Grand Bourne,Grand Bourne Palace,,,,,,,,,,,,,,
仙名,xiān míng,name of transcendent,name fated for transcendence,,,,,,,,,,,,,,
解釋,jiě shì,absolution,,,,,,,,,,,,,,,
春分,chūn fēn,vernal equinox,vernal parting,,,,,,,,,,,,,,
崑崙,kūn lún,Mount Kunlun,Kunlun,Mt. Kunlun,,,,,,,,,,,,,
瑤臺,yáo tái,Jasper Terrace,,,,,,,,,,,,,,,
太素真人,tài sù zhēn rén,Perfected Being of Grand Simplicity,,,,,,,,,,,,,,,
真經,zhēn jīng,perfected scripture,Perfected Scripture,Perfected scripture,,,,,,,,,,,,,
立夏,lì xià,inception of summer,first day of summer,,,,,,,,,,,,,,
紫微宮,zǐ wēi gōng,Palace of Purple Tenuity,,,,,,,,,,,,,,,
夏至,xià zhì,summer arrival,summer solstice,,,,,,,,,,,,,,
河侯,hé hóu,River Marquis,,,,,,,,,,,,,,,
筭,suàn,life tally,life register,lifespan,,,,,,,,,,,,,
立秋,lì qiū,first day of autumn,inception of autumn,,,,,,,,,,,,,,
黃房,huáng fáng,Yellow Chamber,,,,,,,,,,,,,,,
雲庭山,yún tíng shān,Mt. Yunting,,,,,,,,,,,,,,,
神圖,shén tú,divine diagram,,,,,,,,,,,,,,,
秋分,qiū fēn,autumnal parting,autumnal equinox,,,,,,,,,,,,,,
上皇大帝,shàng huáng dà dì,Great Emperor of Higher Sovereignty,,,,,,,,,,,,,,,
玉清,yù qīng,Jade Clarity,Jade Purity,,,,,,,,,,,,,,
靈闕,líng què,numinous pylons,numinous gate tower,,,,,,,,,,,,,,
太上三老君,tài shàng sān lǎo jūn,Three Venerable Lords on High,Three Elder Lords on High,,,,,,,,,,,,,,
諸真公,zhū zhēn gōng,transcendent duke,,,,,,,,,,,,,,,
學道,xué dào,studying the Dao,study the Dao,,,,,,,,,,,,,,
懈,xiè,laxness,,,,,,,,,,,,,,,
立冬,lì dōng,inception of winter,first day of winter,,,,,,,,,,,,,,
陽臺真人,yáng tái zhēn rén,perfected being of the Solar Terrace,,,,,,,,,,,,,,,
新得道,xīn dé dào,recently achieved the Dao,,,,,,,,,,,,,,,
仙錄,xiān lù,registers of transcendents,,,,,,,,,,,,,,,
冬至,dōng zhì,winter solstice,winter arrival,,,,,,,,,,,,,,
眾仙,zhòng xiān,assemblies of transcendents,assembly of Transcendent being,Transcendent being,,,,,,,,,,,,,
大宮,dà gōng,Great Palace,,,,,,,,,,,,,,,
內字,nèi zì,secret name,esoteric byname,,,,,,,,,,,,,,
八節,bā jié,Eight Nodal Days,Eight Nodal Day,eight nodal day,,,,,,,,,,,,,
日夜半,rì yè bàn,midnight,,,,,,,,,,,,,,,
七世,qī shì,seventh-generation,seven generation,,,,,,,,,,,,,,
神真,shén zhēn,divine perfected,divine Perfected,,,,,,,,,,,,,,
中時,zhōng shí,midday,,,,,,,,,,,,,,,
巖,yán,cliff,,,,,,,,,,,,,,,
九靈,jiǔ líng,Nine Numina,Nine Numinous,,,,,,,,,,,,,,
高神,gāo shén,high spirit,,,,,,,,,,,,,,,
百福,bǎi fú,hundred blessings,hundred blessing,,,,,,,,,,,,,,
節日,jié rì,nodal day,,,,,,,,,,,,,,,
眾靈,zhòng líng,droves of numina,throng of spirit,,,,,,,,,,,,,,
棲遁,qī dùn,seclusion,,,,,,,,,,,,,,,
冥契,míng qì,hidden contract,,,,,,,,,,,,,,,
登山,dēng shān,ascend a mountain,,,,,,,,,,,,,,,
啟願,qǐ yuàn,convey wish,,,,,,,,,,,,,,,
精意,jīng yì,utmost zeal,,,,,,,,,,,,,,,
向真,xiàng zhēn,strive toward perfection,,,,,,,,,,,,,,,
心誠,xīn chéng,heart’s sincerity,,,,,,,,,,,,,,,
赤將子輿,chì jiāng zǐ yú,Chijiang Ziyu,,,,,,,,,,,,,,,
內道,nèi dào,inner teachings,,,,,,,,,,,,,,,
隱訣,yǐn jué,esoteric instructions,,,,,,,,,,,,,,,
要事,yào shì,essential matter,,,,,,,,,,,,,,,
歸,guī,return,return home,,,,,,,,,,,,,,
隱室,yǐn shì,oratory,,,,,,,,,,,,,,,
卉,huì,grassy,,,,,,,,,,,,,,,
醴,lǐ,liquor,,,,,,,,,,,,,,,
華腴,huá yú,flower oil,flowery oil,,,,,,,,,,,,,,
主簿,zhǔ bù,registrar,,,,,,,,,,,,,,,
別駕,bié jià,lieutenant governor,Lieutenant Governor,,,,,,,,,,,,,,
秀才,xiù cái,Cultivated Talent,,,,,,,,,,,,,,,
博士,bó shì,erudite,,,,,,,,,,,,,,,
尚書選曹郎,shàng shū xuǎn cáo láng,gentleman of senior appointments for selections,,,,,,,,,,,,,,,
御史中丞,yù shǐ zhōng chéng,palace deputy of the Censorate,,,,,,,,,,,,,,,
侍中,shì zhōng,imperial household grandee,palace attendant,,,,,,,,,,,,,,
北軍中候,běi jūn zhōng hòu,watch officer of the Northern Army,,,,,,,,,,,,,,,
濉陽侯,suī yáng hóu,marquis of Suiyang,,,,,,,,,,,,,,,
剌史,là shǐ,regional inspector,,,,,,,,,,,,,,,
黃精,huáng jīng,Solomon’s seal,,,,,,,,,,,,,,,
白鹿,bái lù,white deer,,,,,,,,,,,,,,,
庭中,tíng zhōng,courtyard,,,,,,,,,,,,,,,
赤松子,chì sōng zǐ,Master Red Pine,,,,,,,,,,,,,,,
長跪,cháng guì,knelt down,kneel upright,genuflection,,,,,,,,,,,,,
百二十,bǎi èr shí,120,,,,,,,,,,,,,,,
松子,sōng zǐ,Master Red Pine,,,,,,,,,,,,,,,
真道,zhēn dào,road of the Perfected,Dao of perfection,,,,,,,,,,,,,,
四十五,sì shí wǔ,forty-five,,,,,,,,,,,,,,,
徵召,zhēng zhào,summon,,,,,,,,,,,,,,,
陽浴山,yáng yù shān,Mt. Yangyu,,,,,,,,,,,,,,,
網羅,wǎng luó,snare,,,,,,,,,,,,,,,
石室,shí shì,stone chamber,,,,,,,,,,,,,,,
安之,ān zhī,Liu Anzhi,,,,,,,,,,,,,,,
太華山,tài huá shān,Mt. Taihua,,,,,,,,,,,,,,,
西洞,xī dòng,western grotto,western cave,,,,,,,,,,,,,,
老人,lǎo rén,elder,elderly man,,,,,,,,,,,,,,
巾,jīn,turban,,,,,,,,,,,,,,,
神芝,shén zhī,divine polypore,divine mushroom,,,,,,,,,,,,,,
青巾,qīng jīn,azure turban,,,,,,,,,,,,,,,
青杖,qīng zhàng,azure staff,,,,,,,,,,,,,,,
通光陽霞,tōng guāng yáng xiá,Penetrating Solar Auroras talisman,Penetrating Solar Auroras,,,,,,,,,,,,,,
歲星,suì xīng,Jupiter,Year Star,,,,,,,,,,,,,,
青華,qīng huá,azure-blossom,,,,,,,,,,,,,,,
芝,zhī,mushroom,,,,,,,,,,,,,,,
青書,qīng shū,azure book,,,,,,,,,,,,,,,
始青道經,shǐ qīng dào jīng,Inaugural Azure Dao,,,,,,,,,,,,,,,
蒼,cāng,gray-blue,,,,,,,,,,,,,,,
衣,yī,robe,,,,,,,,,,,,,,,
鬱真簫鳳,yù zhēn xiāo fèng,Piping Phoenix of Embellished Perfection,,,,,,,,,,,,,,,
蒼華之芝,cāng huá zhī zhī,gray-blue-blossom mushroom,,,,,,,,,,,,,,,
蒼元上籙,cāng yuán shàng lù,Upper Register of the Gray-Blue Prime,,,,,,,,,,,,,,,
北斗真經,běi dǒu zhēn jīng,Perfected Scripture of the Northern Dipper,,,,,,,,,,,,,,,
中命四旋經,zhōng mìng sì xuán jīng,Four Revolutions of the Central Mandate,,,,,,,,,,,,,,,
白,bái,white,,,,,,,,,,,,,,,
皓靈扶希,hào líng fú xī,Hoary Numen That Grasps the Imperceptible,,,,,,,,,,,,,,,
太白星,tài bái xīng,Grand White Star,Venus,,,,,,,,,,,,,,
白華,bái huá,white-blossom,,,,,,,,,,,,,,,
太素玉籙,tài sù yù lù,Jade Register of Grand Simplicity,,,,,,,,,,,,,,,
寶玄真經,bǎo xuán zhēn jīng,Perfected Scripture of Precious Mystery,,,,,,,,,,,,,,,
赤巾,chì jīn,red turban,,,,,,,,,,,,,,,
赤衣,chì yī,red robe,,,,,,,,,,,,,,,
赤杖,chì zhàng,red staff,,,,,,,,,,,,,,,
四明朱碧,sì míng zhū bì,Four Lights of the Vermillion Discs,,,,,,,,,,,,,,,
熒惑星,yíng huò xīng,star of dazzling bewilderment,Dazzling Star,,,,,,,,,,,,,,
丹華,dān huá,cinnabar-blossom,,,,,,,,,,,,,,,
龍胎太和丹經,lóng tāi tài hé dān jīng,Cinnabar Scripture of Grand Harmony of the Dragon Embryo,,,,,,,,,,,,,,,
黃衣,huáng yī,yellow robe,,,,,,,,,,,,,,,
黃杖,huáng zhàng,yellow staff,,,,,,,,,,,,,,,
中元八維玉門,zhōng yuán bā wéi yù mén,Central Prime of the Jade Gate’s Eight Directions,,,,,,,,,,,,,,,
黃華,huáng huá,yellow-blossom,,,,,,,,,,,,,,,
四氣,sì qì,Four Qi,,,,,,,,,,,,,,,
上樞太元黃書,shàng shū tài yuán huáng shū,Grand Primal Yellow Book of the Upper Pivot,,,,,,,,,,,,,,,
神經,shén jīng,divine scripture,Divine Scripture,,,,,,,,,,,,,,
旬,xún,ten day,,,,,,,,,,,,,,,
青丘,qīng qiū,Azure Hillock,Azure Hillocks,,,,,,,,,,,,,,
谷希子,gǔ xī zǐ,Guxizi,Master Guxi,,,,,,,,,,,,,,
青帝君,qīng dì jūn,Azure Imperial Lord,,,,,,,,,,,,,,,
青精,qīng jīng,azure essence,,,,,,,,,,,,,,,
日水,rì shuǐ,solar water,,,,,,,,,,,,,,,
青芝,qīng zhī,azure mushroom,,,,,,,,,,,,,,,
太山,tài shān,Mt. Taihua,Mt. Tai,,,,,,,,,,,,,,
司命君,sī mìng jūn,Director of Destinies,director of destinies,,,,,,,,,,,,,,
上皇金籙,shàng huáng jīn lù,Gold Register of the Higher Luminaries,,,,,,,,,,,,,,,
流沙,liú shā,drifting sand,,,,,,,,,,,,,,,
白水,bái shuǐ,Baishui River,White River,,,,,,,,,,,,,,
紫晨巾,zǐ chén jīn,Purple Dawn turban,,,,,,,,,,,,,,,
紫羽,zǐ yǔ,purple feather,,,,,,,,,,,,,,,
七色節,qī sè jié,seven-colored tipstaff,,,,,,,,,,,,,,,
神童,shén tóng,divine lad,,,,,,,,,,,,,,,
沙洲,shā zhōu,sandbar,,,,,,,,,,,,,,,
空山,kōng shān,Mt. Kong,,,,,,,,,,,,,,,
金城,jīn chéng,Liujin City,golden wall,metal fortress,,,,,,,,,,,,,
玉鐘,yù zhōng,jade bell,,,,,,,,,,,,,,,
華幢,huá chuáng,floriate streamer,,,,,,,,,,,,,,,
長淵,cháng yuān,deep abyss,,,,,,,,,,,,,,,
洪波,hóng bō,roaring current,,,,,,,,,,,,,,,
飛華,fēi huá,soaring blossom,,,,,,,,,,,,,,,
引日法,yǐn rì fǎ,method of drawing in solar essences,,,,,,,,,,,,,,,
誦,sòng,recite,,,,,,,,,,,,,,,
龍輿,lóng yú,dragon carriage,,,,,,,,,,,,,,,
華寶,huá bǎo,ornate jewel,,,,,,,,,,,,,,,
太素宮,tài sù gōng,Palace of Grand Simplicity,,,,,,,,,,,,,,,
玉璽金真,yù xǐ jīn zhēn,Jade Seal of Golden Perfection,,,,,,,,,,,,,,,
神虎,shén hǔ,Divine Tiger,,,,,,,,,,,,,,,
流金火鈴,liú jīn huǒ líng,Fiery Bells of Flowing Gold,Fiery Bells of Purling Gold,fiery bell of liquid gold,,,,,,,,,,,,,
太微宮,tài wēi gōng,Grand Tenuity Palace,Palace of Grand Tenuity,,,,,,,,,,,,,,
清靈真人,qīng líng zhēn rén,Perfected Being of Pure Numinosity,,,,,,,,,,,,,,,
青靈宮,qīng líng gōng,Palace of Pure Numinosity,,,,,,,,,,,,,,,
三華寶衣,sān huá bǎo yī,fine garment of three blossoms,,,,,,,,,,,,,,,
飛龍景輿,fēi lóng jǐng yú,luminescent chariot of flying dragons,,,,,,,,,,,,,,,
青旂,qīng qí,azure pennant,,,,,,,,,,,,,,,
七色之節,qī sè zhī jié,seven-colored tipstaff,,,,,,,,,,,,,,,
上清九宮,shàng qīng jiǔ gōng,Nine Palaces of the Supreme Purity,,,,,,,,,,,,,,,
西玄,xī xuán,Mt. Xixuan,,,,,,,,,,,,,,,
葛衍,gě yǎn,Geyan,,,,,,,,,,,,,,,
鬱絕根山,yù jué gēn shān,Mt. Yujuegen,,,,,,,,,,,,,,,
清靈宮,qīng líng gōng,Palace of Pure Numinosity,,,,,,,,,,,,,,,
紫陽宮,zǐ yáng gōng,Palace of Purple Solarity,,,,,,,,,,,,,,,
極真宮,jí zhēn gōng,Ultimate Perfection Palace,Palace of Utmost Perfection,,,,,,,,,,,,,,
三山,sān shān,three peaks,,,,,,,,,,,,,,,
萬三千里,wàn sān qiān lǐ,000 mile,13,,,,,,,,,,,,,,
地中,dì zhōng,underground,,,,,,,,,,,,,,,
崑崙府,kūn lún fǔ,bureaus of Mt. Kunlun,,,,,,,,,,,,,,,
西玄山,xī xuán shān,Mt. Xixuan,,,,,,,,,,,,,,,
洞臺,dòng tái,grotto-terrace,grotto terrace,,,,,,,,,,,,,,
九重,jiǔ chóng,nine concentric circle,,,,,,,,,,,,,,,
玉堂,yù táng,jade hall,,,,,,,,,,,,,,,
蘭室,lán shì,orchid chamber,,,,,,,,,,,,,,,
宮殿,gōng diàn,palace,,,,,,,,,,,,,,,
絳,jiàng,scarlet,,,,,,,,,,,,,,,
碧,bì,cyan,,,,,,,,,,,,,,,
麒麟,qí lín,kirin,,,,,,,,,,,,,,,
鳳凰,fèng huáng,phoenix,,,,,,,,,,,,,,,
高暉山,gāo huī shān,Mt. Gaohui,,,,,,,,,,,,,,,
洞光,dòng guāng,penetrating beam of light,,,,,,,,,,,,,,,
鬱絕根,yù jué gēn,Yujuegen,,,,,,,,,,,,,,,
蔣先生,Jiǎng xiān shēng,Master Jiang,Mr. Jiang,,,,,,,,,,,,,,
神光,shén guāng,spiritual luminescence,divine beam,divine light,,,,,,,,,,,,,
平坐,píng zuò,sit upright,,,,,,,,,,,,,,,
暝目,míng mù,eyes closed,,,,,,,,,,,,,,,
陰咒,yīn zhòu,incantation,,,,,,,,,,,,,,,
蒼無,cāng wú,Verdant Nothingness,,,,,,,,,,,,,,,
浩靈,hào líng,Great Numen,,,,,,,,,,,,,,,
少陽,shào yáng,Lesser Yang,Lesser Solarity,,,,,,,,,,,,,,
九氣,jiǔ qì,nine qi,,,,,,,,,,,,,,,
肝,gān,liver,,,,,,,,,,,,,,,
玉籙,yù lù,jade register,,,,,,,,,,,,,,,
咽液,yàn yè,swallow,,,,,,,,,,,,,,,
赤庭,chì tíng,Red Courtyard,red courtyard,,,,,,,,,,,,,,
絳雲,jiàng yún,scarlet-cloud,Scarlet Cloud,,,,,,,,,,,,,,
高真,gāo zhēn,perfected being,Perfected being,,,,,,,,,,,,,,
丹元,dān yuán,Cinnabar Prime,,,,,,,,,,,,,,,
綠字,lǜ zì,green letter,,,,,,,,,,,,,,,
三息,sān xī,count to three,,,,,,,,,,,,,,,
三過,sān guò,three times,,,,,,,,,,,,,,,
三通,sān tōng,three times,,,,,,,,,,,,,,,
西,xī,west,,,,,,,,,,,,,,,
素元,sù yuán,Immaculate Prime,,,,,,,,,,,,,,,
洞虛,dòng xū,Grotto Barrens,,,,,,,,,,,,,,,
神廬,shén lú,divine shanty,,,,,,,,,,,,,,,
金字,jīn zì,gold letter,golden character,golden letter,,,,,,,,,,,,,
九帝,jiǔ dì,Nine Emperor,Nine Thearch,,,,,,,,,,,,,,
死名,sǐ míng,death register,time of death,,,,,,,,,,,,,,
本命,běn mìng,year in which I was born,natal year,natal day,,,,,,,,,,,,,
咒,zhòu,incantation,,,,,,,,,,,,,,,
黃元中帝,huáng yuán zhōng dì,central Thearch of the Yellow Prime,Central Emperor of the Yellow Prime,,,,,,,,,,,,,,
脾,pí,spleen,,,,,,,,,,,,,,,
老君,lǎo jūn,Lord Lao,,,,,,,,,,,,,,,
玄籙,xuán lù,mysterious register,mysterious registers,dark register,,,,,,,,,,,,,
五氣,wǔ qì,five qi,,,,,,,,,,,,,,,
龜玉,guī yù,turtle jade,tortoiseshell and jade,,,,,,,,,,,,,,
神名,shén míng,divine name,,,,,,,,,,,,,,,
八威,bā wēi,eight mighty one,eight mighty being,,,,,,,,,,,,,,
四真君,sì zhēn jūn,Four Perfected Lord,four Perfected lords,,,,,,,,,,,,,,
五靈神,wǔ líng shén,five numinous god,five spirits,,,,,,,,,,,,,,
語言,yǔ yán,voice,speak,,,,,,,,,,,,,,
陰祝,yīn zhù,silently incant,whispered incantation,incantation,,,,,,,,,,,,,
中庭,zhōng tíng,central courtyard,courtyard,Central Courtyard,,,,,,,,,,,,,
存法,cún fǎ,method of actualizing visualizing,,,,,,,,,,,,,,,
靜思,jìng sī,quiet meditation,,,,,,,,,,,,,,,
致神,zhì shén,causing the spirits to come,,,,,,,,,,,,,,,
諸真,zhū zhēn,perfected being,,,,,,,,,,,,,,,
正日,zhèng rì,day,,,,,,,,,,,,,,,
諸仙,zhū xiān,various transcendents,,,,,,,,,,,,,,,
聽訟,tīng sòng,listen to litigation,,,,,,,,,,,,,,,
地上,dì shàng,terrestrial,,,,,,,,,,,,,,,
刺姦,cì jiān,investigators of corruption,,,,,,,,,,,,,,,
吏部,lì bù,Board of Personnel,,,,,,,,,,,,,,,
境域,jìng yù,locale,,,,,,,,,,,,,,,
紏奏,tǒu zòu,make a report,,,,,,,,,,,,,,,
功過,gōng guò,meritorious act,failing,,,,,,,,,,,,,,
死生,sǐ shēng,lifespan,death,,,,,,,,,,,,,,
仙忌,xiān jì,transcendent taboo,,,,,,,,,,,,,,,
真記,zhēn jì,perfected record,,,,,,,,,,,,,,,
昇天,shēng tiān,ascend to heaven,rise into the heavens,ascend into the heavens,,,,,,,,,,,,,
仲陽,zhòng yáng,Zhongyang,,,,,,,,,,,,,,,
剛,gāng,rigid,,,,,,,,,,,,,,,
柔,róu,supple,,,,,,,,,,,,,,,
日日中,rì rì zhōng,midday,,,,,,,,,,,,,,,
上皇太帝君,shàng huáng tài dì jūn,Grand Imperial Lord,,,,,,,,,,,,,,,
玉尊,yù zūn,Jade Worthy,,,,,,,,,,,,,,,
廣寒,guǎng hán,Vast Chill,,,,,,,,,,,,,,,
靈宅,líng zhái,numinous residence,,,,,,,,,,,,,,,
丹城,dān chéng,Dancheng,cinnabar wall,,,,,,,,,,,,,,
長錦,cháng jǐn,long damask,,,,,,,,,,,,,,,
玉樓,yù lóu,jade tower,,,,,,,,,,,,,,,
君真,jūn zhēn,perfected,,,,,,,,,,,,,,,
真皇,zhēn huáng,perfected sovereign,Perfected Sovereign,,,,,,,,,,,,,,
北極真,běi jí zhēn,Perfected of the Northern Bourne,,,,,,,,,,,,,,,
八海大神,bā hǎi dà shén,great spirit of the Eight Seas,,,,,,,,,,,,,,,
得道者,dé dào zhě,adept who has attained the Dao,,,,,,,,,,,,,,,
陽寥之殿,yáng liáo zhī diàn,Yang Distant Basilica,,,,,,,,,,,,,,,
求仙,qiú xiān,seeking transcendence,seek transcendence,,,,,,,,,,,,,,
犯,fàn,infraction,break,,,,,,,,,,,,,,
刑罰,xíng fá,punishment,,,,,,,,,,,,,,,
根源,gēn yuán,root cause,,,,,,,,,,,,,,,
皇錄,huáng lù,August Record,,,,,,,,,,,,,,,
再拜,zài bài,bow twice,,,,,,,,,,,,,,,
太上北極天帝太帝君,tài shàng běi jí tiān dì tài dì jūn,Grand Imperial Lord,Celestial Emperor of the Northern Bourne Most High,,,,,,,,,,,,,,
犯罪,fàn zuì,transgression,,,,,,,,,,,,,,,
赦,shè,mercy,clemency,,,,,,,,,,,,,,
貰,shì,forgiveness,,,,,,,,,,,,,,,
改往修來,gǎi wǎng xiū lái,reform past conduct,,,,,,,,,,,,,,,
太上皇帝,tài shàng huáng dì,August Emperor Most High,,,,,,,,,,,,,,,
錄,lù,Transcendent Register,register,,,,,,,,,,,,,,
通真,tōng zhēn,communicate with the perfected,,,,,,,,,,,,,,,
刻責,kè zé,self-reproach,,,,,,,,,,,,,,,
中神,zhōng shén,inner god,,,,,,,,,,,,,,,
咎,jiù,iniquitous action,fault,,,,,,,,,,,,,,
絳宮,jiàng gōng,Crimson Palace,Scarlet Palace,,,,,,,,,,,,,,
丹田,dān tián,Cinnabar Field,cinnabar field,,,,,,,,,,,,,,
啟,qǐ,entreaty,,,,,,,,,,,,,,,
生籍,shēng jí,record of life,,,,,,,,,,,,,,,
經命青圖,jīng mìng qīng tú,The Azure Chart of Passing through Fate,,,,,,,,,,,,,,,
祕法,mì fǎ,esoteric method,,,,,,,,,,,,,,,
俗人,sú rén,commoner,average person,,,,,,,,,,,,,,
反善,fǎn shàn,wrongdoing,,,,,,,,,,,,,,,
改行,gǎi xíng,change conduct,,,,,,,,,,,,,,,
養生,yǎng shēng,self-cultivation,,,,,,,,,,,,,,,
白日昇天,bái rì shēng tiān,ascend to heaven in broad daylight,,,,,,,,,,,,,,,
戒律,jiè lǜ,code,precept,,,,,,,,,,,,,,
三泉,sān quán,Three Fonts,,,,,,,,,,,,,,,
七節,qī jié,Eight Nodal Day,seven nodal day,,,,,,,,,,,,,,
生死門戶,shēng sǐ mén hù,gateway between life and death,,,,,,,,,,,,,,,
三九素語,sān jiǔ sù yǔ,Three and Nine Simple Saying,,,,,,,,,,,,,,,
秋判之日,qiū pàn zhī rì,day of autumnal judgment,,,,,,,,,,,,,,,
眾真人神,zhòng zhēn rén shén,spirits,perfected,,,,,,,,,,,,,,
真官,zhēn guān,perfected officer,perfected official,Perfected official,,,,,,,,,,,,,
支公,Zhī gōng,Duke Zhi,,,,,,,,,,,,,,,
條例,tiáo lì,list-making,,,,,,,,,,,,,,,
金根經,jīn gēn jīng,Scripture of the Golden Root,,,,,,,,,,,,,,,
會,huì,meeting,,,,,,,,,,,,,,,
尊卑,zūn bēi,inferior,inferior god,superior,,,,,,,,,,,,,
三日三夕,sān rì sān xī,three days and three nights,,,,,,,,,,,,,,,
天事,tiān shì,heavenly affair,,,,,,,,,,,,,,,
謝過,xiè guò,confess wrongdoing,,,,,,,,,,,,,,,
日光,rì guāng,sunlight,rays of the sun,,,,,,,,,,,,,,
霞,xiá,aurora,,,,,,,,,,,,,,,
赤帝君,chì dì jūn,Red Imperial Lord,,,,,,,,,,,,,,,
白帝君,bái dì jūn,White Imperial Lord,,,,,,,,,,,,,,,
黑帝君,hēi dì jūn,Black Imperial Lord,,,,,,,,,,,,,,,
黃帝君,Huáng Dì Jūn,Yellow Imperial Lord,,,,,,,,,,,,,,,
陽燧,yáng suì,solar-inferno,,,,,,,,,,,,,,,
髣髴,fǎng fú,misty form,appear,,,,,,,,,,,,,,
形象,xíng xiàng,form,,,,,,,,,,,,,,,
日形,rì xíng,sunlight,,,,,,,,,,,,,,,
笑樂,xiào lè,laughter,cheer,,,,,,,,,,,,,,
五帝日君,wǔ dì rì jūn,Five Imperial Sun Lord,,,,,,,,,,,,,,,
驂乘,cān chéng,ride,,,,,,,,,,,,,,,
之車,zhī chē,chariot,,,,,,,,,,,,,,,
日窟,rì kū,Solar Cavern,,,,,,,,,,,,,,,
天東蒙,tiān dōng méng,Eastern Shroud,,,,,,,,,,,,,,,
長丘,cháng qiū,highland,,,,,,,,,,,,,,,
大桑,dà sāng,Giant Mulberry,,,,,,,,,,,,,,,
之宮,zhī gōng,Palace,,,,,,,,,,,,,,,
之城,zhī chéng,City,,,,,,,,,,,,,,,
明真,míng zhēn,Allying with the Perfected,,,,,,,,,,,,,,,
之臺,zhī tái,Terrace,,,,,,,,,,,,,,,
希琳,xī lín,Rare Green-Gem,Rare Green-Gem Basilica,,,,,,,,,,,,,,
之殿,zhī diàn,Basilica,,,,,,,,,,,,,,,
揮神,huī shén,Marshalling Spirits,,,,,,,,,,,,,,,
章,zhāng,petition,stanza,,,,,,,,,,,,,,
九有,jiǔ yǒu,Nine Existences,Nine Realms,,,,,,,,,,,,,,
雲碧,yún bì,nebulous cyan,cloudy jade,,,,,,,,,,,,,,
玄腴,xuán yú,dark oil,,,,,,,,,,,,,,,
中篇,zhōng piān,middle fascicle,,,,,,,,,,,,,,,
駕,jià,harness,drive,,,,,,,,,,,,,,
天景雲,tiān jǐng yún,heavenly phosphor,cloud,,,,,,,,,,,,,,
帝門,dì mén,gate of the Emperors,,,,,,,,,,,,,,,
上清靈,shàng qīng líng,Pure Numinosity,,,,,,,,,,,,,,,
鬱儀文,yù yí wén,The Writs of the Streaming Regalia,Writs of the Streaming Regalia,,,,,,,,,,,,,,
日夕,rì xī,nightfall,,,,,,,,,,,,,,,
月光,yuè guāng,moonlight,,,,,,,,,,,,,,,
青帝夫人,qīng dì fū rén,Azure Imperial Lady,,,,,,,,,,,,,,,
赤帝夫人,chì dì fū rén,Red Imperial Lady,,,,,,,,,,,,,,,
白帝夫人,bái dì fū rén,White Imperial Lady,,,,,,,,,,,,,,,
黑帝夫人,hēi dì fū rén,Black Imperial Lady,,,,,,,,,,,,,,,
黃帝夫人,huáng dì fū rén,Yellow Imperial Lady,,,,,,,,,,,,,,,
五帝夫人,wǔ dì fū rén,Five Imperial Lunar Lady,Five Imperial Ladies,Five Imperial Lady,,,,,,,,,,,,,
流鈴,liú líng,swirling bell,fiery bell,,,,,,,,,,,,,,
十龍,shí lóng,ten dragons,,,,,,,,,,,,,,,
姿容,zī róng,face,,,,,,,,,,,,,,,
五夫人,wǔ fū rén,Five Lunar Ladies,Five Ladies,Five Lady,,,,,,,,,,,,,
月形,yuè xíng,lunar ray,,,,,,,,,,,,,,,
帝月夫人,dì yuè fū rén,Imperial Lunar Lady,,,,,,,,,,,,,,,
飛龍之車,fēi lóng zhī chē,flying dragon chariot,,,,,,,,,,,,,,,
六嶺,liù lǐng,Six Ridge,,,,,,,,,,,,,,,
八絡,bā luò,Eight-Web,,,,,,,,,,,,,,,
八絡之丘,bā luò zhī qiū,Eight-Web Highlands,,,,,,,,,,,,,,,
晨之宮,chén zhī gōng,Harmonious Dawn Palace,,,,,,,,,,,,,,,
八景之城,bā jǐng zhī chéng,Eight Phosphor City,,,,,,,,,,,,,,,
七靈之臺,qī líng zhī tái,Seven Numina Estrade,,,,,,,,,,,,,,,
太和之殿,tài hé zhī diàn,Grand Harmony Basilica,,,,,,,,,,,,,,,
流星夜光,liú xīng yè guāng,Nocturnal Rays of a Comet’s Luminescence,,,,,,,,,,,,,,,
十明,shí míng,Ten Purities,,,,,,,,,,,,,,,
黃琬,huáng wǎn,yellow pointed jade,yellow round jade,,,,,,,,,,,,,,
紫津,zǐ jīn,Purple Ford,,,,,,,,,,,,,,,
雲膏,yún gāo,cloudy ointment,cloudy paste,,,,,,,,,,,,,,
奔月,bēn yuè,Dashing to the Moon,,,,,,,,,,,,,,,
外經,wài jīng,profane scripture,,,,,,,,,,,,,,,
月夫人,yuè fū rén,Lunar Lady,,,,,,,,,,,,,,,
十飛龍,shí fēi lóng,ten flying dragon,,,,,,,,,,,,,,,
帝堂,dì táng,Emperor’s Hall,thearchical court,thearchical hall,,,,,,,,,,,,,
朝天皇,cháo tiān huáng,heavenly sovereign’s court,,,,,,,,,,,,,,,
結璘章,jié lín zhāng,The Knotted Spangles,Stanza on Knotted Spangles,The Stanza on Knotted Spangles,,,,,,,,,,,,,
五帝君,wǔ dì jūn,Five Imperial Lords,Five Imperial Solar Lord,Five Imperial Lord,,,,,,,,,,,,,
月中,yuè zhōng,moon,,,,,,,,,,,,,,,
五年,wǔ nián,five year,,,,,,,,,,,,,,,
太丹,tài dān,Grand Cinnabar,,,,,,,,,,,,,,,
玉璽,yù xǐ,Jade Seal,jade seal,,,,,,,,,,,,,,
群神,qún shén,various spirits,,,,,,,,,,,,,,,
北朝,běi cháo,north,,,,,,,,,,,,,,,
六天,liù tiān,Six Heavens,,,,,,,,,,,,,,,
鈴,líng,bell,,,,,,,,,,,,,,,
青旄,qīng máo,azure banner,,,,,,,,,,,,,,,
九宮,jiǔ gōng,Nine Palace,nine palaces,Nine Palaces,,,,,,,,,,,,,
幽感,yōu gǎn,mysterious resonance,,,,,,,,,,,,,,,
天心,tiān xīn,heavenly mind,,,,,,,,,,,,,,,
光景,guāng jǐng,radiant phosphor,light,,,,,,,,,,,,,,
三丹田,sān dān tián,three cinnabar field,Three Cinnabar Field,,,,,,,,,,,,,,
蟬,chán,cicada,,,,,,,,,,,,,,,
成仙,chéng xiān,become transcendent,,,,,,,,,,,,,,,
貴,guì,high esteem,wealth,,,,,,,,,,,,,,
財,cái,wealth,,,,,,,,,,,,,,,
心寂,xīn jì,still your mind,,,,,,,,,,,,,,,
富,fù,fortune,,,,,,,,,,,,,,,
集,jí,compilation,accumulate,,,,,,,,,,,,,,
動,dòng,action,,,,,,,,,,,,,,,
一,yī,One,Ones,the Ones,,,,,,,,,,,,,
乘光,chéng guāng,ride beams of lights,,,,,,,,,,,,,,,
揚景,yáng jǐng,stir phosphors,,,,,,,,,,,,,,,
騰雲,téng yún,ride cloud,,,,,,,,,,,,,,,
昇虛,shēng xū,ascend vacuity,,,,,,,,,,,,,,,
空常,kōng cháng,Kong,Chang,,,,,,,,,,,,,,
清泠,qīng líng,chilly heavens,clear,,,,,,,,,,,,,,
宇庭,yǔ tíng,courtyard,,,,,,,,,,,,,,,
守道,shǒu dào,guard the Dao,,,,,,,,,,,,,,,
真骨,zhēn gǔ,perfected bone,,,,,,,,,,,,,,,
真性,zhēn xìng,perfected nature,,,,,,,,,,,,,,,
黃老,huáng lǎo,Yellow Elder,,,,,,,,,,,,,,,
鬱儀,yù yí,Streaming Regalia,The Streaming Regalia,,,,,,,,,,,,,,
結璘,jié lín,The Knotted Spangles,Knotted Spangles,,,,,,,,,,,,,,
大洞真經,dà dòng zhēn jīng,The Perfected Scripture of the Great Cavern,Perfected Scripture of the Great Cavern,Perfected Scripture of the Great Grotto,,,,,,,,,,,,,
仙子,xiān zǐ,transcendent being,,,,,,,,,,,,,,,
賢,xián,sage,,,,,,,,,,,,,,,
愚,yú,fool,,,,,,,,,,,,,,,
群仙,qún xiān,various transcendents,,,,,,,,,,,,,,,
存修,cún xiū,actualizationvisualization,,,,,,,,,,,,,,,
龍車,lóng chē,dragon carriage,dragon chariot,,,,,,,,,,,,,,
太上鬱儀文,tài shàng yù yí wén,Most High Writs of the Streaming Regalia,The Streaming Regalia,The Most High Writ of Streaming Regalia,,,,,,,,,,,,,
日中君,rì zhōng jūn,lord in the sun,,,,,,,,,,,,,,,
太上結璘章,tài shàng jié lín zhāng,The Most High Stanza of Knotted Spangles,,,,,,,,,,,,,,,
月中夫人,yuè zhōng fū rén,lady in the moon,,,,,,,,,,,,,,,
玄法,xuán fǎ,mysterious law,,,,,,,,,,,,,,,
誓,shì,oath,,,,,,,,,,,,,,,
金丹,jīn dān,gold,cinnabar,,,,,,,,,,,,,,
青帛,qīng bó,azure silk,,,,,,,,,,,,,,,
羽旂,yǔ qí,feathered flag,,,,,,,,,,,,,,,
瓊輪,qióng lún,rose-gem wheel,,,,,,,,,,,,,,,
高皇上元君,gāo huáng shàng yuán jūn,Upper Prime Lord,,,,,,,,,,,,,,,
骨錄,gǔ lù,osseous register,,,,,,,,,,,,,,,
結璘經,jié lín jīng,Knotted Spangles,,,,,,,,,,,,,,,
四真人,sì zhēn rén,Four Perfected,,,,,,,,,,,,,,,
王屋,wáng wū,Mt. Wangwu,,,,,,,,,,,,,,,
清虛洞,qīng xū dòng,Pure-Vacuous Grotto,,,,,,,,,,,,,,,
大玄宮,dà xuán gōng,Great Mystery heaven,,,,,,,,,,,,,,,
高上臺,gāo shàng tái,highest terrace,,,,,,,,,,,,,,,
蓬萊府,péng lái fǔ,Penglai Isles bureau,,,,,,,,,,,,,,,
北室,běi shì,northern chamber,,,,,,,,,,,,,,,
金柱,jīn zhù,gold pillar,,,,,,,,,,,,,,,
玉壁,yù bì,jade,,,,,,,,,,,,,,,
刻文,kè wén,engraving,,,,,,,,,,,,,,,
存念,cún niàn,actualize,actualize visualize,,,,,,,,,,,,,,
洞經,dòng jīng,The Cavern Scripture,Cavern Scripture,,,,,,,,,,,,,,
祖宗,zǔ zōng,forebearer,ancestral patriarch,,,,,,,,,,,,,,
素靈經,sù líng jīng,The Scripture of the Immaculate Numen,,,,,,,,,,,,,,,
園囿,yuán yòu,garden,,,,,,,,,,,,,,,
密旨,mì zhǐ,secret directive,,,,,,,,,,,,,,,
驗,yàn,response,sign,,,,,,,,,,,,,,
祕妙,mì miào,marvelous wonder,,,,,,,,,,,,,,,
侍真官,shì zhēn guān,perfected official,,,,,,,,,,,,,,,
學仙,xué xiān,transcendence,,,,,,,,,,,,,,,
規條,guī tiáo,rule,,,,,,,,,,,,,,,
相,xiàng,mark,,,,,,,,,,,,,,,
監靈大夫,jiān líng dà fū,grandee who oversees the numina,,,,,,,,,,,,,,,
執明大夫,zhí míng dà fū,lady who clings to luminosity,,,,,,,,,,,,,,,
左,zuǒ,left side,left,the left,,,,,,,,,,,,,
右,yòu,the right,right side,,,,,,,,,,,,,,
素奏,sù zòu,Pure Announcement,,,,,,,,,,,,,,,
丹符,dān fú,Cinnabar talisman,,,,,,,,,,,,,,,
五精,wǔ jīng,five essences,,,,,,,,,,,,,,,
空,kōng,void,emptiness,,,,,,,,,,,,,,
誓金,shì jīn,oath sealed with gold,,,,,,,,,,,,,,,
峨嵋山,é méi shān,Mt. Emei,,,,,,,,,,,,,,,
戶樞,hù shū,door,,,,,,,,,,,,,,,
刻石,kè shí,carved in stone,,,,,,,,,,,,,,,
月神,yuè shén,lunar spirit,,,,,,,,,,,,,,,
上官,shàng guān,high official,,,,,,,,,,,,,,,
大夫真,dài fū zhēn,grandee perfected,,,,,,,,,,,,,,,
玄中科,xuán zhōng kē,Mystic Central Code,,,,,,,,,,,,,,,
三泄,sān xiè,three times,,,,,,,,,,,,,,,
身死,shēn sǐ,die,,,,,,,,,,,,,,,
屋,wū,house,,,,,,,,,,,,,,,
上天,shàng tiān,high heaven,Heaven,,,,,,,,,,,,,,
身刑,shēn xíng,pay the price with his life,,,,,,,,,,,,,,,
因緣,yīn yuán,karmic affinity,,,,,,,,,,,,,,,
去世,qù shì,death,,,,,,,,,,,,,,,
陰塗,yīn tú,Yin Path,,,,,,,,,,,,,,,
青金,qīng jīn,lead,,,,,,,,,,,,,,,
盟約,méng yuē,vow,,,,,,,,,,,,,,,
科條,kē tiáo,codes,,,,,,,,,,,,,,,
寶書,bǎo shū,precious book,,,,,,,,,,,,,,,
至真上士,zhì zhēn shàng shì,utmost perfected and superior man,,,,,,,,,,,,,,,
玉名,yù míng,jade name,,,,,,,,,,,,,,,
篇章條目,piān zhāng tiáo mù,table of contents,,,,,,,,,,,,,,,
太上鬱儀,tài shàng yù yí,Streaming Regalia,,,,,,,,,,,,,,,
結璘文章,jié lín wén zhāng,Knotted Spangles,,,,,,,,,,,,,,,
日月之精神,rì yuè zhī jīng shén,solar and lunar spirits,,,,,,,,,,,,,,,
雲車,yún chē,cloud chariot,chariot of clouds,,,,,,,,,,,,,,
紫庭,zǐ tíng,Purple Court,,,,,,,,,,,,,,,
朝靈,cháo líng,numina of the divine court,,,,,,,,,,,,,,,
玄虛,xuán xū,mystic void,mysterious vacuity,Mystic Barrens,,,,,,,,,,,,,
玉光,yù guāng,jade effulgence,Jade Beam,jade radiance,,,,,,,,,,,,,
九霄,jiǔ xiāo,Nine Darks,Nine Empyreans,,,,,,,,,,,,,,
祕塗,mì tú,secret path,,,,,,,,,,,,,,,
真書,zhēn shū,perfected book,Perfected book,Perfected text,,,,,,,,,,,,,
密房,mì fáng,private room,,,,,,,,,,,,,,,
青道,qīng dào,Azure Dao,,,,,,,,,,,,,,,
道經,dào jīng,scripture,Scripture,,,,,,,,,,,,,,
一卷,yī juǎn,one fascicle,,,,,,,,,,,,,,,
蒼帝君,cāng dì jūn,Gray-Blue Imperial Lord,Blue-Gray Imperial Lord,,,,,,,,,,,,,,
寶玄經,bǎo xuán jīng,Perfected Scripture of Precious Mystery,,,,,,,,,,,,,,,
龍胎,lóng tāi,Dragon Embryo,,,,,,,,,,,,,,,
丹經,dān jīng,Cinnabar Scripture,,,,,,,,,,,,,,,
上樞,shàng shū,Upper Pivot,,,,,,,,,,,,,,,
黃書,huáng shū,Yellow Book,,,,,,,,,,,,,,,
鬱真,yù zhēn,Embellished Perfection,,,,,,,,,,,,,,,
簫鳳,xiāo fèng,Piping Phoenix,,,,,,,,,,,,,,,
皓靈,hào líng,Hoary Numen,,,,,,,,,,,,,,,
扶希,fú xī,That Grasps the Imperceptible,,,,,,,,,,,,,,,
中元,zhōng yuán,Central Prime,Middle Prime,middle prime,,,,,,,,,,,,,
八維,bā wéi,Eight Directions,,,,,,,,,,,,,,,
玄石室,xuán shí shì,mysterious stone chamber,,,,,,,,,,,,,,,
青華芝,qīng huá zhī,azure-blossom mushroom,,,,,,,,,,,,,,,
上皇籙,shàng huáng lù,Register of the Higher Luminaries,,,,,,,,,,,,,,,
太素,tài sù,Grand Simplicity,,,,,,,,,,,,,,,
結璘文,jié lín wén,Writ on Knotted Spangles,,,,,,,,,,,,,,,
焦山,Jiāo shān,Mt. Jiao,,,,,,,,,,,,,,,
五斤,wǔ jīn,five catties,,,,,,,,,,,,,,,
白蜜,bái mì,clear honey,white honey,,,,,,,,,,,,,,
銅器,tóng qì,bronze receptacle,,,,,,,,,,,,,,,
瓦器,wǎ qì,earthenware receptacle,,,,,,,,,,,,,,,
大釜,dà fǔ,large cauldron,,,,,,,,,,,,,,,
藥器,yào qì,receptacle,inner receptacle,,,,,,,,,,,,,,
蜜,mì,honey,,,,,,,,,,,,,,,
鐵臼,tiě jiù,mortar,,,,,,,,,,,,,,,
杵,chǔ,pestle,,,,,,,,,,,,,,,
丸,wán,pill,,,,,,,,,,,,,,,
梧桐子,wú tóng zǐ,paulownia seed,,,,,,,,,,,,,,,
百病,bǎi bìng,illness,,,,,,,,,,,,,,,
夜視,yè shì,see in the dark,,,,,,,,,,,,,,,
隱,yǐn,disappear,,,,,,,,,,,,,,,
彰,zhāng,appear,,,,,,,,,,,,,,,
嬰兒,yīng ér,Ruddy Infant,Newborn,youthful appearance,,,,,,,,,,,,,
肌膚,jī fū,body,,,,,,,,,,,,,,,
白髮,bái fà,white hair,,,,,,,,,,,,,,,
婦人,fù rén,woman,wife,women,,,,,,,,,,,,,
雞,jī,chicken,,,,,,,,,,,,,,,
犬,quǎn,dog,,,,,,,,,,,,,,,
木,mù,tree,wooden,,,,,,,,,,,,,,
薪炭,xīn tàn,charcoal,,,,,,,,,,,,,,,
樵,qiáo,wood,,,,,,,,,,,,,,,
密器,mì qì,sealed container,,,,,,,,,,,,,,,
胡麻,hú má,sesame,,,,,,,,,,,,,,,
鼈祖山,biē zǔ shān,Mt. Biezu,,,,,,,,,,,,,,,
三斗,sān dǒu,three pints,,,,,,,,,,,,,,,
黑,hēi,black,,,,,,,,,,,,,,,
香氣,xiāng qì,fragrance,,,,,,,,,,,,,,,
漬,zì,steep,,,,,,,,,,,,,,,
攪,jiǎo,mix,,,,,,,,,,,,,,,
器,qì,receptacle,,,,,,,,,,,,,,,
釜,fǔ,cauldron,,,,,,,,,,,,,,,
煮,zhǔ,boil,,,,,,,,,,,,,,,
伺候,sì hòu,wait,,,,,,,,,,,,,,,
煎,jiān,dry,,,,,,,,,,,,,,,
擣,dǎo,compound,pound,,,,,,,,,,,,,,
桐子,tóng zǐ,paulownia seed,,,,,,,,,,,,,,,
劑,jì,batch,,,,,,,,,,,,,,,
腸,cháng,bowel,intestine,,,,,,,,,,,,,,
熱,rè,hot,,,,,,,,,,,,,,,
面,miàn,forehead,side,face,,,,,,,,,,,,,
童顏,tóng yán,youthful appearance,,,,,,,,,,,,,,,
役使,yì shǐ,send forth,command,make serve,,,,,,,,,,,,,
朝帝,cháo dì,celestial emperor,,,,,,,,,,,,,,,
真位,zhēn wèi,title of being perfected,,,,,,,,,,,,,,,
仙宗,xiān zōng,transcendent being,,,,,,,,,,,,,,,
祕寶,mì bǎo,secret treasure,,,,,,,,,,,,,,,
大有,dà yǒu,Great Existence,,,,,,,,,,,,,,,
世方書,shì fāng shū,commonly circulated,,,,,,,,,,,,,,,
卉醴,huì lǐ,grassy liquor,,,,,,,,,,,,,,,
火精,huǒ jīng,fiery essence,,,,,,,,,,,,,,,
水寶,shuǐ bǎo,aqueous treasure,,,,,,,,,,,,,,,
資力,zī lì,powers of Great Existence,,,,,,,,,,,,,,,
老少,lǎo shào,young,elderly,,,,,,,,,,,,,,
鼈祖,Bié zǔ,Mt. Biezu,,,,,,,,,,,,,,,
明道,míng dào,Dao,,,,,,,,,,,,,,,
仙真,xiān zhēn,perfected being,transcendent,,,,,,,,,,,,,,
蘇君,sū jūn,Lord Su,,,,,,,,,,,,,,,
季通,Jì tōng,Jitong,,,,,,,,,,,,,,,
蘇,sū,Su,,,,,,,,,,,,,,,
林,Lín,Su Lin,forests,,,,,,,,,,,,,,
子玄,zǐ xuán,Zixuan,,,,,,,,,,,,,,,
濮陽,pú yáng,Puyang County,,,,,,,,,,,,,,,
曲水,qū shuǐ,Qushui,,,,,,,,,,,,,,,
琴高,Qín Gāo,Qin Gao,,,,,,,,,,,,,,,
煉氣,liàn qì,refining his qi,,,,,,,,,,,,,,,
益命,yì mìng,prolonging his life,,,,,,,,,,,,,,,
周康王,Zhōu Kāng Wáng,King Kang of Zhou,,,,,,,,,,,,,,,
內行,nèi xíng,internal practice,,,,,,,,,,,,,,,
補精術,bǔ jīng shù,mending his essence,,,,,,,,,,,,,,,
丹法,dān fǎ,alchemical technique,,,,,,,,,,,,,,,
水逰,shuǐ yóu,travel on water,,,,,,,,,,,,,,,
飛行,fēi xíng,move through the air,,,,,,,,,,,,,,,
赤鯉,chì lǐ,red carp,,,,,,,,,,,,,,,
景丹霄,jǐng dān xiāo,cinnabar empyrean,,,,,,,,,,,,,,,
仇先生,Qiú xiān shēng,Master Qiu,,,,,,,,,,,,,,,
湯王,Tāng wáng,King Tang,,,,,,,,,,,,,,,
木匠,mù jiàng,carpenter,,,,,,,,,,,,,,,
胎食,tāi shí,spiritual embryo,,,,,,,,,,,,,,,
涓子,juān zǐ,Juanzi,,,,,,,,,,,,,,,
地上眞人,dì shàng zhēn rén,terrestrial perfected,,,,,,,,,,,,,,,
穀蟲,gǔ chóng,grain worm,,,,,,,,,,,,,,,
青古,qīng gǔ,Azure Ancient,,,,,,,,,,,,,,,
眼,yǎn,eye,,,,,,,,,,,,,,,
白姑,bái gū,White Maid,,,,,,,,,,,,,,,
五臟,wǔ zàng,five viscera,,,,,,,,,,,,,,,
六府,liù fǔ,six repositories,six organ,,,,,,,,,,,,,,
血尸,xuè shī,Bloody Corpse,,,,,,,,,,,,,,,
胃管,wèi guǎn,gut,,,,,,,,,,,,,,,
肉,ròu,body,flesh,,,,,,,,,,,,,,
悲愁,bēi chóu,melancholy,,,,,,,,,,,,,,,
魂胎,hún tāi,cloud-soul embryo,,,,,,,,,,,,,,,
服藥,fú yào,take medicine,,,,,,,,,,,,,,,
穀,gǔ,grain,,,,,,,,,,,,,,,
蟲,chóng,worm,,,,,,,,,,,,,,,
五味,wǔ wèi,five flavors,,,,,,,,,,,,,,,
三鬼,sān guǐ,three demons,,,,,,,,,,,,,,,
夢,mèng,sleeping,dream,,,,,,,,,,,,,,
邪淫,xié yín,evil,lewd,,,,,,,,,,,,,,
制蟲丸,zhì chóng wán,Commanding-Worms Pill,,,,,,,,,,,,,,,
初神去本丸,chū shén qù běn wán,Pill of Initiating Godhood by Cutting Off the Root,,,,,,,,,,,,,,,
制仙丸,zhì xiān wán,Commanding-Transcendence Pill,,,,,,,,,,,,,,,
八瓊,bā qióng,Eight Rose-Gems,,,,,,,,,,,,,,,
飛精,fēi jīng,soaring essence,Flying Essences,,,,,,,,,,,,,,
仙眞,xiān zhēn,perfected,,,,,,,,,,,,,,,
北海公,běi hǎi gōng,Duke of the Northern Seas,,,,,,,,,,,,,,,
寢靜之室,qǐn jìng zhī shì,meditation chamber,,,,,,,,,,,,,,,
幅,fú,scroll,,,,,,,,,,,,,,,
五斗三一,wǔ dǒu sān yī,Three Ones of the Five Dipper Stars,,,,,,,,,,,,,,,
洞房,dòng fáng,Grotto-Room,,,,,,,,,,,,,,,
上清公,shàng qīng gōng,Supreme Purity Duke,,,,,,,,,,,,,,,
後聖,hòu shèng,Latter Sage,Later-Age Sage,Latter [Age] Sage,,,,,,,,,,,,,
金闕帝君,jīn què dì jūn,Thearchical Lord of the Golden Porte,Imperial Lord of the Golden Porte,,,,,,,,,,,,,,
三元眞一,sān yuán zhēn yī,Three Primal Perfected Ones,,,,,,,,,,,,,,,
术,shù,atractylodes,,,,,,,,,,,,,,,
思,sī,contemplation,meditation,,,,,,,,,,,,,,
玄丹,xuán dān,Mysterious Elixir,Mysterious Cinnabar,,,,,,,,,,,,,,
洞室,dòng shì,grotto chamber,,,,,,,,,,,,,,,
林草,lín cǎo,flora,,,,,,,,,,,,,,,
川瀆,chuān dú,river,stream,,,,,,,,,,,,,,
丘陵,qiū líng,hill,knoll,,,,,,,,,,,,,,
寒暑,hán shǔ,winter,season,summer,,,,,,,,,,,,,
弋,yì,fish,,,,,,,,,,,,,,,
釣,diào,fish,,,,,,,,,,,,,,,
長流,cháng liú,long stream,,,,,,,,,,,,,,,
遨逰,áo yóu,roam,,,,,,,,,,,,,,,
山岫,shān xiù,source-mount,,,,,,,,,,,,,,,
念眞,niàn zhēn,concentrate on perfection,,,,,,,,,,,,,,,
養氣,yǎng qì,nourish qi,,,,,,,,,,,,,,,
六丁玉女,liù dīng yù nǚ,six jade maiden,Six Ding jade maiden,,,,,,,,,,,,,,
羈束,jī shù,restrain,,,,,,,,,,,,,,,
守形,shǒu xíng,guard form,preserve your body,,,,,,,,,,,,,,
思眞,sī zhēn,meditate on perfection,,,,,,,,,,,,,,,
世澤,shì zé,marshland,,,,,,,,,,,,,,,
絶氣,jué qì,last breath,,,,,,,,,,,,,,,
飈室,biāo shì,Gale Chamber,,,,,,,,,,,,,,,
涕,tì,tear,,,,,,,,,,,,,,,
迹,jì,trace,,,,,,,,,,,,,,,
太微官,tài wēi guān,officer of the Grand Tenuity,,,,,,,,,,,,,,,
巷,xiàng,alleyway,,,,,,,,,,,,,,,
漢元帝,hàn yuán dì,Han Emperor Yuan,,,,,,,,,,,,,,,
神爵,shén jué,Shenjue reign,,,,,,,,,,,,,,,
眞命,zhēn mìng,perfected,,,,,,,,,,,,,,,
明旦,míng dàn,morning,,,,,,,,,,,,,,,
侍從,shì cóng,entourage,,,,,,,,,,,,,,,
數千人,shù qiān rén,many thousands of beings,,,,,,,,,,,,,,,
登天,dēng tiān,ascend to the heavens,,,,,,,,,,,,,,,
中嶽,zhōng yuè,Central Sacred Peak,,,,,,,,,,,,,,,
王郞,wáng láng,jade gentleman,,,,,,,,,,,,,,,
地眞人,dì zhēn rén,terrestrial perfected being,,,,,,,,,,,,,,,
登昇,dēng shēng,rise to the heavens,ascend,,,,,,,,,,,,,,
韵,yùn,manner,,,,,,,,,,,,,,,
虛源,xū yuán,vacuous source,,,,,,,,,,,,,,,
八方,bā fāng,Eight Directions,,,,,,,,,,,,,,,
飛步,fēi bù,fly,,,,,,,,,,,,,,,
眞門,zhēn mén,Perfected Gate,,,,,,,,,,,,,,,
紙札,zhǐ zhā,slip,paper,,,,,,,,,,,,,,
内傳,nèi chuán,Inner Tradition,,,,,,,,,,,,,,,
華存師,Huá cún shī,teacher,,,,,,,,,,,,,,,
褒,Bāo,Bao,,,,,,,,,,,,,,,
子登,Zǐ dēng,Zideng,,,,,,,,,,,,,,,
範陽,Fàn yáng,Fanyang,,,,,,,,,,,,,,,
襄平,Xiāng píng,Xiangping,,,,,,,,,,,,,,,
安國侯,Ān guó hóu,marquis,,,,,,,,,,,,,,,
孫,sūn,descendant,,,,,,,,,,,,,,,
元帝,Yuán dì,Emperor Yuan,,,,,,,,,,,,,,,
建昭,jiàn zhāo,Jianzhao,,,,,,,,,,,,,,,
九月,jiǔ yuè,ninth month,,,,,,,,,,,,,,,
開,Kāi,Kai,open,,,,,,,,,,,,,,
行,xíng,act,conduct,,,,,,,,,,,,,,
容貌,róng mào,appearance,,,,,,,,,,,,,,,
茂才,mào cái,official titles,Flourishing Talent,,,,,,,,,,,,,,
議郎,yì láng,gentleman consultant,,,,,,,,,,,,,,,
都尉,dū wèi,director of the Capital Garrison,,,,,,,,,,,,,,,
郎中,láng zhōng,gentleman in attendance,,,,,,,,,,,,,,,
門下,mén xià,Palace Gates,,,,,,,,,,,,,,,
左將軍,zuǒ jiāng jūn,general of the left,imperial household grandee,,,,,,,,,,,,,,
雁門,Yàn mén,Yanmen,,,,,,,,,,,,,,,
奏,zòu,reports,announce,,,,,,,,,,,,,,
廷諫,tíng jiàn,remonstrated the emperor,,,,,,,,,,,,,,,
尚書,shàng shū,Blossom,officialadvisor to the throne,,,,,,,,,,,,,,
賦,fù,prudent,tax,,,,,,,,,,,,,,
洪基,hóng jī,emperor,,,,,,,,,,,,,,,
世籍,shì jí,court,,,,,,,,,,,,,,,
君父,jūn fù,father,Zideng’s father,lord,,,,,,,,,,,,,
諱楷,huì kǎi,Kai,,,,,,,,,,,,,,,
德行,dé xíng,respect for his elders,,,,,,,,,,,,,,,
懿美,yì měi,good guidance,,,,,,,,,,,,,,,
議郞,yì láng,retainer,,,,,,,,,,,,,,,
中壘大夫,zhōng lěi dà fū,imperial household grandee,,,,,,,,,,,,,,,
上黨太守,shàng dǎng tài shǒu,Marquis of Letters,,,,,,,,,,,,,,,
黄門侍郞,huáng mén shì láng,imperial household grandee,,,,,,,,,,,,,,,
鴈門太守,yàn mén tài shǒu,Marquis of Letters,,,,,,,,,,,,,,,
正色彤管,zhèng sè tóng guǎn,subtle words,,,,,,,,,,,,,,,
坦誠,tǎn chéng,standard,,,,,,,,,,,,,,,
納言,nà yán,key principles,,,,,,,,,,,,,,,
謨,mó,example,,,,,,,,,,,,,,,
政,zhèng,advocated,,,,,,,,,,,,,,,
春秋,chūn qiū,Spring,,,,,,,,,,,,,,,
論語,lún yǔ,Numinous Root,,,,,,,,,,,,,,,
善誘,shàn yòu,good guidance,,,,,,,,,,,,,,,
大義,dà yì,distinguished talent,,,,,,,,,,,,,,,
司馬遷,sī mǎ qiān,Sima Qian,,,,,,,,,,,,,,,
母儀,mǔ yí,Sacred Peaks,,,,,,,,,,,,,,,
忠孝,zhōng xiào,harmony,,,,,,,,,,,,,,,
文德,wén dé,noble status,,,,,,,,,,,,,,,
英旄,yīng máo,Mystic Wind,,,,,,,,,,,,,,,
三曜,sān yào,Three Twinklers,,,,,,,,,,,,,,,
五經,wǔ jīng,Five Classics,norms,,,,,,,,,,,,,,
百家,bǎi jiā,Hundred Philosophers,,,,,,,,,,,,,,,
妙炁,miào qì,mysterious qi,,,,,,,,,,,,,,,
嘉質,jiā zhì,pure mind,,,,,,,,,,,,,,,
靈符,líng fú,numinous talisman,radiant virtues,,,,,,,,,,,,,,
三晨,sān chén,complete perfection,,,,,,,,,,,,,,,
百子,bǎi zǐ,social norms,,,,,,,,,,,,,,,
孔光,Kǒng Guāng,Kong Guang,,,,,,,,,,,,,,,
婦,fù,wife,,,,,,,,,,,,,,,
人倫,rén lún,human relationship,,,,,,,,,,,,,,,
期,qī,expectation,goal,,,,,,,,,,,,,,
慶雲,qìng yún,auspicious cloud,dust,,,,,,,,,,,,,,
鴻,hóng,phoenix,,,,,,,,,,,,,,,
翮,hé,old swallow,wing,,,,,,,,,,,,,,
鳳羽,fèng yǔ,family,,,,,,,,,,,,,,,
澤,zé,marshes,,,,,,,,,,,,,,,
笛,dí,flute,,,,,,,,,,,,,,,
鵷鶵,yuān chú,divine being,,,,,,,,,,,,,,,
昊穹,hào qióng,sky,,,,,,,,,,,,,,,
幽人,yōu rén,palanquin,,,,,,,,,,,,,,,
千騎萬乘,qiān qí wàn chéng,thousands of riders and carriages,,,,,,,,,,,,,,,
虛空,xū kōng,void,,,,,,,,,,,,,,,
素雲輦,sù yún niǎn,carriage,,,,,,,,,,,,,,,
虎符,hǔ fú,tally,,,,,,,,,,,,,,,
鉞,yuè,axe,,,,,,,,,,,,,,,
旄,máo,staff,,,,,,,,,,,,,,,
西梁,xī liáng,Liang,,,,,,,,,,,,,,,
子文,zǐ wén,Wang,,,,,,,,,,,,,,,
肉人,ròu rén,human,,,,,,,,,,,,,,,
學者,xué zhě,adept,disciple,,,,,,,,,,,,,,
四景,sì jǐng,four vistas,,,,,,,,,,,,,,,
南極夫人,nán jí fū rén,Lady of the Southern Polestar,,,,,,,,,,,,,,,
西城眞人,xī chéng zhēn rén,Perfected Being of the Western Citadel,,,,,,,,,,,,,,,
學道者,xué dào zhě,those who study the Dao,,,,,,,,,,,,,,,
太妙,tài miào,grand marvel,,,,,,,,,,,,,,,
霄,xiāo,heaven,empyrean,,,,,,,,,,,,,,
有形,yǒu xíng,form,,,,,,,,,,,,,,,
昧昧,mèi mèi,dusky,dim,,,,,,,,,,,,,,
無,wú,emptiness,,,,,,,,,,,,,,,
有,yǒu,existence,,,,,,,,,,,,,,,
諸妙,zhū miào,various marvels,,,,,,,,,,,,,,,
坦大,tǎn dà,immense size,,,,,,,,,,,,,,,
涯,yá,shore,,,,,,,,,,,,,,,
鳥巢,niǎo cháo,bird’s nest,,,,,,,,,,,,,,,
鱗,lín,fish,,,,,,,,,,,,,,,
朱宫,zhū gōng,Vermillion Palace,,,,,,,,,,,,,,,
神華,shén huá,divine blossom,,,,,,,,,,,,,,,
魂精,hún jīng,cloud-soul essence,cloud-soul’s essence,,,,,,,,,,,,,,
膽,dǎn,gallbladder,,,,,,,,,,,,,,,
四肢,sì zhī,limb,,,,,,,,,,,,,,,
六腑,liù fǔ,six repositories,,,,,,,,,,,,,,,
三焦,sān jiāo,Triple Heater,,,,,,,,,,,,,,,
八關,bā guān,Eight Passes,,,,,,,,,,,,,,,
䭀飯,jiǎn fàn,easy rice,,,,,,,,,,,,,,,
靈書八道,líng shū bā dào,Numinous Book of the Eight Immaculates,,,,,,,,,,,,,,,
千丈,qiān zhàng,ten thousand feet,,,,,,,,,,,,,,,
宫闕,gōng què,palace,,,,,,,,,,,,,,,
朱閣,zhū gé,vermilion gallery,,,,,,,,,,,,,,,
樓觀,lóu guān,lofty tower,,,,,,,,,,,,,,,
瓊室,qióng shì,jasper room,,,,,,,,,,,,,,,
僊都,xiān dū,Transcendent Metropolis,,,,,,,,,,,,,,,
太上丈人,tài shàng zhàng rén,Elder Most High,,,,,,,,,,,,,,,
紫桂宫,zǐ guì gōng,Purple Cassia Palace,,,,,,,,,,,,,,,
羽袍,yǔ páo,long-feathered robe,,,,,,,,,,,,,,,
芙蓉,fú róng,lotus flower,,,,,,,,,,,,,,,
階,jiē,dais,hurdle,,,,,,,,,,,,,,
靈肴,líng yáo,numinous roast,,,,,,,,,,,,,,,
丹醴,dān lǐ,cinnabar ale,,,,,,,,,,,,,,,
檀,tán,sandalwood,,,,,,,,,,,,,,,
玄香,xuán xiāng,mysterious fragrance,,,,,,,,,,,,,,,
鈞天,jūn tiān,rotating of Heaven,,,,,,,,,,,,,,,
金璈,jīn áo,golden chime-stone,,,,,,,,,,,,,,,
七芒,qī máng,Seven Awns,,,,,,,,,,,,,,,
崆峒,kōng tóng,cavernous void,,,,,,,,,,,,,,,
天丘,tiān qiū,hills of heaven,,,,,,,,,,,,,,,
濤,tāo,surge,,,,,,,,,,,,,,,
廣遼,guǎng liáo,Broad Expanse,,,,,,,,,,,,,,,
靈歌,líng gē,numinous song,,,,,,,,,,,,,,,
西妃,xī fēi,Western Consort,,,,,,,,,,,,,,,
衆仙,zhòng xiān,assembly of transcendents,,,,,,,,,,,,,,,
羽童,yǔ tóng,feathered lad,,,,,,,,,,,,,,,
二十九眞人,èr shí jiǔ zhēn rén,twenty-nine perfected being,,,,,,,,,,,,,,,
太眞公,tài zhēn gōng,grand perfected duke,,,,,,,,,,,,,,,
主仙道君,zhǔ xiān dào jūn,Lord Who Governs over the Transcendent Dao,,,,,,,,,,,,,,,
圓晨,yuán chén,round dawn,,,,,,,,,,,,,,,
六景,liù jǐng,six phosphors,,,,,,,,,,,,,,,
曲間,qū jiān,your elaborate questions,,,,,,,,,,,,,,,
聖匠,shèng jiàng,Sage Carpenter,,,,,,,,,,,,,,,
太混,tài hùn,grand chaos,,,,,,,,,,,,,,,
一朴,yī pǔ,unhewn block,,,,,,,,,,,,,,,
大藴,dà yùn,great cluster,,,,,,,,,,,,,,,
一包,yī bāo,single envelope,,,,,,,,,,,,,,,
晷儀,guǐ yí,sundial,,,,,,,,,,,,,,,
區域,qū yù,regions,,,,,,,,,,,,,,,
五服,wǔ fú,five realms of submission,,,,,,,,,,,,,,,
漏刻,lòu kè,water clock,,,,,,,,,,,,,,,
日夜,rì yè,night,day,,,,,,,,,,,,,,
五位,wǔ wèi,five positions,,,,,,,,,,,,,,,
險阻,xiǎn zǔ,dangers,impasses,,,,,,,,,,,,,,
城郭,chéng guō,inner,outer city walls,,,,,,,,,,,,,,
兵械,bīng xiè,weapons,soldiers,,,,,,,,,,,,,,
輿服,yú fú,chariots,regalia,,,,,,,,,,,,,,
九穀,jiǔ gǔ,nine grains,,,,,,,,,,,,,,,
生殺,shēng shā,birthing,killing,,,,,,,,,,,,,,
類炁,lèi qì,various kinds of qi,,,,,,,,,,,,,,,
廢興,fèi xīng,growth,decay,,,,,,,,,,,,,,
治亂,zhì luàn,chaos,order,,,,,,,,,,,,,,
運,yùn,cycle,,,,,,,,,,,,,,,
賢愚,xián yú,fool,worthy,,,,,,,,,,,,,,
善惡,shàn è,good,bad,,,,,,,,,,,,,,
剛柔,gāng róu,hard,pliant,,,,,,,,,,,,,,
壽夭,shòu yāo,long,short,,,,,,,,,,,,,,
貴賤,guì jiàn,poor,weak,,,,,,,,,,,,,,
班,bān,ranking,,,,,,,,,,,,,,,
吉凶,jí xiōng,ominous,auspicious,,,,,,,,,,,,,,
徴,zhēng,presage,,,,,,,,,,,,,,,
窮達,qióng dá,capable,weak,,,,,,,,,,,,,,
仙道君,xiān dào jūn,Lord Who Governs the Transcendent Dao,,,,,,,,,,,,,,,
緑藴,lǜ yùn,green bag,,,,,,,,,,,,,,,
龍文,lóng wén,Dragon Writ,,,,,,,,,,,,,,,
八靈,bā líng,Eight Numina,,,,,,,,,,,,,,,
眞經,zhēn jīng,Perfected Scripture,,,,,,,,,,,,,,,
二卷,èr juǎn,two fascicles,,,,,,,,,,,,,,,
陽水,yáng shuǐ,solar water,,,,,,,,,,,,,,,
晨飛,chén fēi,dawn flight,,,,,,,,,,,,,,,
丹腴,dān yú,cinnabar oil,,,,,,,,,,,,,,,
九年,jiǔ nián,nine year,,,,,,,,,,,,,,,
飛飊,fēi biāo,flying-whirlwind,,,,,,,,,,,,,,,
啓明,qǐ míng,Enlightened Brilliance,,,,,,,,,,,,,,,
廣桑山,guǎng sāng shān,Mt. Guangsang,,,,,,,,,,,,,,,
始暉庭,shǐ huī tíng,Court of Incipient Radiance,,,,,,,,,,,,,,,
龍景九文,lóng jǐng jiǔ wén,Nine Writs of the Dragon Phosphors,,,,,,,,,,,,,,,
紫鳳赤書,zǐ fèng chì shū,Purple Phoenix’s Red Book,Red Book of the Purple Phoenix,,,,,,,,,,,,,,
上清神圖,shàng qīng shén tú,Divine Chart of Supreme Purity,,,,,,,,,,,,,,,
八道玉籙,bā dào yù lù,Jade Register of the Eight Paths,,,,,,,,,,,,,,,
丹海,dān hǎi,Dan Sea,,,,,,,,,,,,,,,
長離山,cháng lí shān,Mt. Changli,,,,,,,,,,,,,,,
南極,nán jí,Southern Culmen,,,,,,,,,,,,,,,
紫元夫人,zǐ yuán fū rén,Lady of the Purple Prime,,,,,,,,,,,,,,,
南極元君,nán jí yuán jūn,Primal Lord of the Southern Culmen,,,,,,,,,,,,,,,
九道廽玄太丹緑書,jiǔ dào huí xuán tài dān lǜ shū,Grand Cinnabar Green Book of the Encircling Mystery of Nine Paths,,,,,,,,,,,,,,,
赤臺童子,chì tái tóng zǐ,Lad of the Red Tower,,,,,,,,,,,,,,,
華盖上公,huá gài shàng gōng,Floral Floriate Canopy upper duke,,,,,,,,,,,,,,,
雲琅,yún láng,cloudy gem,,,,,,,,,,,,,,,
水霜,shuǐ shuāng,water frost,,,,,,,,,,,,,,,
渡,dù,cross,,,,,,,,,,,,,,,
庾丘,yǔ qiū,Yuqiu,,,,,,,,,,,,,,,
巨海,jù hǎi,giant Yuqiu Sea,,,,,,,,,,,,,,,
沉羽,chén yǔ,Chenyu,,,,,,,,,,,,,,,
麗農山,lì nóng shān,Mt. Linong,,,,,,,,,,,,,,,
紫蓋,zǐ gài,Purple Canopy,,,,,,,,,,,,,,,
晨夫人,chén fū rén,Lady of the Purple Canopy Dawn,,,,,,,,,,,,,,,
景眞三皇,jǐng zhēn sān huáng,Phosphorically Perfected Three Sovereigns,,,,,,,,,,,,,,,
玉道,yù dào,Jade Dao,jade method,,,,,,,,,,,,,,
緑字,lǜ zì,Green Register,,,,,,,,,,,,,,,
廻曜,huí yào,Encircling Starlight,,,,,,,,,,,,,,,
逰,yóu,excursion,,,,,,,,,,,,,,,
彫柔玄海,diāo ròu xuán hǎi,Diaorou Sea,,,,,,,,,,,,,,,
飮龍,yǐn lóng,Yinlong,,,,,,,,,,,,,,,
匏瓜津,páo guā jīn,Paogua Ford,,,,,,,,,,,,,,,
廣野山,guǎng yě shān,Mt. Guangye,,,,,,,,,,,,,,,
高上虛皇大道玉君,gāo shàng xū huáng dà dào yù jūn,Jade Lord of the Great Dao,Vacuous Sovereign Most High,,,,,,,,,,,,,,
紫始,zǐ shǐ,purple incipience,,,,,,,,,,,,,,,
八景,bā jǐng,Eight Phosphor,eight phosphors,eight phosphor,,,,,,,,,,,,,
萬億,wàn yì,billions,,,,,,,,,,,,,,,
玉晨,yù chén,Jade Dawn,Jade Dawn Palace,,,,,,,,,,,,,,
玄清,xuán qīng,Dark Clarity,Mystic Purity,,,,,,,,,,,,,,
六微,liù wēi,Six Subtleties,,,,,,,,,,,,,,,
寶洞,bǎo dòng,Treasure Grotto,,,,,,,,,,,,,,,
飛霄,fēi xiāo,flying aurora,Flying into the Empyrean,,,,,,,,,,,,,,
絶玄,jué xuán,Farthest Mystery,,,,,,,,,,,,,,,
金章,jīn zhāng,Golden Stanzas,Golden Stanza,,,,,,,,,,,,,,
龍明珠,lóng míng zhū,dragon-bright pearl,,,,,,,,,,,,,,,
絳和雲芝,jiàng hé yún zhī,mushroom of scarlet harmony,,,,,,,,,,,,,,,
金色,jīn sè,golden hue,,,,,,,,,,,,,,,
七曜,qī yào,Seven Sparklers,,,,,,,,,,,,,,,
野,yě,wild,,,,,,,,,,,,,,,
中皇,zhōng huáng,Central Sovereignty,Middle Sovereign,,,,,,,,,,,,,,
玉經,yù jīng,Jade Scripture,,,,,,,,,,,,,,,
鬱絶,yù jué,Mt. Yujue,,,,,,,,,,,,,,,
弱河,ruò hé,Ruo River,,,,,,,,,,,,,,,
龜臺,guī tái,Gui Terrace,,,,,,,,,,,,,,,
三華,sān huá,Three Efflorescences,,,,,,,,,,,,,,,
瓊文,qióng wén,Rose-Gem Writ,Rose-gem Gem Glyph,,,,,,,,,,,,,,
琅書,láng shū,Lang-gem Gem Book,Gem Book,,,,,,,,,,,,,,
靈暉,líng huī,numinous radiance,Numinous Starlight,,,,,,,,,,,,,,
上籙,shàng lù,Upper Register,,,,,,,,,,,,,,,
七晨,qī chén,seven dawn,Seven Stars,,,,,,,,,,,,,,
素經,sù jīng,Immaculate Scripture,,,,,,,,,,,,,,,
汗河,hàn hé,raging river,,,,,,,,,,,,,,,
白空,bái kōng,bright sky,,,,,,,,,,,,,,,
虞山,yú shān,Mt. Yu,,,,,,,,,,,,,,,
三萬里,sān wàn lǐ,thirty-thousand-mile,,,,,,,,,,,,,,,
紫清,zǐ qīng,Purple Clarity,Purple Purity,,,,,,,,,,,,,,
瓊闕,qióng què,Rose-Gem Tower,,,,,,,,,,,,,,,
上道君,shàng dào jūn,Lord of the High Dao,,,,,,,,,,,,,,,
丹靈,dān líng,Cinnabar Numen,Cinnabar Numinosity,,,,,,,,,,,,,,
白玉宫,bái yù gōng,White Jade Palace,,,,,,,,,,,,,,,
飛映,fēi yìng,soaring beam,,,,,,,,,,,,,,,
紫霞,zǐ xiá,purple aurora,,,,,,,,,,,,,,,
七光,qī guāng,seven ray of light,,,,,,,,,,,,,,,
雲宇,yún yǔ,echelon of cloud,,,,,,,,,,,,,,,
玄黄,xuán huáng,vision of the world,,,,,,,,,,,,,,,
繡衣命者,xiù yī mìng zhě,damask-clad messenger,,,,,,,,,,,,,,,
西林藻,xī lín zǎo,Xi Linzao,,,,,,,,,,,,,,,
金眞玉光,jīn zhēn yù guāng,Jade Brilliance of the Golden Perfected,,,,,,,,,,,,,,,
豁落七元,huō luò qī yuán,Seven Primes of the Unobstructed Descent,Seven Primes of Unobstructed Descent,,,,,,,,,,,,,,
八景飛晨,bā jǐng fēi chén,Eight Phosphors of Soaring Dawn,,,,,,,,,,,,,,,
清眞左夫人,qīng zhēn zuǒ fū rén,Pure Perfected Lady on the left,,,,,,,,,,,,,,,
郭靈盖,guō líng gài,Guo Linggai,,,,,,,,,,,,,,,
右陽玉華仲飛姬,yòu yáng yù huá zhòng fēi jī,Solar Jade Blossom Lady on the right,Zhong Feiji,,,,,,,,,,,,,,
神策,shén cè,divine slip,,,,,,,,,,,,,,,
清虛眞人,qīng xū zhēn rén,Perfected Being of Pure Vacuity,,,,,,,,,,,,,,,
小有天王,xiǎo yǒu tiān wáng,Celestial King of Lesser Existence,,,,,,,,,,,,,,,
四司右保上公,sì sī yòu bǎo shàng gōng,Upper Duke of the Protectorate of the Right to the Four Ministries,,,,,,,,,,,,,,,
王屋山,wáng wū shān,Mt. Wangwu,,,,,,,,,,,,,,,
洞天,dòng tiān,Grotto Heaven,grotto-heaven,,,,,,,,,,,,,,
玉章,yù zhāng,jade stanza,jade emblem,Jade Emblem,,,,,,,,,,,,,
寶玄,bǎo xuán,Precious Mystery,,,,,,,,,,,,,,,
祕籍,mì jí,Secret Record,,,,,,,,,,,,,,,
山海,shān hǎi,Mountain and Sea,,,,,,,,,,,,,,,
妙經,miào jīng,Wondrous Scripture,Miraculous Scripture,miraculous scripture,,,,,,,,,,,,,
洞内,dòng nèi,Grotto’s Inner,,,,,,,,,,,,,,,
明景,míng jǐng,Bright Phosphor,,,,,,,,,,,,,,,
虎旂,hǔ qí,tiger flag,,,,,,,,,,,,,,,
龍輦,lóng liǎn,dragon palanquin,,,,,,,,,,,,,,,
金盖,jīn gài,golden canopy,,,,,,,,,,,,,,,
飛輿,fēi yú,flying chassis,,,,,,,,,,,,,,,
內真,nèi zhēn,Inner Perfected,,,,,,,,,,,,,,,
變生,biàn shēng,emerged,Become,,,,,,,,,,,,,,
官號,guān hào,Official,officer’s name,official title,,,,,,,,,,,,,
寶名,bǎo míng,precious name,Precious Name,,,,,,,,,,,,,,
素靈,sù líng,Immaculate Numen,Immaculate Numen Palace,,,,,,,,,,,,,,
洞元,dòng yuán,Celestial Palace,Penetrating Mystery,,,,,,,,,,,,,,
素語,sù yǔ,immaculate word,Immaculate Word,Immaculate Words,,,,,,,,,,,,,
元丹,yuán dān,Mysterious Cinnabar,,,,,,,,,,,,,,,
上化,shàng huà,Upper Transformation,,,,,,,,,,,,,,,
九洞,jiǔ dòng,Nine Grottoes,,,,,,,,,,,,,,,
三精,sān jīng,three essences,,,,,,,,,,,,,,,
玉室,yù shì,jade chamber,,,,,,,,,,,,,,,
房中,fáng zhōng,Palace,,,,,,,,,,,,,,,
金鏤玉字,jīn lòu yù zì,character gilded in gold,,,,,,,,,,,,,,,
中統,zhōng tǒng,Middle Prime,,,,,,,,,,,,,,,
十絕,shí jué,Ten Limits,,,,,,,,,,,,,,,
虛生之天,xū shēng zhī tiān,heavens of the Ten Limits,,,,,,,,,,,,,,,
萬炁,wàn qì,manifold qi,myriad qi,,,,,,,,,,,,,,
金晨,jīn chén,Golden Dawn,,,,,,,,,,,,,,,
神庭,shén tíng,Divine Hall,divine hall,,,,,,,,,,,,,,
元皇,yuán huáng,primal noble,Primal Sovereign,,,,,,,,,,,,,,
高尊,gāo zūn,elevated worthy most high,,,,,,,,,,,,,,,
羣真,qún zhēn,Perfected,congregation of Perfected being,,,,,,,,,,,,,,
上宮,shàng gōng,Upper Palace,upper palace,palace on high,,,,,,,,,,,,,
玄晨,xuán chén,Mysterious Dawn,mystic dawn,,,,,,,,,,,,,,
三素元雲,sān sù yuán yún,three-colored primal cloud,,,,,,,,,,,,,,,
霞峰,xiá fēng,aurora over mountain peak,,,,,,,,,,,,,,,
神燭,shén zhú,divine candle,divine torch,,,,,,,,,,,,,,
毒龍,dú lóng,poisonous dragon,,,,,,,,,,,,,,,
巨獸,jù shòu,giant beast,,,,,,,,,,,,,,,
蟒蛇,mǎng shé,python,snake,,,,,,,,,,,,,,
長牙,cháng yá,long ivory,,,,,,,,,,,,,,,
天威,tiān wēi,celestial might,heaven’s wrath,,,,,,,,,,,,,,
太无,tài wú,Grand Non,Grand Non-existence,Grand Nothingness,,,,,,,,,,,,,
八風,bā fēng,wind in all directions,,,,,,,,,,,,,,,
玄旍,xuán jīng,dark banner,,,,,,,,,,,,,,,
玉音,yù yīn,sound of jade,jade tone,,,,,,,,,,,,,,
靈宮,líng gōng,numinous palace,,,,,,,,,,,,,,,
九霞,jiǔ xiá,nine auroras,,,,,,,,,,,,,,,
鸞,luán,simurgh,,,,,,,,,,,,,,,
紫霄,zǐ xiāo,purple empyrean,,,,,,,,,,,,,,,
玄玄,xuán xuán,mystery of mysteries,,,,,,,,,,,,,,,
天帝君,tiān dì jūn,Thearchical Lord,Celestial Thearchical Lord,,,,,,,,,,,,,,
南極上元君,nán jí shàng yuán jūn,Upper Primal Lord of the Southern Bourne,,,,,,,,,,,,,,,
太微天帝君,tài wēi tiān dì jūn,Thearchical Lord of Grand Tenuity Heaven,Celestial and Thearchical Lord of Grand Tenuity,,,,,,,,,,,,,,
後聖九玄金闕帝君,hòu shèng jiǔ xuán jīn què dì jūn,Golden Porte’s Thearchical Lord of Nine Mysteries,Latter Sage,,,,,,,,,,,,,,
太冥,tài míng,Grand Shroud,,,,,,,,,,,,,,,
太寂,tài jì,Grand Silence,,,,,,,,,,,,,,,
妙觀,miào guān,mysterious belvedere,,,,,,,,,,,,,,,
秘奧,mì ào,secret mystery,,,,,,,,,,,,,,,
元洞,yuán dòng,Primal Cave,primal cave,primal grotto,,,,,,,,,,,,,
凝精,níng jīng,congealed essence,congealing essence,,,,,,,,,,,,,,
三關,sān guān,Three Passes,,,,,,,,,,,,,,,
幽府,yōu fǔ,underworld bureau,dark repository,,,,,,,,,,,,,,
萬真,wàn zhēn,myriad Perfected being,manifold Perfected,myriad Perfected,,,,,,,,,,,,,
違,wéi,infraction,turn against,,,,,,,,,,,,,,
己愆,jǐ qiān,wrongdoing,fault,,,,,,,,,,,,,,
窮魂,qióng hún,incalculable soul,,,,,,,,,,,,,,,
南庭,nán tíng,Southern Court,,,,,,,,,,,,,,,
三帝,sān dì,Three Thearchs,,,,,,,,,,,,,,,
慧唱,huì chàng,enlightened verse,,,,,,,,,,,,,,,
氛穢,fēn huì,corruption,filth,,,,,,,,,,,,,,
神德,shén dé,divine virtue,,,,,,,,,,,,,,,
之道,zhī dào,Dao,teaching,,,,,,,,,,,,,,
紫晨,zǐ chén,Purple Dawn,,,,,,,,,,,,,,,
逸迴風,yì huí fēng,whirlwind of unitive fusion,,,,,,,,,,,,,,,
雌,cí,female,Feminine One,,,,,,,,,,,,,,
雄,xióng,Masculine One,male,,,,,,,,,,,,,,
瓊響,qióng xiǎng,rose-gem echo,,,,,,,,,,,,,,,
辟非,pì fēi,avoiding falsity,,,,,,,,,,,,,,,
明梁,míng liáng,Bright Beam,,,,,,,,,,,,,,,
玄門,xuán mén,gate of mysteries,Mysterious Gate,,,,,,,,,,,,,,
易有,yì yǒu,Yiyou,,,,,,,,,,,,,,,
德刃,dé rèn,blade of penetrating virtue,,,,,,,,,,,,,,,
濯耀羅,zhuó yào luó,dazzling and radiant web,,,,,,,,,,,,,,,
太漠,tài mò,Grand Nothingness,,,,,,,,,,,,,,,
靈關,líng guān,numinous pass,,,,,,,,,,,,,,,
無刃,wú rèn,Bladeless,,,,,,,,,,,,,,,
浩劫,hào jié,cataclysmic cycle,,,,,,,,,,,,,,,
神舘,shén guǎn,divine lodge,,,,,,,,,,,,,,,
金房,jīn fáng,Golden Room,golden room,,,,,,,,,,,,,,
幽室,yōu shì,secluded chamber,,,,,,,,,,,,,,,
瓊音,qióng yīn,rose-gem tone,,,,,,,,,,,,,,,
魔王,mó wáng,demon-king,,,,,,,,,,,,,,,
億道,yì dào,ten million [manifestations] of the Dao,,,,,,,,,,,,,,,
奇毛,qí máo,unusual [Transcendent] feather,,,,,,,,,,,,,,,
異質,yì zhì,extraordinary feature,,,,,,,,,,,,,,,
金骨,jīn gǔ,golden bone,,,,,,,,,,,,,,,
九真,jiǔ zhēn,Nine Perfected,,,,,,,,,,,,,,,
玉檢,yù jiǎn,Jade Seal,,,,,,,,,,,,,,,
雌一,cí yī,Feminine One,,,,,,,,,,,,,,,
玄母,xuán mǔ,Mysterious Mother,,,,,,,,,,,,,,,
間,jiān,Tablet,,,,,,,,,,,,,,,
五迴,wǔ huí,Five Turns,,,,,,,,,,,,,,,
雌雄,cí xióng,female,male,,,,,,,,,,,,,,
羣神,qún shén,legions of spirits,,,,,,,,,,,,,,,
解脫,jiě tuō,unbind,,,,,,,,,,,,,,,
結,jié,knot,tie,,,,,,,,,,,,,,
極真,jí zhēn,Palace of Ultimate Perfection,ultimate form of Perfection,,,,,,,,,,,,,,
靈煙,líng yān,numinous vapor,,,,,,,,,,,,,,,
神燈,shén dēng,divine light,,,,,,,,,,,,,,,
瓊房,qióng fáng,rose-gem room,,,,,,,,,,,,,,,
飛獸,fēi shòu,soaring beast,,,,,,,,,,,,,,,
鸞鳳,luán fèng,phoenix,simurgh,,,,,,,,,,,,,,
天暉,tiān huī,celestial gleam,,,,,,,,,,,,,,,
幽舘,yōu guǎn,shrouded lodge,,,,,,,,,,,,,,,
旨,zhǐ,meaning,,,,,,,,,,,,,,,
趣,qù,insight,,,,,,,,,,,,,,,
玉,yù,jade,,,,,,,,,,,,,,,
玉皇,yù huáng,Jade Monarch,Jade Sovereign,,,,,,,,,,,,,,
瓊宮,qióng gōng,Rose-gem Palace,Rose-gem Gem Palace,,,,,,,,,,,,,,
幽塗,yōu tú,dark servitude,Dark Path,,,,,,,,,,,,,,
南宮,nán gōng,Southern Palace,,,,,,,,,,,,,,,
形壇,xíng tán,earthly altar,,,,,,,,,,,,,,,
信心,xìn xīn,heartfelt pledge,,,,,,,,,,,,,,,
妙化,miào huà,miraculous transformation,,,,,,,,,,,,,,,
影響,yǐng xiǎng,echoes,shadows,,,,,,,,,,,,,,
迴風,huí fēng,Whirlwind,,,,,,,,,,,,,,,
混合,hùn hé,unitive fusion,,,,,,,,,,,,,,,
金華,jīn huá,Golden Efflorescence,,,,,,,,,,,,,,,
十二上願,shí èr shàng yuàn,Twelve High Intention,,,,,,,,,,,,,,,
八門,bā mén,Eight Gate,,,,,,,,,,,,,,,
行間,xíng jiān,Submission,,,,,,,,,,,,,,,
太一,tài yī,Grand Monad,,,,,,,,,,,,,,,
蘭香,lán xiāng,orchid scent,orchid,,,,,,,,,,,,,,
洞地,dòng dì,Grotto-Earth,grotto-earth,,,,,,,,,,,,,,
洞淵,dòng yuān,grotto-abyss,,,,,,,,,,,,,,,
寶訣,bǎo jué,precious instruction,,,,,,,,,,,,,,,
元父,yuán fù,Primal Father,,,,,,,,,,,,,,,
三胎,sān tāi,third embryo,,,,,,,,,,,,,,,
秘言,mì yán,cryptic word,,,,,,,,,,,,,,,
要妙,yào miào,profound miracle,,,,,,,,,,,,,,,
內經,nèi jīng,Inner Scripture,scripture,,,,,,,,,,,,,,
大丹,dà dān,Great Elixir,,,,,,,,,,,,,,,
內精,nèi jīng,inner essence,,,,,,,,,,,,,,,
大德,dà dé,highest virtue,,,,,,,,,,,,,,,
元明,yuán míng,Primal Brightness,,,,,,,,,,,,,,,
元曜,yuán yào,Primal Sunlight,,,,,,,,,,,,,,,
耀元君,yào yuán jūn,Resplendent Primal Lord,,,,,,,,,,,,,,,
玄混,xuán hùn,Xuanhun,,,,,,,,,,,,,,,
靈元,líng yuán,Lingyuan,,,,,,,,,,,,,,,
飛晨寶冠,fēi chén bǎo guān,crown of “soaring dawn” jewels,,,,,,,,,,,,,,,
青錦單帬,qīng jǐn dān qún,single-layer azure damask robe,,,,,,,,,,,,,,,
陽霞朱明之符,yáng xiá zhū míng zhī fú,“Vermillion Vermilion Brightness of the Solar Auroras” talisman,,,,,,,,,,,,,,,
青耀,qīng yào,Azure Resplendence,,,,,,,,,,,,,,,
啟明,qǐ míng,Revealing [talisman],Qiming,Reveals the Bright Heaven,,,,,,,,,,,,,
伯玄,bó xuán,Boxuan,,,,,,,,,,,,,,,
青冠,qīng guàn,azure crown,,,,,,,,,,,,,,,
晨玉,chén yù,inaugurating dawn jade,,,,,,,,,,,,,,,
帬,qún,robe,,,,,,,,,,,,,,,
黃靈,huáng líng,Yellow Numen,,,,,,,,,,,,,,,
炎薰光,yán xūn guāng,Fiery and Fragrant Beam,,,,,,,,,,,,,,,
大赫,dà hè,Great Blaze,,,,,,,,,,,,,,,
太陽君,tài yáng jūn,Lord of Grand Solarity,,,,,,,,,,,,,,,
真威,zhēn wēi,Zhenwei,,,,,,,,,,,,,,,
玄寶冠,xuán bǎo guān,crown of black jewels,,,,,,,,,,,,,,,
黃雲錦帬,huáng yún jǐn qún,brocade robe of yellow clouds,,,,,,,,,,,,,,,
重華,chóng huá,Double Efflorescence,,,,,,,,,,,,,,,
耀靈,yào líng,Radiant Numen,Resplendent Numen,,,,,,,,,,,,,,
太仙,tài xiān,Grand Transcendent,,,,,,,,,,,,,,,
元命,yuán mìng,Primal Fate,,,,,,,,,,,,,,,
始明,shǐ míng,Shiming,,,,,,,,,,,,,,,
混生,hùn shēng,Hunsheng,unitively emerge,,,,,,,,,,,,,,
飛晨玉冠,fēi chén yù guān,“soaring dawn” jade crown,,,,,,,,,,,,,,,
單青飛帬,dān qīng fēi qún,single-layer robe of azure,thin,,,,,,,,,,,,,,
東極,dōng jí,Eastern Culmen,,,,,,,,,,,,,,,
皇靈寶,huáng líng bǎo,Precious Cloud-soul,,,,,,,,,,,,,,,
耀魄,yào pò,Resplendent White-soul,,,,,,,,,,,,,,,
守命,shǒu mìng,Shouming,,,,,,,,,,,,,,,
青精玉冠,qīng jīng yù guān,crown made of azure essence jade,,,,,,,,,,,,,,,
飛青羽帬,fēi qīng yǔ qún,light,azure robe of feathers,,,,,,,,,,,,,,
延崖,yán yá,High Cliff,,,,,,,,,,,,,,,
青腰,qīng yāo,Azure Sash,,,,,,,,,,,,,,,
娥景,é jǐng,Ejing,,,,,,,,,,,,,,,
飛雲髻,fēi yún jì,chignon of soaring clouds,,,,,,,,,,,,,,,
青羅,qīng luó,light azure silk,,,,,,,,,,,,,,,
飛帬,fēi qún,flowing,flying skirt,flowing robe,,,,,,,,,,,,,
上玄,shàng xuán,Shangxuan,,,,,,,,,,,,,,,
昇靈,shēng líng,Shengling,,,,,,,,,,,,,,,
景陽,jǐng yáng,Azure Solarity,,,,,,,,,,,,,,,
東皇,dōng huáng,Eastern Monarch,,,,,,,,,,,,,,,
青陽,qīng yáng,Shadowy Solarity,,,,,,,,,,,,,,,
翠靈,cuì líng,Blue Numen,,,,,,,,,,,,,,,
安來,ān lái,Anlai,,,,,,,,,,,,,,,
玄耀,xuán yào,Xuanyao,,,,,,,,,,,,,,,
雲髻,yún jì,chignon,cloud chignon,,,,,,,,,,,,,,
青文,qīng wén,azure pattern,,,,,,,,,,,,,,,
羽帬,yǔ qún,feathered robe,,,,,,,,,,,,,,,
赤皇,chì huáng,Red Monarch,,,,,,,,,,,,,,,
延齡,yán líng,Long-lived,,,,,,,,,,,,,,,
娥容,é róng,Ravishing,,,,,,,,,,,,,,,
赤圭,chì guī,Red Gui-jade,,,,,,,,,,,,,,,
承靈,chéng líng,Chengling,,,,,,,,,,,,,,,
精微,jīng wēi,Jingwei,,,,,,,,,,,,,,,
頹雲,tuí yún,scattered clouds,cloudy,,,,,,,,,,,,,,
髻,jì,coiffure,chignon,hair,,,,,,,,,,,,,
朱文,zhū wén,vermillion pattern,,,,,,,,,,,,,,,
化生,huà shēng,be born,,,,,,,,,,,,,,,
清微,qīng wēi,Clear Tenuity,,,,,,,,,,,,,,,
兆身,zhào shēn,adept,your body,,,,,,,,,,,,,,
生官,shēng guān,official,,,,,,,,,,,,,,,
洞真,dòng zhēn,penetrating perfection,Penetrating Perfection,,,,,,,,,,,,,,
太熒惑,tài yíng huò,Mars,,,,,,,,,,,,,,,
元生,yuán shēng,Primal Being,,,,,,,,,,,,,,,
大靈機,dà líng jī,Great Numinous Trigger,,,,,,,,,,,,,,,
皇君,huáng jūn,August Lord,,,,,,,,,,,,,,,
朱寶,zhū bǎo,pearls and jewels,,,,,,,,,,,,,,,
絳章,jiàng zhāng,Crimson Emblem,crimson emblem,,,,,,,,,,,,,,
通明,tōng míng,Penetrating into the Brightness,,,,,,,,,,,,,,,
四洞,sì dòng,Four Grottoes,,,,,,,,,,,,,,,
九元,jiǔ yuán,Nine Primes,,,,,,,,,,,,,,,
炎域,yán yù,Fiery Region,,,,,,,,,,,,,,,
元執法,yuán zhí fǎ,Primal Enforcer of the Law,,,,,,,,,,,,,,,
延壽,yán shòu,Extends Life,,,,,,,,,,,,,,,
司籙君,sī lù jūn,Lord who Keeps Registers,,,,,,,,,,,,,,,
玄雲寶冠,xuán yún bǎo guān,crown of black cloudy jewels,,,,,,,,,,,,,,,
丹文帬,dān wén qún,skirt with cinnabar patterns,,,,,,,,,,,,,,,
五陽,wǔ yáng,Five Yang,,,,,,,,,,,,,,,
五陰,wǔ yīn,Five Yin,,,,,,,,,,,,,,,
洞極,dòng jí,Penetrate the Ultimate,,,,,,,,,,,,,,,
玄天,xuán tiān,Dark Heavens,,,,,,,,,,,,,,,
太虛君,tài xū jūn,Lord of the Grand Barrens,,,,,,,,,,,,,,,
無窮子,wú qióng zǐ,Wuqiongzi,,,,,,,,,,,,,,,
運度,yùn dù,Yundu,,,,,,,,,,,,,,,
遠遊冠,yuǎn yóu guàn,far roaming crown,,,,,,,,,,,,,,,
丹錦帬,dān jǐn qún,skirt of cinnabar damask,,,,,,,,,,,,,,,
太上神仙,tài shàng shén xiān,highest divine Transcendent,,,,,,,,,,,,,,,
中鎮,zhōng zhèn,Middle Queller,,,,,,,,,,,,,,,
太上高皇君,tài shàng gāo huáng jūn,Lord of Most High Radiance,,,,,,,,,,,,,,,
承天,chéng tiān,Chengtian,,,,,,,,,,,,,,,
胤元,yìn yuán,Yinyuan,,,,,,,,,,,,,,,
飛晨冠,fēi chén guān,flying dawn crown,,,,,,,,,,,,,,,
太赤,tài chì,Grand Red,,,,,,,,,,,,,,,
寶魂,bǎo hún,Precious Cloud-soul,,,,,,,,,,,,,,,
玄固,xuán gù,Xuangu,,,,,,,,,,,,,,,
無終,wú zhōng,Wuzhong,,,,,,,,,,,,,,,
玉精,yù jīng,jade essence,,,,,,,,,,,,,,,
寶冠,bǎo guàn,jewels,,,,,,,,,,,,,,,
皇衡,huáng héng,Exalted Scale,,,,,,,,,,,,,,,
赤陽,chì yáng,Red Solarity,,,,,,,,,,,,,,,
齡期,líng qī,Lingqi,,,,,,,,,,,,,,,
昇幽,shēng yōu,Shengyou,,,,,,,,,,,,,,,
通天,tōng tiān,penetrate heaven,penetrates heaven,,,,,,,,,,,,,,
玉寶,yù bǎo,jade and jewels,jade jewel,,,,,,,,,,,,,,
絳文,jiàng wén,crimson pattern,,,,,,,,,,,,,,,
鎮元,zhèn yuán,Great Queller,,,,,,,,,,,,,,,
黃太素,huáng tài sù,Primal Yellow,,,,,,,,,,,,,,,
黃機,huáng jī,Yellow Trigger,,,,,,,,,,,,,,,
執中,zhí zhōng,Impartial,,,,,,,,,,,,,,,
五玉童,wǔ yù tóng,Fifth Jade Lad,,,,,,,,,,,,,,,
法華,fǎ huá,Fahua,,,,,,,,,,,,,,,
娥先,é xiān,Exian,,,,,,,,,,,,,,,
角髻,jiǎo jì,angled chignon,,,,,,,,,,,,,,,
黃羅帬,huáng luó qún,robe of yellow silk,,,,,,,,,,,,,,,
鎮星,zhèn xīng,Saturn,,,,,,,,,,,,,,,
元神,yuán shén,Primal Spirit,,,,,,,,,,,,,,,
神耀,shén yào,Divine Resplendence,,,,,,,,,,,,,,,
玉𤤠,yù yáng,Yang-jade Harmony,,,,,,,,,,,,,,,
泰素,tài sù,Harmonious Purity,,,,,,,,,,,,,,,
素玉女,sù yù nǚ,Immaculate Jade Maiden,,,,,,,,,,,,,,,
道炁,dào qì,Daoqi,,,,,,,,,,,,,,,
太宗,tài zōng,Taizong,,,,,,,,,,,,,,,
頹雲髻,tuí yún jì,scattered cloud chignon,chignon of sloping clouds,,,,,,,,,,,,,,
黃羅,huáng luó,yellow light silk,,,,,,,,,,,,,,,
蘭臺,lán tái,Orchid Terrace,,,,,,,,,,,,,,,
太白,tài bái,Great White,Venus,,,,,,,,,,,,,,
留金城,liú jīn chéng,Liujin City,,,,,,,,,,,,,,,
元精,yuán jīng,Primal Essence,primal essence,,,,,,,,,,,,,,
元導,yuán dǎo,Primal Guide,,,,,,,,,,,,,,,
太仙君,tài xiān jūn,Grand Transcendent Lord,,,,,,,,,,,,,,,
玉寶冠,yù bǎo guān,crown with jade and jewels,,,,,,,,,,,,,,,
素錦,sù jǐn,white damask,,,,,,,,,,,,,,,
飛裳,fēi cháng,flowing robe,,,,,,,,,,,,,,,
啟明通天寶符,qǐ míng tōng tiān bǎo fú,Heavenly Jewel that Reveals and Penetrates Heaven talisman,,,,,,,,,,,,,,,
浩素,hào sù,Immense Plain [Silk],,,,,,,,,,,,,,,
天機,tiān jī,Heavenly Trigger,,,,,,,,,,,,,,,
星光,xīng guāng,Starry Beams,,,,,,,,,,,,,,,
混精,hùn jīng,Hunjing,,,,,,,,,,,,,,,
浩真,hào zhēn,Haozhen,,,,,,,,,,,,,,,
遊雲,yóu yún,roaming cloud,,,,,,,,,,,,,,,
素文,sù wén,beige pattern,white pattern,,,,,,,,,,,,,,
曜,yào,brilliance,Blazing,,,,,,,,,,,,,,
少陰,shǎo yīn,Minor Yin,,,,,,,,,,,,,,,
昊元,hào yuán,Primal,,,,,,,,,,,,,,,
素上,sù shàng,Immaculate Higher,,,,,,,,,,,,,,,
皇,huáng,Sovereign,,,,,,,,,,,,,,,
白人君,bái rén jūn,White Lord,,,,,,,,,,,,,,,
浩丹,hào dān,Haodan,,,,,,,,,,,,,,,
正綸,zhèng lún,Zhenglun,,,,,,,,,,,,,,,
玄晨冠,xuán chén guān,crown of mystic dawn,,,,,,,,,,,,,,,
白錦,bái jǐn,white brocade,,,,,,,,,,,,,,,
太辰,tài chén,Mercury,,,,,,,,,,,,,,,
玄洞,xuán dòng,mystery,mysterious grotto,,,,,,,,,,,,,,
元陰,yuán yīn,Primal Yin,,,,,,,,,,,,,,,
五耀,wǔ yào,Five Radiant,,,,,,,,,,,,,,,
元華,yuán huá,Primal Blossom,,,,,,,,,,,,,,,
鬱單君,yù dān jūn,Lord of Yudan,,,,,,,,,,,,,,,
錦帬,jǐn qún,damask skirt,brocade robe,,,,,,,,,,,,,,
耀黑,yào hēi,Blazing Black,,,,,,,,,,,,,,,
洞玄門,dòng xuán mén,Mysterious Gate,,,,,,,,,,,,,,,
仙君,xiān jūn,Transcendent Lord,,,,,,,,,,,,,,,
法容,fǎ róng,Farong,regal countenance,,,,,,,,,,,,,,
玄文單帬,xuán wén dān qún,robe with black patterns,,,,,,,,,,,,,,,
寶魄,bǎo pò,Precious White-souls,,,,,,,,,,,,,,,
耀魂,yào hún,Blazing Cloud-souls,,,,,,,,,,,,,,,
通天冠,tōng tiān guān,crown that penetrates heaven,,,,,,,,,,,,,,,
玄衣,xuán yī,black robe,,,,,,,,,,,,,,,
素耀,sù yào,Immaculate Radiant,,,,,,,,,,,,,,,
陰暉,yīn huī,Yin Gleam,,,,,,,,,,,,,,,
元化,yuán huà,Primal Transformation,primal transformation,,,,,,,,,,,,,,
幽精,yōu jīng,Youjing,,,,,,,,,,,,,,,
變通,biàn tōng,Biantong,,,,,,,,,,,,,,,
三建髻,sān jiàn jì,three-tiered chignon,,,,,,,,,,,,,,,
西皇,xī huáng,Western Sovereign,,,,,,,,,,,,,,,
仙玉童,xiān yù tóng,Transcendent Jade Lad,,,,,,,,,,,,,,,
沖淵,chōng yuān,Chongyuan,,,,,,,,,,,,,,,
玄錦,xuán jǐn,dark polychrome damask,,,,,,,,,,,,,,,
延影,yán yǐng,Extended Shadow,,,,,,,,,,,,,,,
九導,jiǔ dǎo,Ninth Leader,,,,,,,,,,,,,,,
承翼,chéng yì,Protector,,,,,,,,,,,,,,,
金樓,jīn lóu,Golden Loft,,,,,,,,,,,,,,,
惠精,huì jīng,Huijing,,,,,,,,,,,,,,,
白羅,bái luó,light silk,,,,,,,,,,,,,,,
白炁,bái qì,white qi,,,,,,,,,,,,,,,
黑炁,hēi qì,black qi,,,,,,,,,,,,,,,
素靈宮,sù líng gōng,Immaculate Numen Palace,Palace of Immaculate Numen,,,,,,,,,,,,,,
皇堂府,huáng táng fǔ,Resplendent Hall Bureau,Radiant Hall Bureau,,,,,,,,,,,,,,
真一,zhēn yī,Perfected One,perfected Ones,,,,,,,,,,,,,,
雌一五老,cí yī wǔ lǎo,Five Ancient Lords,,,,,,,,,,,,,,,
大有素靈,dà yǒu sù líng,Most High Scripture of the Immaculate Numen,Immaculate Numen,,,,,,,,,,,,,,
三炁,sān qì,qi of the Three Grottoes,three qi,,,,,,,,,,,,,,
兆,zhào,omen,your body,,,,,,,,,,,,,,
本生,běn shēng,natal day,original birth,,,,,,,,,,,,,,
身形,shēn xíng,bodily form,,,,,,,,,,,,,,,
骨分,gǔ fèn,osseous allotment,,,,,,,,,,,,,,,
道真,dào zhēn,Dao of Perfection,,,,,,,,,,,,,,,
穢炁,huì qì,noxious qi,defiled qi,,,,,,,,,,,,,,
綠軿,lǜ píng,green phaeton,,,,,,,,,,,,,,,
平旦,píng dàn,early morning,morning,,,,,,,,,,,,,,
存思,cún sī,actualization,meditation,visualize,,,,,,,,,,,,,
清微府,qīng wēi fǔ,Clear Tenuity Bureau,,,,,,,,,,,,,,,
青炁,qīng qì,azure qi,,,,,,,,,,,,,,,
赤炁,chì qì,red qi,,,,,,,,,,,,,,,
咽,yàn,swallow,gulp,,,,,,,,,,,,,,
九炁,jiǔ qì,nine breaths,nine qi,,,,,,,,,,,,,,
蘭臺府,lán tái fǔ,Orchid Terrace Bureau,,,,,,,,,,,,,,,
赤黃二炁,chì huáng èr qì,yellow and red qi,,,,,,,,,,,,,,,
白黑二炁,bái hēi èr qì,white and black qi,,,,,,,,,,,,,,,
臍下丹田宮,qí xià dān tián gōng,abdominal Cinnabar Field Palace,,,,,,,,,,,,,,,
三洞炁,sān dòng qì,qi of the Three GrottosGrottoes,,,,,,,,,,,,,,,
化,huà,transform,,,,,,,,,,,,,,,
北帝,běi dì,Northern Thearch,,,,,,,,,,,,,,,
幽微,yōu wēi,obscure,mysterious,subtle,,,,,,,,,,,,,
監御,jiān yù,control,oversee,,,,,,,,,,,,,,
總統,zǒng tǒng,coordinate,control,,,,,,,,,,,,,,
披洞,pī dòng,uncover,open,,,,,,,,,,,,,,
無間,wú jiàn,no barrier,,,,,,,,,,,,,,,
寶耀,bǎo yào,precious radiance,,,,,,,,,,,,,,,
纏絡,chán luò,crisscross,twine,wrap,,,,,,,,,,,,,
華鮮,huá xiān,fragrant flower,,,,,,,,,,,,,,,
絳室,jiàng shì,crimson chamber,,,,,,,,,,,,,,,
遊宴,yóu yàn,travel to banquet,,,,,,,,,,,,,,,
紫天,zǐ tiān,purple heaven,,,,,,,,,,,,,,,
長享,cháng xiǎng,go on,,,,,,,,,,,,,,,
億年,yì nián,hundred million year,,,,,,,,,,,,,,,
大熒惑星,dà yíng huò xīng,Mars,,,,,,,,,,,,,,,
景化,jǐng huà,Jinghua,,,,,,,,,,,,,,,
通明四洞九元,tōng míng sì dòng jiǔ yuán,Penetrating into the Brightness of the Four Grottos’ Grottoes’ Nine Primes,,,,,,,,,,,,,,,
諱字,huì zì,name,,,,,,,,,,,,,,,
真神,zhēn shén,Perfected spirit,Perfected divinity,,,,,,,,,,,,,,
丹輿,dān yú,cinnabar chassis,,,,,,,,,,,,,,,
寶祕,bǎo mì,treasure,precious secret,,,,,,,,,,,,,,
帝真,dì zhēn,Thearchical Perfected,,,,,,,,,,,,,,,
金闕聖君,jīn què shèng jūn,Sage Lord of the Golden Porte,,,,,,,,,,,,,,,
上篇,shàng piān,most important fascicle,chapter,,,,,,,,,,,,,,
絳簡,jiàng jiǎn,crimson slip,,,,,,,,,,,,,,,
三真品經,sān zhēn pǐn jīng,three Perfected grades of the highest scriptures,,,,,,,,,,,,,,,
帝皇,dì huáng,Thearchical Sovereign,thearchical sovereign,,,,,,,,,,,,,,
上公,shàng gōng,upper sire,,,,,,,,,,,,,,,
小有靈宮,xiǎo yǒu líng gōng,numinous palaces of Lesser Existence,,,,,,,,,,,,,,,
神州,shén zhōu,divine continent,,,,,,,,,,,,,,,
卿,qīng,chamberlain,,,,,,,,,,,,,,,
中下大夫,zhōng xià dà fū,mid- to lower-level grandee,,,,,,,,,,,,,,,
神官,shén guān,divine official,,,,,,,,,,,,,,,
八素篇,bā sù piān,Eight Simplicities,,,,,,,,,,,,,,,
靈宗,líng zōng,numinous patriarch,progenitor,,,,,,,,,,,,,,
命根,mìng gēn,source of life,,,,,,,,,,,,,,,
胃池,wèi chí,stomach pond,,,,,,,,,,,,,,,
腦宮,nǎo gōng,cerebral palace,cranial palace,,,,,,,,,,,,,,
萬毛,wàn máo,myriad hair,,,,,,,,,,,,,,,
千孔,qiān kǒng,thousand pore,,,,,,,,,,,,,,,
軀形,qū xíng,bodily form,,,,,,,,,,,,,,,
上神,shàng shén,upper most god,,,,,,,,,,,,,,,
吞炁,tūn qì,swallow qi,,,,,,,,,,,,,,,
咽津,yàn jīn,gulp fluid,,,,,,,,,,,,,,,
鳴齒,míng chǐ,clack tooth,,,,,,,,,,,,,,,
納液,nà yè,consume saliva,,,,,,,,,,,,,,,
腦家,nǎo jiā,brain,,,,,,,,,,,,,,,
邊枝,biān zhī,peripheral branch,,,,,,,,,,,,,,,
妙法,miào fǎ,miraculous ritual,wondrous method,miraculous method,,,,,,,,,,,,,
盟誓,méng shì,pledge,,,,,,,,,,,,,,,
鬼官,guǐ guān,demon official,demon officer,,,,,,,,,,,,,,
河源,hé yuán,river's source,river’s source,,,,,,,,,,,,,,
眉,méi,eyebrow,,,,,,,,,,,,,,,
明堂宮,míng táng gōng,Bright Hall Palace,,,,,,,,,,,,,,,
腦精,nǎo jīng,Cerebral Essence,,,,,,,,,,,,,,,
魂宮,hún gōng,Cloud-soul Soul Palace,,,,,,,,,,,,,,,
明童真君,míng tóng zhēn jūn,Perfected Lord of Bright Lads,,,,,,,,,,,,,,,
明女真官,míng nǚ zhēn guān,Perfected Official of the Bright Girls,,,,,,,,,,,,,,,
明鏡神君,míng jìng shén jūn,Divine Lord of the Bright Mirror,,,,,,,,,,,,,,,
綠錦衣,lǜ jǐn yī,green damask cloth,,,,,,,,,,,,,,,
玉鈴,yù líng,jade bell,,,,,,,,,,,,,,,
玉鏡,yù jìng,jade mirror,,,,,,,,,,,,,,,
赤玉,chì yù,red jade,,,,,,,,,,,,,,,
赤光,chì guāng,red beam of light,,,,,,,,,,,,,,,
丈,zhàng,zhang,,,,,,,,,,,,,,,
三君,sān jūn,three lords,,,,,,,,,,,,,,,
牙齒,yá chǐ,teeth,,,,,,,,,,,,,,,
渴,kě,thirsty,,,,,,,,,,,,,,,
路,lù,road,,,,,,,,,,,,,,,
火光,huǒ guāng,beam of light,fiery beams,,,,,,,,,,,,,,
凶處,xiōng chù,bad place,,,,,,,,,,,,,,,
厄難,è nàn,difficulty,,,,,,,,,,,,,,,
刀兵,dāo bīng,war,,,,,,,,,,,,,,,
敵人,dí rén,enemy,,,,,,,,,,,,,,,
害心,hài xīn,hurting you,,,,,,,,,,,,,,,
延年,yán nián,prolong life,,,,,,,,,,,,,,,
臨困,lín kùn,on your deathbed,,,,,,,,,,,,,,,
正心,zhèng xīn,Zhengxin,upright mind,,,,,,,,,,,,,,
安寢,ān qǐn,recline,,,,,,,,,,,,,,,
口傍,kǒu bàng,around your mouth,,,,,,,,,,,,,,,
暮,mù,evening,,,,,,,,,,,,,,,
臥,wò,lie down,,,,,,,,,,,,,,,
顏色,yán sè,face,complexion,,,,,,,,,,,,,,
童女,tóng nǚ,young lass,,,,,,,,,,,,,,,
旦,dàn,sunrise,,,,,,,,,,,,,,,
唾,tuò,[qi],spittle,saliva,,,,,,,,,,,,,
赤,chì,red,,,,,,,,,,,,,,,
无英公子,wú yīng gōng zǐ,Non-pareil Lordling,,,,,,,,,,,,,,,
白元君,bái yuán jūn,Lord White Prime,,,,,,,,,,,,,,,
飛真,fēi zhēn,flying Perfected being,,,,,,,,,,,,,,,
金華經,jīn huá jīng,Scripture of the Golden Efflorescence,,,,,,,,,,,,,,,
二人,èr rén,two beings,,,,,,,,,,,,,,,
丹田宮,dān tián gōng,Cinnabar Field Palace,,,,,,,,,,,,,,,
地真人,dì zhēn rén,terrestrial Perfected,,,,,,,,,,,,,,,
控,kòng,enables,,,,,,,,,,,,,,,
官位,guān wèi,official post,,,,,,,,,,,,,,,
七輿,qī yú,seven carriages,,,,,,,,,,,,,,,
雲中,yún zhōng,clouds,,,,,,,,,,,,,,,
玄丹宮,xuán dān gōng,Mysterious Cinnabar Palace,Palace of Mysterious Cinnabar,,,,,,,,,,,,,,
真君,zhēn jūn,Perfected Lord,Perfected lord,,,,,,,,,,,,,,
流珠宮,liú zhū gōng,Flowing Pearl Palace,,,,,,,,,,,,,,,
流珠,liú zhū,Flowing Pearl,,,,,,,,,,,,,,,
公卿,gōng qīng,chamberlain,,,,,,,,,,,,,,,
正房,zhèng fáng,square cun,,,,,,,,,,,,,,,
綠室,lǜ shì,green chamber,,,,,,,,,,,,,,,
朱烟,zhū yān,vermillion vapor,,,,,,,,,,,,,,,
太一真君,tài yī zhēn jūn,Grand Monad Perfected Lord,,,,,,,,,,,,,,,
金牀,jīn chuáng,golden bed,,,,,,,,,,,,,,,
玉帳,yù zhàng,jade curtain,,,,,,,,,,,,,,,
紫繡錦衣,zǐ xiù jǐn yī,damask robe with purple pattern,,,,,,,,,,,,,,,
流火之鈴,liú huǒ zhī líng,flowing fire bell,,,,,,,,,,,,,,,
中黃太一真人,zhōng huáng tài yī zhēn rén,Central Yellow Grand Monad,,,,,,,,,,,,,,,
寶鈴,bǎo líng,precious bell,,,,,,,,,,,,,,,
北斗七星,běi dǒu qī xīng,seven stars of the Big Dipper,seven stars of the Dipper,,,,,,,,,,,,,,
柄,bǐng,scepter,,,,,,,,,,,,,,,
北辰,běi chén,northern chronogram,,,,,,,,,,,,,,,
辰綱,chén gāng,mainstay,,,,,,,,,,,,,,,
大一真君,dà yī zhēn jūn,Grand Monad Perfected Lord,,,,,,,,,,,,,,,
黃闕,huáng què,yellow gate tower,,,,,,,,,,,,,,,
紫戶,zǐ hù,Purple Door,purple door,,,,,,,,,,,,,,
絳臺,jiàng tái,crimson terrace,,,,,,,,,,,,,,,
青房,qīng fáng,azure room,,,,,,,,,,,,,,,
守寸,shǒu cùn,guardian of the cun,Guardian of the Cun,,,,,,,,,,,,,,
法王,fǎ wáng,Fawang,,,,,,,,,,,,,,,
初方,chū fāng,Chufang,,,,,,,,,,,,,,,
分,fèn,region,,,,,,,,,,,,,,,
暮臥,mù wò,lie in bed at night,,,,,,,,,,,,,,,
呼,hū,call,,,,,,,,,,,,,,,
靈真,líng zhēn,numinous Perfected,,,,,,,,,,,,,,,
帝軒,dì xuān,Thearch’s gallery,,,,,,,,,,,,,,,
黃太一,huáng tài yī,Middle Yellow Grand Monad,,,,,,,,,,,,,,,
赤子帝君,chì zǐ dì jūn,Red Child Thearchical Lord,,,,,,,,,,,,,,,
耳神,ěr shén,ear god,,,,,,,,,,,,,,,
嬌女,jiāo nǚ,Jiaonü,,,,,,,,,,,,,,,
雲儀,yún yí,Yunyi,,,,,,,,,,,,,,,
磬鐘,qìng zhōng,chime stone,bell,,,,,,,,,,,,,,
耳門,ěr mén,ears,,,,,,,,,,,,,,,
項,xiàng,neck,,,,,,,,,,,,,,,
惡炁,è qì,evil qi,,,,,,,,,,,,,,,
流火,liú huǒ,fiery bell,flowing fire,,,,,,,,,,,,,,
瀨水,lài shuǐ,lapping of wave,,,,,,,,,,,,,,,
心藏,xīn zàng,heart,,,,,,,,,,,,,,,
聽門,tīng mén,gate,,,,,,,,,,,,,,,
鼻,bí,nose,,,,,,,,,,,,,,,
朱淵,zhū yuān,vermillion abyss,,,,,,,,,,,,,,,
華盖,huá gài,floriate canopy,,,,,,,,,,,,,,,
林精,lín jīng,arboreal essence,,,,,,,,,,,,,,,
舌,shé,tongue,,,,,,,,,,,,,,,
元英,yuán yīng,Non-pareil,,,,,,,,,,,,,,,
龍轅,lóng yuán,dragon chariot shaft,,,,,,,,,,,,,,,
胃宮,wèi gōng,Stomach Palace,,,,,,,,,,,,,,,
威刀,wēi dāo,intimidating knife,,,,,,,,,,,,,,,
膽神,dǎn shén,gallbladder’s spirit,,,,,,,,,,,,,,,
外援,wài yuán,external spear,,,,,,,,,,,,,,,
腎元,shèn yuán,Kidney Prime,,,,,,,,,,,,,,,
陰極,yīn jí,Extremity of Yin,,,,,,,,,,,,,,,
真機,zhēn jī,Trigger of Perfection,,,,,,,,,,,,,,,
一體,yī tǐ,body,,,,,,,,,,,,,,,
金聲,jīn shēng,sound of metal,,,,,,,,,,,,,,,
真炁,zhēn qì,Perfected qi,perfected qi,,,,,,,,,,,,,,
絃樂,xián yuè,stringed instrument,,,,,,,,,,,,,,,
音,yīn,sound,,,,,,,,,,,,,,,
角,jiǎo,horn,,,,,,,,,,,,,,,
吉,jí,blessing,auspicious sign,,,,,,,,,,,,,,
象,xiàng,sign,,,,,,,,,,,,,,,
呌,jiào,crying out,,,,,,,,,,,,,,,
喚,huàn,calling,,,,,,,,,,,,,,,
號呼,hào hū,shouting,,,,,,,,,,,,,,,
賤,jiàn,misfortune,,,,,,,,,,,,,,,
臰炁,chòu qì,something putrid,putrid,,,,,,,,,,,,,,
淹穢,yān huì,rotting,decaying,,,,,,,,,,,,,,
淨潔,jìng jié,pure,,,,,,,,,,,,,,,
掃除,sǎo chú,sweep out,,,,,,,,,,,,,,,
寢宇,qǐn yǔ,dwelling,,,,,,,,,,,,,,,
香炁,xiāng qì,something fragrant,fragrant,,,,,,,,,,,,,,
修,xiū,cultivate,,,,,,,,,,,,,,,
德惠,dé huì,gift,,,,,,,,,,,,,,,
拯,zhěng,saving,,,,,,,,,,,,,,,
窮困,qióng kùn,poor,,,,,,,,,,,,,,,
布,bù,distributing,,,,,,,,,,,,,,,
陰功,yīn gōng,secret virtue,,,,,,,,,,,,,,,
慈愛,cí ài,clemency,,,,,,,,,,,,,,,
血氣,xuè qì,blood,,,,,,,,,,,,,,,
三分,sān fēn,three fen,,,,,,,,,,,,,,,
雙田,shuāng tián,Dual Field,,,,,,,,,,,,,,,
洞房宮,dòng fáng gōng,Palace of the Grotto-Room,,,,,,,,,,,,,,,
玉帝宮,yù dì gōng,Jade Thearch Palace,,,,,,,,,,,,,,,
天庭宮,tiān tíng gōng,Celestial Court Palace,,,,,,,,,,,,,,,
太皇宮,tài huáng gōng,Grand Sovereign Palace,,,,,,,,,,,,,,,
四宮,sì gōng,Four Palaces,four palaces,,,,,,,,,,,,,,
太極帝君,tài jí dì jūn,Thearchical Lord of Grand Bourne,,,,,,,,,,,,,,,
五宮,wǔ gōng,five palaces,,,,,,,,,,,,,,,
真名,zhēn míng,Perfected name,,,,,,,,,,,,,,,
玉清神母,yù qīng shén mǔ,Divine Mother of Jade Clarity,,,,,,,,,,,,,,,
上清真女,shàng qīng zhēn nǚ,Perfected maiden of Upper Clarity,,,,,,,,,,,,,,,
太極帝妃,tài jí dì fēi,Taiji's thearchical consort,,,,,,,,,,,,,,,
太上君后,tài shàng jūn hòu,Empress of Most High Lord,Most High Lord of the Dao,,,,,,,,,,,,,,
雌真,cí zhēn,Feminine Perfected One,,,,,,,,,,,,,,,
雄真,xióng zhēn,Masculine Perfected One,,,,,,,,,,,,,,,
雌真一,cí zhēn yī,Feminine Perfected One,,,,,,,,,,,,,,,
瓊軒,qióng xuān,rose-gem carriage,,,,,,,,,,,,,,,
靈妃,líng fēi,numinous consort,,,,,,,,,,,,,,,
神后,shén hòu,Divine Empress,,,,,,,,,,,,,,,
宗根,zōng gēn,ancestral root,,,,,,,,,,,,,,,
虛皇,xū huáng,Sovereign of Vacuity,,,,,,,,,,,,,,,
雌家,cí jiā,Feminine One,,,,,,,,,,,,,,,
精苦,jīng kǔ,utmost dedication,,,,,,,,,,,,,,,
暮夕,mù xī,evening,,,,,,,,,,,,,,,
靜寢,jìng qǐn,silent bedchamber,,,,,,,,,,,,,,,
思念,sī niàn,thought,,,,,,,,,,,,,,,
紫炁,zǐ qì,vapor of purple qi,purple qi,,,,,,,,,,,,,,
服色,fú sè,clothes,style,color,,,,,,,,,,,,,
問道,wèn dào,inquire about method,,,,,,,,,,,,,,,
咽唾,yàn tuò,gulp,,,,,,,,,,,,,,,
七星,qī xīng,seven star,Seven Stars,seven stars,,,,,,,,,,,,,
太一君,tài yī jūn,Grand Monad Lord,,,,,,,,,,,,,,,
魁,kuí,kui star,,,,,,,,,,,,,,,
上清宮,shàng qīng gōng,palaces of Upper Clarity,,,,,,,,,,,,,,,
宮中,gōng zhōng,palace,,,,,,,,,,,,,,,
寢息,qǐn xī,rest,,,,,,,,,,,,,,,
眠,mián,sleep,,,,,,,,,,,,,,,
妙應,miào yìng,miraculous response,,,,,,,,,,,,,,,
內神,nèi shén,Inner Spirit,,,,,,,,,,,,,,,
玉訣,yù jué,jade secret instruction,Jade Instructions,instruction written on jade,,,,,,,,,,,,,
內名,nèi míng,esoteric name,,,,,,,,,,,,,,,
正旦,zhèng dàn,first day of the year,,,,,,,,,,,,,,,
月朔,yuè shuò,first day of month,new moon,,,,,,,,,,,,,,
神母,shén mǔ,Divine Mother,,,,,,,,,,,,,,,
廉,lián,Lian,,,,,,,,,,,,,,,
御,yù,Yu,,,,,,,,,,,,,,,
荒彥,huāng yàn,Huangyan,,,,,,,,,,,,,,,
玄黃,xuán huáng,mysterious yellow,dark yellow,,,,,,,,,,,,,,
綬,shòu,ribbon,,,,,,,,,,,,,,,
珠玉,zhū yù,pearl,jade,,,,,,,,,,,,,,
進賢,jìn xián,Promoting Worthies,,,,,,,,,,,,,,,
朱宮,zhū gōng,Vermilion Palace,,,,,,,,,,,,,,,
七寶,qī bǎo,seven-jeweled,Seven Treasures,seven jewel,,,,,,,,,,,,,
里,lǐ,li,village,,,,,,,,,,,,,,
真女,zhēn nǚ,Perfected Maiden,,,,,,,,,,,,,,,
厥,jué,Jue,,,,,,,,,,,,,,,
回,huí,Hui,,,,,,,,,,,,,,,
弼𩔗,bì lèi,Bilei,,,,,,,,,,,,,,,
青寶,qīng bǎo,azure jewel,,,,,,,,,,,,,,,
錦繡,jǐn xiù,damask,,,,,,,,,,,,,,,
霜羅,shuāng luó,frosty white silk,,,,,,,,,,,,,,,
太幽宮,tài yōu gōng,Grand Seclusion Palace,,,,,,,,,,,,,,,
明堂府,míng táng fǔ,Bright Hall Bureau,,,,,,,,,,,,,,,
九光鄉,jiǔ guāng xiāng,Jiuguang county,,,,,,,,,,,,,,,
大化里,dà huà lǐ,Dahua village,,,,,,,,,,,,,,,
帝妃,dì fēi,thearchical consort,Thearchical Consort,,,,,,,,,,,,,,
虛生,xū shēng,Xusheng,vapor,,,,,,,,,,,,,,
伯无,bó wú,Bowu,,,,,,,,,,,,,,,
玄羅,xuán luó,dark silk,,,,,,,,,,,,,,,
元景,yuán jǐng,Grand Clarity,,,,,,,,,,,,,,,
極玄宮,jí xuán gōng,Palace of Ultimate Mystery,,,,,,,,,,,,,,,
玉房府,yù fáng fǔ,Jade Room Bureau,,,,,,,,,,,,,,,
三丹鄉,sān dān xiāng,Sandan county,,,,,,,,,,,,,,,
丹元里,dān yuán lǐ,Danyuan village,,,,,,,,,,,,,,,
遷,qiān,Qian,,,,,,,,,,,,,,,
含孩,hán hái,Hanhai,,,,,,,,,,,,,,,
合延生,hé yán shēng,Heyan,,,,,,,,,,,,,,,
无極,wú jí,Wuji,,,,,,,,,,,,,,,
玉冠,yù guān,jade crown,,,,,,,,,,,,,,,
洞元極真宮,dòng yuán jí zhēn gōng,Palace of Cavernous Prime’s Ultimate Perfection,,,,,,,,,,,,,,,
丹精府,dān jīng fǔ,Cinnabar Essence Bureau,,,,,,,,,,,,,,,
雲光鄉,yún guāng xiāng,Yunguang county,,,,,,,,,,,,,,,
玄玄里,xuán xuán lǐ,Xuanxuan village,,,,,,,,,,,,,,,
名諱,míng huì,names,,,,,,,,,,,,,,,
鄉居,xiāng jū,places of residence,,,,,,,,,,,,,,,
紙墨,zhǐ mò,ink,paper,,,,,,,,,,,,,,
燒香,shāo xiāng,light incense,incense,burn incense,,,,,,,,,,,,,
長短,cháng duǎn,height,,,,,,,,,,,,,,,
陰官,yīn guān,Yin officer,,,,,,,,,,,,,,,
元炁,yuán qì,primal qi,,,,,,,,,,,,,,,
五正,wǔ zhèng,Five Rights,,,,,,,,,,,,,,,
玄始,xuán shǐ,Mysterious Beginning,,,,,,,,,,,,,,,
妙真,miào zhēn,wondrous perfection,,,,,,,,,,,,,,,
四真,sì zhēn,[Feminine] Perfected,,,,,,,,,,,,,,,
千齡,qiān líng,thousand year,,,,,,,,,,,,,,,
真符,zhēn fú,Perfected Talisman,,,,,,,,,,,,,,,
太微天,tài wēi tiān,Grand Tenuity heaven,Grand Tenuity Heaven,,,,,,,,,,,,,,
六符,liù fú,Six Talisman,,,,,,,,,,,,,,,
五符,wǔ fú,Five Talisman,,,,,,,,,,,,,,,
下元,xià yuán,Lower One,Lower Prime,,,,,,,,,,,,,,
朱書,zhū shū,vermillion [ink],vermillion ink,write in vermillion,,,,,,,,,,,,,
服,fú,swallow,,,,,,,,,,,,,,,
朱,zhū,pearls,vermilion,vermillion,,,,,,,,,,,,,
錦囊,jǐn náng,damask satchel,,,,,,,,,,,,,,,
玉宮,yù gōng,Jade Palace,,,,,,,,,,,,,,,
五岳,wǔ yuè,Five Marchmount,five marchmounts,Five Marchmounts,,,,,,,,,,,,,
肘,zhǒu,elbow,,,,,,,,,,,,,,,
洿穢,wū huì,dirty,,,,,,,,,,,,,,,
青筆,qīng bǐ,azure brush,,,,,,,,,,,,,,,
吞,tūn,swallow,,,,,,,,,,,,,,,
邪神,xié shén,perverse spirit,,,,,,,,,,,,,,,
真精,zhēn jīng,Perfected essence,,,,,,,,,,,,,,,
真一君,zhēn yī jūn,Perfected Ones,,,,,,,,,,,,,,,
佩符,pèi fú,wear the talisman,,,,,,,,,,,,,,,
封山,fēng shān,enfeoff the mountain,,,,,,,,,,,,,,,
召海,zhào hǎi,beckon the sea,beckon the [gods] of the seas,,,,,,,,,,,,,,
制御,zhì yù,command,,,,,,,,,,,,,,,
禽獸,qín shòu,beasts,birds,,,,,,,,,,,,,,
伏諾,fú nuò,submit,,,,,,,,,,,,,,,
遊行,yóu xíng,roam around,,,,,,,,,,,,,,,
域,yù,field,,,,,,,,,,,,,,,
四面,sì miàn,every direction,,,,,,,,,,,,,,,
山野,shān yě,wild beast,,,,,,,,,,,,,,,
丹皇,dān huáng,cinnabar sovereign,cinnabar sovereign of the Middle One,,,,,,,,,,,,,,
黃庭,huáng tíng,Yellow Court,,,,,,,,,,,,,,,
元王,yuán wáng,Primal King,primal king,primal king of the Lower One,,,,,,,,,,,,,
二十四炁,èr shí sì qì,twenty-four qi,,,,,,,,,,,,,,,
二十四真,èr shí sì zhēn,twenty-four Perfected,,,,,,,,,,,,,,,
品物,pǐn wù,beings,,,,,,,,,,,,,,,
玄神,xuán shén,dark spirit,mysterious spirit,,,,,,,,,,,,,,
三一元君,sān yī yuán jūn,[three] primal lords of the Three Ones,,,,,,,,,,,,,,,
千乘,qiān chéng,one thousand chariots,,,,,,,,,,,,,,,
萬騎,wàn qí,ten thousand horsemen,,,,,,,,,,,,,,,
羽盖,yǔ gài,feather canopy,feathered canopy,,,,,,,,,,,,,,
紫宮,zǐ gōng,Purple Palace,,,,,,,,,,,,,,,
元圖,yuán tú,primal map,,,,,,,,,,,,,,,
混分,hùn fēn,unitive division,,,,,,,,,,,,,,,
胞胎,bāo tāi,embryonic conception,,,,,,,,,,,,,,,
玄炁,xuán qì,dark qi,mysterious qi,,,,,,,,,,,,,,
精靈,jīng líng,essential numen,,,,,,,,,,,,,,,
晨景,chén jǐng,starry phosphor,,,,,,,,,,,,,,,
混黃,hùn huáng,yellow,,,,,,,,,,,,,,,
千塗,qiān tú,thousand path,,,,,,,,,,,,,,,
老艾,lǎo ài,elderly appearance,,,,,,,,,,,,,,,
嬰,yīng,youthful one,,,,,,,,,,,,,,,
死籍,sǐ jí,death register,,,,,,,,,,,,,,,
北酆,běi fēng,Beifeng,,,,,,,,,,,,,,,
帝鄉,dì xiāng,domain of the Thearchs,,,,,,,,,,,,,,,
寢止,qǐn zhǐ,sleep,,,,,,,,,,,,,,,
帝一,dì yī,Thearchical One,,,,,,,,,,,,,,,
三五七九,sān wǔ qī jiǔ,Three-Five-Seven-Nine,,,,,,,,,,,,,,,
一神,yī shén,spirit of the One,,,,,,,,,,,,,,,
三素,sān sù,Three Ladies of Simplicity,Three Elementals,,,,,,,,,,,,,,
上一,shàng yī,Upper One,,,,,,,,,,,,,,,
真帝,zhēn dì,Perfected Thearch,,,,,,,,,,,,,,,
中一,zhōng yī,Middle One,,,,,,,,,,,,,,,
下一,xià yī,Lower One,,,,,,,,,,,,,,,
真王,zhēn wáng,Perfected king,perfected king,,,,,,,,,,,,,,
皇極,huáng jí,Sovereign Ultimate,,,,,,,,,,,,,,,
人皇,rén huáng,human sovereign,,,,,,,,,,,,,,,
眾妙之君,zhòng miào zhī jūn,Lord of the Many Miracles,,,,,,,,,,,,,,,
三皇,sān huáng,three sovereigns,,,,,,,,,,,,,,,
華偽,huá wěi,superficial behavior,,,,,,,,,,,,,,,
競心,jìng xīn,sense of competition,,,,,,,,,,,,,,,
專心,zhuān xīn,concentrate your mind,,,,,,,,,,,,,,,
玉真,yù zhēn,jade Perfected,,,,,,,,,,,,,,,
正道,zhèng dào,Correct Way,Correct Dao,,,,,,,,,,,,,,
胎根,tāi gēn,embryonic root,,,,,,,,,,,,,,,
玄真,xuán zhēn,mystic perfection,mysterious Perfected,,,,,,,,,,,,,,
萬化,wàn huà,myriad transformation,,,,,,,,,,,,,,,
三九,sān jiǔ,Three and Nine,Thirty-Nine,,,,,,,,,,,,,,
大有妙經,dà yǒu miào jīng,Miraculous Scripture of Great Existence,,,,,,,,,,,,,,,
仙皇,xiān huáng,Transcendent sovereign,,,,,,,,,,,,,,,
洞真玄經,dòng zhēn xuán jīng,mysterious scripture of penetrating perfection,,,,,,,,,,,,,,,
太上素靈,tài shàng sù líng,Immaculate Numen Most High,,,,,,,,,,,,,,,
一帝君,yī dì jūn,thearchical lord of the Upper One,,,,,,,,,,,,,,,
素靈洞玄大有妙經,sù líng dòng xuán dà yǒu miào jīng,[Most High] Wondrous Scripture of the Immaculate Numen [Celestial Palace] that Penetrates the Mystery of the Great Existence [Heaven],Wondrous Scripture of the Immaculate Numen that Penetrates the Mystery of the Great Existence,,,,,,,,,,,,,,
至精,zhì jīng,most essential,,,,,,,,,,,,,,,
極章,jí zhāng,ultimate stanza,,,,,,,,,,,,,,,
禁訣,jìn jué,regulation,,,,,,,,,,,,,,,
祕篇,mì piān,secret text,,,,,,,,,,,,,,,
宣,xuān,convey,,,,,,,,,,,,,,,
首篇,shǒu piān,first book,,,,,,,,,,,,,,,
津塗,jīn tú,way,,,,,,,,,,,,,,,
妙訣,miào jué,wondrous instruction,miraculous instruction,,,,,,,,,,,,,,
患人,huàn rén,sick person,,,,,,,,,,,,,,,
守,shǒu,guard,steadfastness,,,,,,,,,,,,,,
正炁,zhèng qì,correct qi,,,,,,,,,,,,,,,
故炁,gù qì,stale qi,,,,,,,,,,,,,,,
浮華,fú huá,something superficial,,,,,,,,,,,,,,,
邪炁,xié qì,deviant qi,,,,,,,,,,,,,,,
空宅,kōng zhái,empty dwelling,,,,,,,,,,,,,,,
赤子,chì zǐ,Ruddy Infant,Red Child,Newborn,,,,,,,,,,,,,
星,xīng,star,,,,,,,,,,,,,,,
永存,yǒng cún,live eternally,,,,,,,,,,,,,,,
靈寶經,líng bǎo jīng,Scripture of the Numinous Treasure,,,,,,,,,,,,,,,
地真,dì zhēn,terrestrial perfection,,,,,,,,,,,,,,,
兩眉,liǎng méi,two eyebrow,,,,,,,,,,,,,,,
上丹田,shàng dān tián,upper cinnabar field,,,,,,,,,,,,,,,
中丹田,zhōng dān tián,middle cinnabar field,,,,,,,,,,,,,,,
臍,qí,navel,,,,,,,,,,,,,,,
下丹田,xià dān tián,lower cinnabar field,lower Cinnabar Field,,,,,,,,,,,,,,
泥丸宮,ní wán gōng,Muddy Pellet Palace,,,,,,,,,,,,,,,
頂,dǐng,crown,,,,,,,,,,,,,,,
背,bèi,backside,,,,,,,,,,,,,,,
日象,rì xiàng,simulacrum of the sun,,,,,,,,,,,,,,,
泥丸天帝,ní wán tiān dì,Celestial Thearch of the Muddy Pellet,,,,,,,,,,,,,,,
玄凝天,xuán níng tiān,Xuanningtian,,,,,,,,,,,,,,,
三元先,sān yuán xiān,Sanyuanxian,,,,,,,,,,,,,,,
伯无上,bó wú shàng,Bowushang,,,,,,,,,,,,,,,
伯史華,bó shǐ huá,Boshihua,,,,,,,,,,,,,,,
上一宮,shàng yī gōng,Upper One’s palace,,,,,,,,,,,,,,,
帝卿,dì qīng,thearchical chamberlain,Thearchical Chamberlain,,,,,,,,,,,,,,
神虎符,shén hǔ fú,Divine Tiger Talisman,,,,,,,,,,,,,,,
玉函,yù hán,jade case,,,,,,,,,,,,,,,
面目,miàn mù,face,,,,,,,,,,,,,,,
毛髮,máo fà,hair,,,,,,,,,,,,,,,
三魂,sān hún,three cloud-soul,Three Cloud-souls,three cloud-souls,,,,,,,,,,,,,
七魄,qī pò,seven white-soul,seven white-souls,,,,,,,,,,,,,,
上元帝,shàng yuán dì,Thearchical One of the Upper Prime,,,,,,,,,,,,,,,
混炁,hùn qì,impure qi,Fusing Qi,,,,,,,,,,,,,,
徑,jìng,diameter,,,,,,,,,,,,,,,
元丹皇君,yuán dān huáng jūn,Primal Cinnabar Sovereign Lord,,,,,,,,,,,,,,,
中一丹皇,zhōng yī dān huáng,Cinnabar Sovereign of the Middle One,,,,,,,,,,,,,,,
神運珠,shén yùn zhū,Shenyunzhu,,,,,,,,,,,,,,,
子南丹,zǐ nán dān,Zinandan,,,,,,,,,,,,,,,
生上伯,shēng shàng bó,Shengshangbo,,,,,,,,,,,,,,,
史雲拘,shǐ yún jū,Shi Yunju,,,,,,,,,,,,,,,
絳官丹皇君,jiàng guān dān huáng jūn,Cinnabar Sovereign Lord of the Crimson Palace,,,,,,,,,,,,,,,
心宮,xīn gōng,heart’s palace,,,,,,,,,,,,,,,
輔皇卿,fǔ huáng qīng,Assistant Sovereign Chamberlain,,,,,,,,,,,,,,,
輔皇中卿,fǔ huáng zhōng qīng,Middle Chamberlain who Assists the Sovereign,,,,,,,,,,,,,,,
中光堅,zhōng guāng jiān,Zhong Guangjian,,,,,,,,,,,,,,,
四化靈,sì huà líng,Sihualing,,,,,,,,,,,,,,,
幽車伯,yōu chē bó,You Chebo,,,,,,,,,,,,,,,
董史華,dǒng shǐ huá,Dong Shihua,,,,,,,,,,,,,,,
雞子,jī zǐ,chicken’s egg,,,,,,,,,,,,,,,
雌一高上符,cí yī gāo shàng fú,High Talisman of the Feminine One,,,,,,,,,,,,,,,
白玉函,bái yù hán,white jade case,,,,,,,,,,,,,,,
明月珠,míng yuè zhū,bright moon pearl,,,,,,,,,,,,,,,
血肉,xuè ròu,muscle,blood,,,,,,,,,,,,,,
萬邪,wàn xié,myriad of evils,manifold perverse spirit,,,,,,,,,,,,,,
中一丹皇君,zhōng yī dān huáng jūn,Cinnabar Sovereign Lord of the Middle One,,,,,,,,,,,,,,,
分形散化,fēn xíng sàn huà,transformed,split,,,,,,,,,,,,,,
胎神,tāi shén,embryonic spirit,,,,,,,,,,,,,,,
三,sān,three,,,,,,,,,,,,,,,
命門,mìng mén,Gate of Life,,,,,,,,,,,,,,,
下元嬰兒,xià yuán yīng ér,Newborn of the Lower Prime,,,,,,,,,,,,,,,
黃庭元王,huáng tíng yuán wáng,Primal King of the Yellow Court,,,,,,,,,,,,,,,
始明精,shǐ míng jīng,Shi Mingjing,,,,,,,,,,,,,,,
元陽昌,yuán yáng chāng,Yuan Yangchang,,,,,,,,,,,,,,,
嬰兒胎,yīng ér tāi,Ying Ertai,,,,,,,,,,,,,,,
伯史原,bó shǐ yuán,Bo Shiyuan,,,,,,,,,,,,,,,
保鎮弼卿,bǎo zhèn bì qīng,Deputy Chamberlain,Protector,,,,,,,,,,,,,,
陰莖,yīn jīng,dark stalk,,,,,,,,,,,,,,,
精炁,jīng qì,essential qi,,,,,,,,,,,,,,,
白珠,bái zhū,white pearl,,,,,,,,,,,,,,,
守神,shǒu shén,god who guards,,,,,,,,,,,,,,,
結精,jié jīng,essences are knotted,,,,,,,,,,,,,,,
迴烟,huí yān,circulating vapors,,,,,,,,,,,,,,,
昇化,shēng huà,transform,rise up,,,,,,,,,,,,,,
弼卿,bì qīng,Deputy Chamberlain,,,,,,,,,,,,,,,
黃玉函,huáng yù hán,yellow jade case,,,,,,,,,,,,,,,
下關,xià guān,Lower Pass,lower pass,,,,,,,,,,,,,,
玉莖,yù jīng,jade stalk,,,,,,,,,,,,,,,
四支,sì zhī,four limb,,,,,,,,,,,,,,,
骨髓,gǔ suǐ,marrow,,,,,,,,,,,,,,,
百竅,bǎi qiào,hundred aperture,,,,,,,,,,,,,,,
腸胃,cháng wèi,stomach,intestine,,,,,,,,,,,,,,
膀胱,páng guāng,pancreas,,,,,,,,,,,,,,,
三蟲,sān chóng,three worm,,,,,,,,,,,,,,,
閉精,bì jīng,seal essence,,,,,,,,,,,,,,,
養炁,yǎng qì,nourish qi,,,,,,,,,,,,,,,
結炁,jié qì,knot qi,knotting qi,,,,,,,,,,,,,,
玉虛,yù xū,Jade Vacuity,,,,,,,,,,,,,,,
服炁,fú qì,swallow qi,,,,,,,,,,,,,,,
杓柄,sháo bǐng,handle,handle of the Dipper,,,,,,,,,,,,,,
試校,shì xiào,trial,,,,,,,,,,,,,,,
階級,jiē jí,path,,,,,,,,,,,,,,,
妙靈,miào líng,miraculous spirit,,,,,,,,,,,,,,,
仙骨,xiān gǔ,Transcendent bone,,,,,,,,,,,,,,,
金閣,jīn gé,Golden Porte,,,,,,,,,,,,,,,
玉字,yù zì,jade letter,jade name,name written in jade,,,,,,,,,,,,,
妙道,miào dào,wondrous method,,,,,,,,,,,,,,,
宿世,sù shì,previous life,,,,,,,,,,,,,,,
三一君,sān yī jūn,Lord of the Three Ones,,,,,,,,,,,,,,,
萬穴,wàn xué,myriad channel,,,,,,,,,,,,,,,
受者,shòu zhě,adept,one who undergoes initiation,,,,,,,,,,,,,,
青繒,qīng zēng,silk,azure cord,azure silk,,,,,,,,,,,,,
三十尺,sān shí chǐ,thirty chi,,,,,,,,,,,,,,,
盟物,méng wù,pledge item,,,,,,,,,,,,,,,
山栖,shān qī,mountain,,,,,,,,,,,,,,,
行路,xíng lù,street,,,,,,,,,,,,,,,
急病,jí bìng,gravely ill,,,,,,,,,,,,,,,
下鬼,xià guǐ,lower ghost,,,,,,,,,,,,,,,
父子,fù zǐ,fathers and sons,,,,,,,,,,,,,,,
傳授,chuán shòu,transmission,,,,,,,,,,,,,,,
友,yǒu,disciple,,,,,,,,,,,,,,,
問津,wèn jīn,ask for the teachings,,,,,,,,,,,,,,,
陽明,yáng míng,Solar Radiance,,,,,,,,,,,,,,,
陰精,yīn jīng,Shadowy Essence,,,,,,,,,,,,,,,
玄冥,xuán míng,Mysterious Darkness,,,,,,,,,,,,,,,
尊君,zūn jūn,venerable lord,,,,,,,,,,,,,,,
斗魁,dǒu kuí,bowl of the Dipper,,,,,,,,,,,,,,,
三卿君,sān qīng jūn,three chamberlain lord,,,,,,,,,,,,,,,
三尊,sān zūn,Three Worthies,three worthies,Three Worthy,,,,,,,,,,,,,
中卿,zhōng qīng,middle chamberlain,,,,,,,,,,,,,,,
下卿,xià qīng,lower chamberlain,,,,,,,,,,,,,,,
咽炁,yān qì,breathe qi in,,,,,,,,,,,,,,,
天關星,tiān guān xīng,Heaven’s Gate star,,,,,,,,,,,,,,,
寢室,qǐn shì,bedchamber,,,,,,,,,,,,,,,
三卿,sān qīng,chamberlain,,,,,,,,,,,,,,,
陽明星,yáng míng xīng,Solar Radiance star,,,,,,,,,,,,,,,
東神,dōng shén,eastern spirit,,,,,,,,,,,,,,,
東元,dōng yuán,Eastern Prime,,,,,,,,,,,,,,,
青玄,qīng xuán,Azure Mystery,,,,,,,,,,,,,,,
真光,zhēn guāng,Perfected gleam,Perfected beam of light,,,,,,,,,,,,,,
丹元星,dān yuán xīng,Cinnabar Prime star,,,,,,,,,,,,,,,
太上宮,tài shàng gōng,Most High Palace,,,,,,,,,,,,,,,
朱陽靈妃,zhū yáng líng fēi,Numinous Consort of Vermillion Solarity,,,,,,,,,,,,,,,
絳書,jiàng shū,crimson book,,,,,,,,,,,,,,,
寶衣,bǎo yī,bejeweled clothes,,,,,,,,,,,,,,,
陰精星,yīn jīng xīng,Shadowy Essence star,,,,,,,,,,,,,,,
西神,xī shén,western spirit,,,,,,,,,,,,,,,
白素少女,bái sù shào nǚ,Junior Maiden of White Immaculacy,,,,,,,,,,,,,,,
玉章虎書,yù zhāng hǔ shū,Tiger Book of Jade Stanzas,,,,,,,,,,,,,,,
西元,xī yuán,Western Prime,,,,,,,,,,,,,,,
冬節,dōng jié,nodal day of winter,,,,,,,,,,,,,,,
北向,běi xiàng,facing north,,,,,,,,,,,,,,,
北極星,běi jí xīng,Northern Culmen star,,,,,,,,,,,,,,,
北元太上宮,běi yuán tài shàng gōng,Most High Palace of the Northern Prime,,,,,,,,,,,,,,,
玄精真人,xuán jīng zhēn rén,Perfected Being of Mysterious Essence,,,,,,,,,,,,,,,
金書祕字,jīn shū mì zì,golden book of esoteric characters,,,,,,,,,,,,,,,
三五順行,sān wǔ shùn xíng,Astral Rotation of the Three-Five,,,,,,,,,,,,,,,
本宮,běn gōng,palace,place of origin,,,,,,,,,,,,,,
學士,xué shì,adept,,,,,,,,,,,,,,,
行事,xíng shì,ritual,,,,,,,,,,,,,,,
始學者,shǐ xué zhě,beginner,,,,,,,,,,,,,,,
禳災,ráng zāi,mitigate disaster,,,,,,,,,,,,,,,
辟惡,bì è,cast away evil,,,,,,,,,,,,,,,
真形,zhēn xíng,Perfected image,true form,,,,,,,,,,,,,,
響,xiǎng,echo,,,,,,,,,,,,,,,
幽機,yōu jī,Mysterious Trigger,,,,,,,,,,,,,,,
芳芝,fāng zhī,fragrant polypore,,,,,,,,,,,,,,,
真感,zhēn gǎn,sympathetic resonance,,,,,,,,,,,,,,,
九,jiǔ,nine,,,,,,,,,,,,,,,
咒訣,zhòu jué,instruction,incantation,,,,,,,,,,,,,,
素呪,sù zhòu,immaculate incantation,,,,,,,,,,,,,,,
法服,fǎ fú,ritual vestment,,,,,,,,,,,,,,,
冥目,míng mù,close (your) eyes,eyes nearly closed,,,,,,,,,,,,,,
陰呪,yīn zhòu,silently incant,incantation,,,,,,,,,,,,,,
百日,bǎi rì,one-hundred-day,one hundred day,,,,,,,,,,,,,,
真靈,zhēn líng,Perfected numen,Perfected numina,,,,,,,,,,,,,,
玉澤,yù zé,jade luster,,,,,,,,,,,,,,,
奇光,qí guāng,peculiar light,,,,,,,,,,,,,,,
內咒,nèi zhòu,Esoteric Incantation,,,,,,,,,,,,,,,
第二,dì èr,Second,,,,,,,,,,,,,,,
正南,zhèng nán,due south,,,,,,,,,,,,,,,
上元君,shàng yuán jūn,Upper Primal Lord,,,,,,,,,,,,,,,
正西,zhèng xī,due west,,,,,,,,,,,,,,,
閉炁,bì qì,block your breath,,,,,,,,,,,,,,,
第四,dì sì,Fourth,,,,,,,,,,,,,,,
本年命,běn nián mìng,natal year,,,,,,,,,,,,,,,
正北,zhèng běi,due north,,,,,,,,,,,,,,,
五通,wǔ tōng,five times,,,,,,,,,,,,,,,
五府,wǔ fǔ,five viscera,,,,,,,,,,,,,,,
理,lǐ,configuration,,,,,,,,,,,,,,,
白日昇晨,bái rì shēng chén,ascend to the heavens in broad daylight,,,,,,,,,,,,,,,
至人,zhì rén,advanced adept,,,,,,,,,,,,,,,
雲霞,yún xiá,auroras,clouds,,,,,,,,,,,,,,
虛无,xū wú,vacuity,nothingness,Barren Nullity,,,,,,,,,,,,,
天科條,tiān kē tiáo,rules of heaven’s codes,,,,,,,,,,,,,,,
三品,sān pǐn,three-tier,three grades,three grade,,,,,,,,,,,,,
三皇內文,sān huáng nèi wén,Esoteric Writs of the Three Sovereigns,,,,,,,,,,,,,,,
天文,tiān wén,heavenly writing,,,,,,,,,,,,,,,
大字,dà zì,great glyph,,,,,,,,,,,,,,,
黃白之道,huáng bái zhī dào,method of the yellow-white,,,,,,,,,,,,,,,
玄霄,xuán xiāo,dark empyrean,,,,,,,,,,,,,,,
靈寶,líng bǎo,Numinous Treasure,,,,,,,,,,,,,,,
淵泉,yuān quán,abysmal spring,,,,,,,,,,,,,,,
妙趣,miào qù,wondrous miracle,wondrous movement,,,,,,,,,,,,,,
洞源,dòng yuán,cavernous font,spring,,,,,,,,,,,,,,
齋淨,zhāi jìng,purity,,,,,,,,,,,,,,,
芳蘭,fāng lán,fragrant orchid,,,,,,,,,,,,,,,
五稱,wǔ chēng,five ascendant,,,,,,,,,,,,,,,
內篇,nèi piān,esoteric fascicle,,,,,,,,,,,,,,,
青宮,qīng gōng,Azure Palace,,,,,,,,,,,,,,,
下品,xià pǐn,lower grade,lowest class,Lower Grade,,,,,,,,,,,,,
三奇,sān qí,Three Wonder,Three Wonders,,,,,,,,,,,,,,
奇,qí,Wonder,,,,,,,,,,,,,,,
雌一寶經,cí yī bǎo jīng,Precious Scripture of the Feminine One,,,,,,,,,,,,,,,
太上素靈洞元大有妙經,tài shàng sù líng dòng yuán dà yǒu miào jīng,Most High Wondrous Scripture of the Immaculate Numen,,,,,,,,,,,,,,,
太真科,tài zhēn kē,Code of the Grand Perfected,,,,,,,,,,,,,,,
條,tiáo,entry,,,,,,,,,,,,,,,
九真科,jiǔ zhēn kē,Code of the Nine Perfected,,,,,,,,,,,,,,,
四極明科,sì jí míng kē,Illustrious Code of the Four Extremities,,,,,,,,,,,,,,,
骨相,gǔ xiàng,Perfected bones,,,,,,,,,,,,,,,
舊經,jiù jīng,ancient scripture,ancient scriptures,,,,,,,,,,,,,,
兩,liǎng,tael,,,,,,,,,,,,,,,
百尺,bǎi chǐ,hundred chi,,,,,,,,,,,,,,,
赤絲,chì sī,red silk string,red silken thread,,,,,,,,,,,,,,
沉香,chén xiāng,aloeswood incense,,,,,,,,,,,,,,,
九元北帝,jiǔ yuán běi dì,Northern Thearch of the Nine Primes,,,,,,,,,,,,,,,
仙玉司,xiān yù sī,jade officers of Transcendents,,,,,,,,,,,,,,,
盟信,méng xìn,pledge gift,,,,,,,,,,,,,,,
靈神真,líng shén zhēn,divine and Perfected writ,,,,,,,,,,,,,,,
愆盟,qiān méng,violation of this contract,,,,,,,,,,,,,,,
殃,yāng,calamity,,,,,,,,,,,,,,,
九祖,jiǔ zǔ,nine generations of ancestor,nine generations of ancestors,,,,,,,,,,,,,,
隱化,yǐn huà,disappearing transformation,disappear,,,,,,,,,,,,,,
託解,tuō jiě,simulated release,,,,,,,,,,,,,,,
昇,shēng,take off,rise,,,,,,,,,,,,,,
虛室,xū shì,high empty chamber,,,,,,,,,,,,,,,
別室,bié shì,detached chamber,,,,,,,,,,,,,,,
禮拜,lǐ bài,ritual oblation,,,,,,,,,,,,,,,
玉司,yù sī,jade director,,,,,,,,,,,,,,,
上訣,shàng jué,high secret instruction,,,,,,,,,,,,,,,
太真丈人,tài zhēn zhàng rén,elder of the grand Perfected,,,,,,,,,,,,,,,
九天真王,jiǔ tiān zhēn wáng,Perfected king of the nine heavens,,,,,,,,,,,,,,,
天帝王,tiān dì wáng,thearchical king,,,,,,,,,,,,,,,
上相,shàng xiàng,Upper Minister,,,,,,,,,,,,,,,
後學,hòu xué,adept,latter-age adept,adept living in the latter age,,,,,,,,,,,,,
祕經,mì jīng,wondrous scripture,secret scripture,,,,,,,,,,,,,,
首目,shǒu mù,portion,,,,,,,,,,,,,,,
條檢,tiáo jiǎn,grade,,,,,,,,,,,,,,,
太上真寶書,tài shàng zhēn bǎo shū,highest Perfected treasures,,,,,,,,,,,,,,,
淵賾,yuān zé,deep profundity,,,,,,,,,,,,,,,
儀格,yí gé,ritual norm,rule of the ceremony,,,,,,,,,,,,,,
萬道,wàn dào,manifold method,,,,,,,,,,,,,,,
九陰,jiǔ yīn,Nine Yin,Grand Yin,,,,,,,,,,,,,,
重責,zhòng zé,inherited guilt,,,,,,,,,,,,,,,
三奇素靈妙經,sān qí sù líng miào jīng,[Most High] Wondrous Scripture of the Immaculate Numen,,,,,,,,,,,,,,,
寶科,bǎo kē,precious Code,,,,,,,,,,,,,,,
太上天尊,tài shàng tiān zūn,Celestial Worthy Most High,,,,,,,,,,,,,,,
至真,zhì zhēn,most perfect,,,,,,,,,,,,,,,
玄澄,xuán chéng,dark clarity,,,,,,,,,,,,,,,
萬宗,wàn zōng,manifold phenomena,,,,,,,,,,,,,,,
虛凝,xū níng,vacuously condensed,,,,,,,,,,,,,,,
三乘,sān chéng,three vehicles,,,,,,,,,,,,,,,
億劫,yì jié,tens of millions of eras,,,,,,,,,,,,,,,
胤,yìn,descendant,,,,,,,,,,,,,,,
囂穢,xiāo huì,tumultuous filth,,,,,,,,,,,,,,,
舉止,jǔ zhǐ,undertake,,,,,,,,,,,,,,,
幽司,yōu sī,tenebrous director,,,,,,,,,,,,,,,
聖化,shèng huà,sagely transformation,,,,,,,,,,,,,,,
士,shì,adept,,,,,,,,,,,,,,,
檢,jiǎn,regulation,,,,,,,,,,,,,,,
苦念,kǔ niàn,arduous mental activity,,,,,,,,,,,,,,,
《九真三品明科》,jiǔ zhēn sān pǐn míng kē,Illustrious Code of the Nine Perfected in Three Grades,,,,,,,,,,,,,,,
金藏,jīn cáng,golden repository,,,,,,,,,,,,,,,
虛庭,xū tíng,vacuous courtyard,,,,,,,,,,,,,,,
毒獸,dú shòu,poisonous beast,,,,,,,,,,,,,,,
巨虬,jù qiú,giant hornless dragon,,,,,,,,,,,,,,,
爪,zhǎo,claw,,,,,,,,,,,,,,,
雲牆,yún qiáng,cloudy wall,,,,,,,,,,,,,,,
玉關,yù guān,Jade Pass,,,,,,,,,,,,,,,
十天大聖,shí tiān dà shèng,great sage of the Ten Heavens,,,,,,,,,,,,,,,
玄宮,xuán gōng,Mystic Palace,Mystery Palace,,,,,,,,,,,,,,
玉髓,yù suǐ,jade marrow,,,,,,,,,,,,,,,
上典,shàng diǎn,upper canon,,,,,,,,,,,,,,,
贖罪,shú zuì,Forgiving Transgression,transgression,,,,,,,,,,,,,,
傳經,chuán jīng,Transmitting the Scriptures,,,,,,,,,,,,,,,
第一篇,dì yī piān,Record One,,,,,,,,,,,,,,,
太上素靈大有妙經,tài shàng sù líng dà yǒu miào jīng,Wondrous Scripture of the Immaculate Numen of the Great Existence,,,,,,,,,,,,,,,
寶篇,bǎo piān,precious book,,,,,,,,,,,,,,,
大有之宮,dà yǒu zhī gōng,palace in the Great Existence heaven,,,,,,,,,,,,,,,
太玄靈臺,tài xuán líng tái,Numina Terrace,,,,,,,,,,,,,,,
玉房,yù fáng,jade room,,,,,,,,,,,,,,,
舊科,jiù kē,old Code,ancient Code,,,,,,,,,,,,,,
三道,sān dào,Three Paths,,,,,,,,,,,,,,,
正明,zhèng míng,illuminated,,,,,,,,,,,,,,,
學真,xué zhēn,studying perfection,,,,,,,,,,,,,,,
正科,zhèng kē,correct Code,Code,,,,,,,,,,,,,,
七千年,qī qiān nián,seven thousand years,,,,,,,,,,,,,,,
三傳,sān chuán,three times,,,,,,,,,,,,,,,
執香,zhí xiāng,incense in hand,,,,,,,,,,,,,,,
典靈,diǎn líng,numinous writ,,,,,,,,,,,,,,,
齋百日,zhāi bǎi rì,one-hundred-day purification fast,,,,,,,,,,,,,,,
分金鈕,fēn jīn niǔ,golden seal,,,,,,,,,,,,,,,
幽魂,yōu hún,darkened cloud-soul,cloud-soul,,,,,,,,,,,,,,
充役,chōng yì,indentured servitude,,,,,,,,,,,,,,,
吞火,tūn huǒ,swallow fire,,,,,,,,,,,,,,,
食鐵,shí tiě,consume iron,,,,,,,,,,,,,,,
負山,fù shān,bear the weight of mountains,,,,,,,,,,,,,,,
運石,yùn shí,move stones,,,,,,,,,,,,,,,
源,yuán,well-spring,,,,,,,,,,,,,,,
抱風刀,bào fēng dāo,wind and knives,,,,,,,,,,,,,,,
身沒形殘,shēn méi xíng cán,body disintegrate,,,,,,,,,,,,,,,
長閉地獄,cháng bì dì yù,subterranean prison,,,,,,,,,,,,,,,
銅,tóng,bronze,,,,,,,,,,,,,,,
鈕,niǔ,seal,,,,,,,,,,,,,,,
魚,yú,fish,,,,,,,,,,,,,,,
五色,wǔ sè,five hue,five color,,,,,,,,,,,,,,
紋,wén,pattern,,,,,,,,,,,,,,,
素靈洞真玄經,sù líng dòng zhēn xuán jīng,Most High Mysterious Scripture of the Immaculate Numen,,,,,,,,,,,,,,,
信誓,xìn shì,sincerity,,,,,,,,,,,,,,,
明形,míng xíng,eyesight,,,,,,,,,,,,,,,
金名,jīn míng,name written in gold,,,,,,,,,,,,,,,
帝章,dì zhāng,Thearchical Stanza,thearchical emblem,,,,,,,,,,,,,,
神玄,shén xuán,Mysterious,Divine,,,,,,,,,,,,,,
變經,biàn jīng,Scripture on Transformation,,,,,,,,,,,,,,,
七十四方,qī shí sì fāng,Seventy-four Four Methods,,,,,,,,,,,,,,,
中經,zhōng jīng,Central Scripture,,,,,,,,,,,,,,,
丹景,dān jǐng,Cinnabar Phosphor,,,,,,,,,,,,,,,
道精,dào jīng,Dao’s Essence,,,,,,,,,,,,,,,
解形,jiě xíng,Changing Form,,,,,,,,,,,,,,,
遁變,dùn biàn,Hidden Transformation,,,,,,,,,,,,,,,
流景,liú jǐng,Flowing Phosphor,,,,,,,,,,,,,,,
七變,qī biàn,Seven Transformation,,,,,,,,,,,,,,,
儛天,wǔ tiān,Dance in Heaven,,,,,,,,,,,,,,,
太上天帝君,tài shàng tiān dì jūn,Most High Celestial Thearchical Lord,,,,,,,,,,,,,,,
中央黃老君,zhōng yāng huáng lǎo jūn,Central Yellow Old Lord,,,,,,,,,,,,,,,
靈都,líng dū,numinous capital,Numinous Metropolis,,,,,,,,,,,,,,
君主,jūn zhǔ,lord,,,,,,,,,,,,,,,
積夜,jī yè,long night,,,,,,,,,,,,,,,
金魚,jīn yú,golden fish,,,,,,,,,,,,,,,
玉龍,yù lóng,jade dragon,,,,,,,,,,,,,,,
金鈕,jīn niǔ,golden seal,,,,,,,,,,,,,,,
五色錦,wǔ sè jǐn,five-colored damask,,,,,,,,,,,,,,,
上金,shàng jīn,pure gold,,,,,,,,,,,,,,,
真朱,zhēn zhū,pearl,fine pearl,,,,,,,,,,,,,,
書刀,shū dāo,writing knife,,,,,,,,,,,,,,,
絳紋,jiàng wén,crimson patterned silk,,,,,,,,,,,,,,,
好香,hǎo xiāng,fine incense,,,,,,,,,,,,,,,
白絹,bái juàn,white chiffon,,,,,,,,,,,,,,,
日暉,rì huī,solar gleam,,,,,,,,,,,,,,,
碧繒,bì zēng,cyan silk,,,,,,,,,,,,,,,
无常童子,wú cháng tóng zǐ,Eternal Lad,,,,,,,,,,,,,,,
質心,zhì xīn,intention,,,,,,,,,,,,,,,
經書,jīng shū,scripture,,,,,,,,,,,,,,,
度還北酆,dù huán běi fēng,Beifeng,,,,,,,,,,,,,,,
消魔,xiāo mó,Annihilates Demons,,,,,,,,,,,,,,,
紫鳳,zǐ fèng,Purple Phoenix,,,,,,,,,,,,,,,
晨圖,chén tú,Dawn Chart,,,,,,,,,,,,,,,
玉佩,yù pèi,Jade Pendant,,,,,,,,,,,,,,,
金根,jīn gēn,Golden Root,,,,,,,,,,,,,,,
玉清之宮,yù qīng zhī gōng,Jade Clarity's Palace,,,,,,,,,,,,,,,
千劫,qiān jié,thousand era,,,,,,,,,,,,,,,
三天立正,sān tiān lì zhèng,Establishment of the Three Heaven,,,,,,,,,,,,,,,
消魔智慧,xiāo mó zhì huì,Wisdom that Annihilates Demons,,,,,,,,,,,,,,,
寶洞飛霄絕玄金章,bǎo dòng fēi xiāo jué xuán jīn zhāng,Treasure Grotto’s Golden Stanzas on Flying into the Empyrean’s Farthest Mystery,,,,,,,,,,,,,,,
八景晨圖,bā jǐng chén tú,Dawn Chart of the Eight Phosphors,,,,,,,,,,,,,,,
玉扎,yù zhā,jade writing strip,,,,,,,,,,,,,,,
紫繒,zǐ zēng,purple silk,,,,,,,,,,,,,,,
金根眾經,jīn gēn zhòng jīng,Collected Scripture of the Golden Root,,,,,,,,,,,,,,,
靈書紫紋,líng shū zǐ wén,Numinous Book’s Purple Writs,,,,,,,,,,,,,,,
札,zhá,writing strip,,,,,,,,,,,,,,,
青紋,qīng wén,azure patterned silk,azure silk,,,,,,,,,,,,,,
三天正法,sān tiān zhèng fǎ,Correct Law of the Three Heavens,,,,,,,,,,,,,,,
清繒,qīng zēng,azure silk,,,,,,,,,,,,,,,
青布,qīng bù,azure cloth,,,,,,,,,,,,,,,
金環,jīn huán,golden ring,,,,,,,,,,,,,,,
密誓,mì shì,secret pledge,,,,,,,,,,,,,,,
通神,tōng shén,communicate with the spirits,,,,,,,,,,,,,,,
金真玉光,jīn zhēn yù guāng,Jade Beam of Golden Perfection,,,,,,,,,,,,,,,
玉佩金璫,yù pèi jīn dāng,Gold Medallion and Jade Pendant,,,,,,,,,,,,,,,
玉清隱書,yù qīng yǐn shū,Hidden Book of Jade Clarity,,,,,,,,,,,,,,,
黑翮,hēi hé,black-feathered,Black-Feathered,,,,,,,,,,,,,,
飛行羽,fēi xíng yǔ,winged,Winged,,,,,,,,,,,,,,
天綱,tiān gāng,Celestial Guideline,,,,,,,,,,,,,,,
靈飛六甲,líng fēi liù jiǎ,Six Jia,,,,,,,,,,,,,,,
登空,dēng kōng,ascending into the sky,,,,,,,,,,,,,,,
祕章,mì zhāng,secret stanzas,,,,,,,,,,,,,,,
十苦,shí kǔ,Ten Sorrow,Ten Sorrows,,,,,,,,,,,,,,
幽源,yōu yuán,Dark Springs,Tenebrous Springs,,,,,,,,,,,,,,
絳繒,jiàng zēng,crimson silk,,,,,,,,,,,,,,,
鳳紋,fèng wén,phoenix pattern,,,,,,,,,,,,,,,
羅,luó,net,light silk,,,,,,,,,,,,,,
錦,jǐn,damask,,,,,,,,,,,,,,,
白素,bái sù,white silk,,,,,,,,,,,,,,,
天科,tiān kē,heavenly Code,,,,,,,,,,,,,,,
信質心,xìn zhì xīn,materialize intention,,,,,,,,,,,,,,,
青簿,qīng bù,azure record,,,,,,,,,,,,,,,
方丈震靈,fāng zhàng zhèn líng,Quaking Numen of Fangzhang,,,,,,,,,,,,,,,
八天隱文,bā tiān yǐn wén,Hidden Writs of the Eight Heavens,,,,,,,,,,,,,,,
金神虎符,jīn shén hǔ fú,Golden Spirit’s Tiger Talisman,,,,,,,,,,,,,,,
消魔支幹,xiāo mó zhī gàn,Limbs and Trunk that Annihilate Demons,,,,,,,,,,,,,,,
夜照神燭,yè zhào shén zhú,Divine Candle that Shines at Night,,,,,,,,,,,,,,,
八天隱遁,bā tiān yǐn dùn,Hiding and Escaping from the Eight Heavens,,,,,,,,,,,,,,,
紫清玉符,zǐ qīng yù fú,Jade Talisman of Purple Clarity,,,,,,,,,,,,,,,
五籍洞玄,wǔ jí dòng xuán,Cavernous Mystery of the Five Records,,,,,,,,,,,,,,,
六甲上符,liù jiǎ shàng fú,Upper Talisman of the Six Jia-spirits,,,,,,,,,,,,,,,
五行祕文,wǔ xíng mì wén,Secret Writs of the Five Phases,,,,,,,,,,,,,,,
玉格,yù gé,jade bookshelf,,,,,,,,,,,,,,,
盟科,méng kē,transmission ritual,,,,,,,,,,,,,,,
天魔,tiān mó,heavenly demon,,,,,,,,,,,,,,,
章旨,zhāng zhǐ,directive,,,,,,,,,,,,,,,
誡罪,jiè zuì,Warnings on Transgressions,,,,,,,,,,,,,,,
殺害,shā hài,murder,cause injury,,,,,,,,,,,,,,
人命,rén mìng,other,life,,,,,,,,,,,,,,
劫賊,jié zéi,pillage,,,,,,,,,,,,,,,
攻掠,gōng lüè,loot,,,,,,,,,,,,,,,
謀圖,móu tú,plot,scheme,,,,,,,,,,,,,,
姧婬,jiān yín,plot,,,,,,,,,,,,,,,
篡逆,cuàn nì,plot against rulers,,,,,,,,,,,,,,,
九族,jiǔ zú,Nine Tribes,,,,,,,,,,,,,,,
交通,jiāo tōng,intertwine,plotted,,,,,,,,,,,,,,
謀反,móu fǎn,plotted,,,,,,,,,,,,,,,
无道,wú dào,unethical designs,,,,,,,,,,,,,,,
逮,dài,blamed,,,,,,,,,,,,,,,
原,yuán,granted,,,,,,,,,,,,,,,
後生,hòu shēng,adept,,,,,,,,,,,,,,,
餘殃,yú yāng,unresolved transgression,,,,,,,,,,,,,,,
寶文,bǎo wén,precious writ,,,,,,,,,,,,,,,
苦志,kǔ zhì,withstand hardship,resolve to withstand hardship,,,,,,,,,,,,,,
志尚,zhì shàng,resolve,,,,,,,,,,,,,,,
自勵,zì lì,strive,,,,,,,,,,,,,,,
九江,jiǔ jiāng,Nine Rivers,,,,,,,,,,,,,,,
清齎,qīng jī,purification ritual,,,,,,,,,,,,,,,
天寶,tiān bǎo,Heavenly Treasure,,,,,,,,,,,,,,,
負石,fù shí,bear boulder,,,,,,,,,,,,,,,
擔山,dān shān,prop up a mountain,,,,,,,,,,,,,,,
重罪,zhòng zuì,crime,,,,,,,,,,,,,,,
下賤,xià jiàn,inferior,,,,,,,,,,,,,,,
眾生,zhòng shēng,sentient being,,,,,,,,,,,,,,,
賢能,xián néng,talent,,,,,,,,,,,,,,,
不赦,bù shè,no clemency,,,,,,,,,,,,,,,
經文,jīng wén,scripture,,,,,,,,,,,,,,,
首犯,shǒu fàn,crime,,,,,,,,,,,,,,,
罰信,fá xìn,punishment gift,,,,,,,,,,,,,,,
幽泉,yōu quán,Tenebrous Font,,,,,,,,,,,,,,,
目錄,mù lù,catalogue,,,,,,,,,,,,,,,
妙祕,miào mì,wondrous secret,,,,,,,,,,,,,,,
一犯,yī fàn,first infraction,,,,,,,,,,,,,,,
十,shí,tenth,,,,,,,,,,,,,,,
罰功,fá gōng,right to conduct meritorious ritual,,,,,,,,,,,,,,,
斷事,duàn shì,right to conduct ritual,,,,,,,,,,,,,,,
一年,yī nián,one year,,,,,,,,,,,,,,,
自罰,zì fá,determine punishment,,,,,,,,,,,,,,,
二十四,èr shí sì,twenty-fourth,,,,,,,,,,,,,,,
奪筭,duó suàn,years removed from life register,,,,,,,,,,,,,,,
鬼役,guǐ yì,demonic servitude,servitude as ghost,,,,,,,,,,,,,,
祕文,mì wén,secret writ,esoteric writ,,,,,,,,,,,,,,
穢濁,huì zhuó,unclean,,,,,,,,,,,,,,,
殺生,shā shēng,killing life,,,,,,,,,,,,,,,
五辛,wǔ xīn,five pungent root,,,,,,,,,,,,,,,
聖文,shèng wén,holy writ,,,,,,,,,,,,,,,
古音,gǔ yīn,ancient sound,,,,,,,,,,,,,,,
九河,jiǔ hé,Nine Rivers,,,,,,,,,,,,,,,
祖長,zǔ zhǎng,ancestor,,,,,,,,,,,,,,,
第九篇,dì jiǔ piān,Record Nine,,,,,,,,,,,,,,,
異炁,yì qì,aberrant qi,,,,,,,,,,,,,,,
屐履,jī lǚ,shoes,,,,,,,,,,,,,,,
酆都,fēng dū,Beifeng,,,,,,,,,,,,,,,
首罪,shǒu zuì,confess their transgressions,,,,,,,,,,,,,,,
金人,jīn rén,golden effigy,gold effigy,,,,,,,,,,,,,,
桐板,tóng bǎn,paulownia board,,,,,,,,,,,,,,,
水宮,shuǐ gōng,water official,,,,,,,,,,,,,,,
青石,qīng shí,azure rock,,,,,,,,,,,,,,,
福堂,fú táng,Hall of Blessings,,,,,,,,,,,,,,,
王甲,wáng jiǎ,name,,,,,,,,,,,,,,,
元惡,yuán è,primal wrongdoing,,,,,,,,,,,,,,,
第三篇,dì sān piān,Record Three,,,,,,,,,,,,,,,
祕密,mì mì,secret,,,,,,,,,,,,,,,
己身,jǐ shēn,their bodies,self,,,,,,,,,,,,,,
修事,xiū shì,bodily cultivation,,,,,,,,,,,,,,,
香湯,xiāng tāng,fragrant water,,,,,,,,,,,,,,,
油,yóu,fine oil,,,,,,,,,,,,,,,
九十日,jiǔ shí rì,ninety day,ninety days,,,,,,,,,,,,,,
二十四日,èr shí sì rì,twenty-four day,,,,,,,,,,,,,,,
真法,zhēn fǎ,Perfected ritual,,,,,,,,,,,,,,,
慎,shèn,caution,,,,,,,,,,,,,,,
科文,kē wén,Code,,,,,,,,,,,,,,,
第六篇,dì liù piān,Record Six,,,,,,,,,,,,,,,
幽官,yōu guān,dark officials,,,,,,,,,,,,,,,
十年,shí nián,ten year,,,,,,,,,,,,,,,
宿罪,sù zuì,previous life transgression,,,,,,,,,,,,,,,
滯炁,zhì qì,blocked qi,,,,,,,,,,,,,,,
自責,zì zé,self-inflicted punishment,,,,,,,,,,,,,,,
檢身,jiǎn shēn,monitor your actions,,,,,,,,,,,,,,,
慎法,shèn fǎ,laws,,,,,,,,,,,,,,,
重犯,chóng fàn,violate again,,,,,,,,,,,,,,,
同學,tóng xué,fellow adept,,,,,,,,,,,,,,,
監司,jiān sī,director,,,,,,,,,,,,,,,
清油,qīng yóu,decanted oil,,,,,,,,,,,,,,,
斛,hú,hu,,,,,,,,,,,,,,,
七燈,qī dēng,seven lamps,,,,,,,,,,,,,,,
太玄九真明科,tài xuán jiǔ zhēn míng kē,Grand Mystery’s Illustrious Code of the Nine Perfected,,,,,,,,,,,,,,,
二十七條,èr shí qī tiáo,twenty-seven entries,,,,,,,,,,,,,,,
合仙,hé xiān,join the Transcendent,,,,,,,,,,,,,,,
拔罪,bá zuì,absolve transgression,,,,,,,,,,,,,,,
解咎,jiě jiù,remove blame,,,,,,,,,,,,,,,
釋結,shì jié,implication,,,,,,,,,,,,,,,
科格,kē gé,rules of the Code,,,,,,,,,,,,,,,
三十一卷,sān shí yī juǎn,thirty-one scripture,,,,,,,,,,,,,,,
儀品,yí pǐn,protocol,,,,,,,,,,,,,,,
眾非,zhòng fēi,wrongdoings,,,,,,,,,,,,,,,
禁律,jìn lǜ,restricted code,,,,,,,,,,,,,,,
玄章,xuán zhāng,mystic stanza,,,,,,,,,,,,,,,
誡,jiè,lock away,,,,,,,,,,,,,,,
上真之宮,shàng zhēn zhī gōng,palace for the high Perfected,,,,,,,,,,,,,,,
天法,tiān fǎ,celestial law,,,,,,,,,,,,,,,
法物,fǎ wù,ritual object,,,,,,,,,,,,,,,
三奇寶經,sān qí bǎo jīng,precious scriptures of the Three Wonders,,,,,,,,,,,,,,,
玄文,xuán wén,mysterious,,,,,,,,,,,,,,,
科旨,kē zhǐ,commands of the Code,,,,,,,,,,,,,,,
刀山劒樹,dāo shān jiàn shù,mountain of daggers with knife tree,,,,,,,,,,,,,,,
天禁,tiān jìn,heavenly prohibition,,,,,,,,,,,,,,,
罰責,fá zé,punishments,punishment,,,,,,,,,,,,,,
骨命,gǔ mìng,osseous fate,,,,,,,,,,,,,,,
偈,jì,verse,,,,,,,,,,,,,,,
妙讚,miào zàn,miraculous litany,,,,,,,,,,,,,,,
太上素靈洞元妙經,tài shàng sù líng dòng yuán miào jīng,Most High Wondrous Scripture of the Immaculate Numen,,,,,,,,,,,,,,,
宿對,sù duì,actions of past life,,,,,,,,,,,,,,,
皓映,hào yìng,beam,,,,,,,,,,,,,,,
停暉,tíng huī,glare,,,,,,,,,,,,,,,
九緯,jiǔ wěi,Nine Cross-route,,,,,,,,,,,,,,,
纏形,chán xíng,revolve,,,,,,,,,,,,,,,
隱芝,yǐn zhī,hidden polypore,,,,,,,,,,,,,,,
結秀,jié xiù,bloom,,,,,,,,,,,,,,,
寶光,bǎo guāng,precious radiance,,,,,,,,,,,,,,,
夜生,yè shēng,night,,,,,,,,,,,,,,,
餐味,cān wèi,savor,,,,,,,,,,,,,,,
華元,huá yuán,flowery prime,,,,,,,,,,,,,,,
上注,shàng zhù,infuse,,,,,,,,,,,,,,,
晨精,chén jīng,dawn essence,,,,,,,,,,,,,,,
乘空,chéng kōng,ride through space,,,,,,,,,,,,,,,
結煙,jié yān,billowing vapor,,,,,,,,,,,,,,,
八道,bā dào,eight path,,,,,,,,,,,,,,,
煥明,huàn míng,illumination,,,,,,,,,,,,,,,
咀嚼,jǔ jué,sip slowly,,,,,,,,,,,,,,,
暢,chàng,abound,,,,,,,,,,,,,,,
徘徊,pái huái,pace,,,,,,,,,,,,,,,
流逸,liú yì,roam freely,,,,,,,,,,,,,,,
霄庭,xiāo tíng,empyrean court,,,,,,,,,,,,,,,
浩浩,hào hào,flood,flow,,,,,,,,,,,,,,
悠悠,yōu yōu,endless,,,,,,,,,,,,,,,
億齡,yì líng,million year,,,,,,,,,,,,,,,
容與,róng yǔ,carefree,,,,,,,,,,,,,,,
大化,dà huà,great transformation,Great Transformation,,,,,,,,,,,,,,
神秀,shén xiù,divine splendor,,,,,,,,,,,,,,,
無窮,wú qióng,never end,,,,,,,,,,,,,,,
躭栖,dān qī,linger,roost,,,,,,,,,,,,,,
靈觀,líng guān,numinous observatory,numinous belvedere,,,,,,,,,,,,,,
洞宴,dòng yàn,cavernous banquet,,,,,,,,,,,,,,,
澄濯,chéng zhuó,clear,bright,,,,,,,,,,,,,,
華園,huá yuán,flowery garden,,,,,,,,,,,,,,,
息憩,xī qì,repose,rest,,,,,,,,,,,,,,
變景,biàn jǐng,transforms shape,transform phosphor,,,,,,,,,,,,,,
攜領,xié lǐng,command,,,,,,,,,,,,,,,
寥朗,liáo lǎng,array,,,,,,,,,,,,,,,
二順,èr shùn,Two Option,,,,,,,,,,,,,,,
元慶,yuán qìng,primal blessing,,,,,,,,,,,,,,,
億津,yì jīn,million drop of moisture,,,,,,,,,,,,,,,
流盼,liú pàn,endless gaze,,,,,,,,,,,,,,,
極劫,jí jié,distant future,,,,,,,,,,,,,,,
挹趣,yì qù,enrapture,,,,,,,,,,,,,,,
忘旋,wàng xuán,forget to return,,,,,,,,,,,,,,,
蘭穎,lán yǐng,orchid bud,,,,,,,,,,,,,,,
清岑,qīng cén,clear mountainside,,,,,,,,,,,,,,,
明範,míng fàn,enlightened model,,,,,,,,,,,,,,,
既維,jì wéi,be in place,,,,,,,,,,,,,,,
內韻,nèi yùn,inner rhyme,,,,,,,,,,,,,,,
齊全,qí quán,intact,,,,,,,,,,,,,,,
耀藏,yào cáng,repository,,,,,,,,,,,,,,,
皓瑩,hào yíng,hoary jade,,,,,,,,,,,,,,,
瓊心,qióng xīn,heart,,,,,,,,,,,,,,,
窈窕,yǎo tiǎo,secluded,sequestered,,,,,,,,,,,,,,
絕宅,jué zhái,private residence,,,,,,,,,,,,,,,
紫暉,zǐ huī,purple gleam,,,,,,,,,,,,,,,
洞衿,dòng jīn,lapel,,,,,,,,,,,,,,,
振策,zhèn cè,shaking slip,,,,,,,,,,,,,,,
擿絳,zhí jiàng,select crimson,,,,,,,,,,,,,,,
惠林,huì lín,Benevolent Grove,,,,,,,,,,,,,,,
周盼,zhōu pàn,gaze,,,,,,,,,,,,,,,
廣域,guǎng yù,broad land,,,,,,,,,,,,,,,
之內,zhī nèi,limit,,,,,,,,,,,,,,,
目朗,mù lǎng,eye,,,,,,,,,,,,,,,
之音,zhī yīn,tone,,,,,,,,,,,,,,,
眇眇,miǎo miǎo,distant,dim,,,,,,,,,,,,,,
神迹,shén jì,divine trace,,,,,,,,,,,,,,,
无形,wú xíng,form,,,,,,,,,,,,,,,
可尋,kě xún,find,,,,,,,,,,,,,,,
既隱,jì yǐn,hidden,,,,,,,,,,,,,,,
乘運,chéng yùn,ride,,,,,,,,,,,,,,,
條暢,tiáo chàng,effortlessness,,,,,,,,,,,,,,,
純和,chún hé,harmony,,,,,,,,,,,,,,,
空胎,kōng tāi,vacuous embryo,,,,,,,,,,,,,,,
結形,jié xíng,form,,,,,,,,,,,,,,,
總領,zǒng lǐng,command,,,,,,,,,,,,,,,
青,qīng,azure,dark,,,,,,,,,,,,,,
建巾,jiàn jīn,turban,,,,,,,,,,,,,,,
我,wǒ,me,I,,,,,,,,,,,,,,
致,zhì,bring,,,,,,,,,,,,,,,
洞思,dòng sī,ponder,,,,,,,,,,,,,,,
受,shòu,receive,,,,,,,,,,,,,,,
解,jiě,untie,,,,,,,,,,,,,,,
胞,bāo,embryonic,,,,,,,,,,,,,,,
散結,sàn jié,undo knot,,,,,,,,,,,,,,,
朗然,lǎng rán,brightly shine,,,,,,,,,,,,,,,
咸,xián,all,,,,,,,,,,,,,,,
脫,tuō,release,,,,,,,,,,,,,,,
上昇,shàng shēng,ascend,,,,,,,,,,,,,,,
南軒,nán xuān,Southern Gallery,,,,,,,,,,,,,,,
雲輿,yún yú,cloudy chariot,,,,,,,,,,,,,,,
下降,xià jiàng,descend,,,,,,,,,,,,,,,
流黃,liú huáng,fluid yellow,,,,,,,,,,,,,,,
華晨,huá chén,floriate dawn,,,,,,,,,,,,,,,
寶符,bǎo fú,precious talisman,,,,,,,,,,,,,,,
景皇,jǐng huáng,Phosphoric Sovereign,,,,,,,,,,,,,,,
俠衛,xiá wèi,flank,protect,,,,,,,,,,,,,,
利貞,lì zhēn,constancy,harmony,,,,,,,,,,,,,,
九門,jiǔ mén,Nine Gates,,,,,,,,,,,,,,,
不祥,bù xiáng,ominous sign,,,,,,,,,,,,,,,
萬殃,wàn yāng,affliction,,,,,,,,,,,,,,,
紫君,zǐ jūn,Purple Lord,,,,,,,,,,,,,,,
規英,guī yīng,Guiying,,,,,,,,,,,,,,,
化玄,huà xuán,Huaxuan,,,,,,,,,,,,,,,
紫繡,zǐ xiù,purple embroidered,,,,,,,,,,,,,,,
腰帶,yāo dài,waist,,,,,,,,,,,,,,,
斬,zhǎn,chop,,,,,,,,,,,,,,,
滅,miè,avert,decimate,,,,,,,,,,,,,,
姧,jiān,debauchery,,,,,,,,,,,,,,,
星精,xīng jīng,starry essence,,,,,,,,,,,,,,,
日真,rì zhēn,solar perfection,,,,,,,,,,,,,,,
正坐,zhèng zuò,sit upright,,,,,,,,,,,,,,,
吐炁,tǔ qì,exhale qi,,,,,,,,,,,,,,,
咽吞,yàn tūn,gulp down,,,,,,,,,,,,,,,
語,yǔ,speak,,,,,,,,,,,,,,,
練濯,liàn zhuó,cleanse,cultivate,,,,,,,,,,,,,,
和柔,hé róu,harmonize,soften,,,,,,,,,,,,,,
奉衛,fèng wèi,stand in attendance,,,,,,,,,,,,,,,
自生,zì shēng,come to life,born of itself,,,,,,,,,,,,,,
白童顏,bái tóng yán,white childlike visage,,,,,,,,,,,,,,,
受書,shòu shū,receive a letter,,,,,,,,,,,,,,,
帝官,dì guān,Thearch’s official,,,,,,,,,,,,,,,
陰神,yīn shén,shadowy spirit,,,,,,,,,,,,,,,
女靈,nǚ líng,Female Numina,,,,,,,,,,,,,,,
宮宅,gōng zhái,bodily palace,,,,,,,,,,,,,,,
飛霞,fēi xiá,soaring aurora,,,,,,,,,,,,,,,
一真,yī zhēn,One,,,,,,,,,,,,,,,
毛羽,máo yǔ,furry feather,,,,,,,,,,,,,,,
帝晨,dì chén,Thearch’s levee,,,,,,,,,,,,,,,
元老,yuán lǎo,primal elder,,,,,,,,,,,,,,,
二炁,èr qì,two kinds of qi,,,,,,,,,,,,,,,
威策,wēi cè,formidable slip,,,,,,,,,,,,,,,
命章,mìng zhāng,order of emblem,,,,,,,,,,,,,,,
羣生,qún shēng,living being,,,,,,,,,,,,,,,
魔,mó,demon,,,,,,,,,,,,,,,
鬼營,guǐ yíng,demon army,,,,,,,,,,,,,,,
出令,chū lìng,order,,,,,,,,,,,,,,,
宣告,xuān gào,announcing,,,,,,,,,,,,,,,
摧傾,cuī qīng,crumble,,,,,,,,,,,,,,,
正律,zhèng lǜ,correct statute,,,,,,,,,,,,,,,
養,yǎng,nourish,,,,,,,,,,,,,,,
心庭,xīn tíng,heart’s court,,,,,,,,,,,,,,,
寧,níng,tranquility,,,,,,,,,,,,,,,
凝,níng,congeal,,,,,,,,,,,,,,,
養形,yǎng xíng,nourish the body,,,,,,,,,,,,,,,
拔籍,bá jí,send the register,,,,,,,,,,,,,,,
迴精,huí jīng,circulate the essence,,,,,,,,,,,,,,,
滿塞,mǎn sè,fill every pore,,,,,,,,,,,,,,,
泉,quán,font,,,,,,,,,,,,,,,
由,yóu,cause,,,,,,,,,,,,,,,
玄剛,xuán gāng,mysterious mainstay,,,,,,,,,,,,,,,
萬魔,wàn mó,manifold of demons,,,,,,,,,,,,,,,
消滅,xiāo miè,destroyed,,,,,,,,,,,,,,,
玉軒,yù xuān,Jade Gallery,,,,,,,,,,,,,,,
鬼試,guǐ shì,tests of ghosts,,,,,,,,,,,,,,,
不行,bù xíng,cannot be administered,,,,,,,,,,,,,,,
度福,dù fú,blessings,,,,,,,,,,,,,,,
攜,xié,take,guide,,,,,,,,,,,,,,
前,qián,hand,,,,,,,,,,,,,,,
斗,dǒu,Dipper,,,,,,,,,,,,,,,
凝化,níng huà,congeal,transform,,,,,,,,,,,,,,
紫靈,zǐ líng,purple numina,,,,,,,,,,,,,,,
六神,liù shén,six spirit,,,,,,,,,,,,,,,
三丹宮,sān dān gōng,three cinnabar palace,,,,,,,,,,,,,,,
大帝,dà dì,Great Thearch,,,,,,,,,,,,,,,
黃寧,huáng níng,Yellow Tranquility,,,,,,,,,,,,,,,
保衛,bǎo wèi,safeguard,protect,,,,,,,,,,,,,,
召,zhào,summon,,,,,,,,,,,,,,,
引,yǐn,employ,,,,,,,,,,,,,,,
同,tóng,alongside,,,,,,,,,,,,,,,
浮,fú,drift up,floating,,,,,,,,,,,,,,
乘,chéng,ride,,,,,,,,,,,,,,,
四體,sì tǐ,four limb,,,,,,,,,,,,,,,
堅練,jiān liàn,imperishable,firm,,,,,,,,,,,,,,
主春,zhǔ chūn,govern spring,,,,,,,,,,,,,,,
萬童,wàn tóng,ten thousand lads,,,,,,,,,,,,,,,
開門,kāi mén,open the gate,,,,,,,,,,,,,,,
主夏,zhǔ xià,govern summer,,,,,,,,,,,,,,,
朱紫,zhū zǐ,purple,scarlet,,,,,,,,,,,,,,
合煙,hé yān,fuse vapor,,,,,,,,,,,,,,,
主秋,zhǔ qiū,govern autumn,,,,,,,,,,,,,,,
六陳,liù chén,six chen,,,,,,,,,,,,,,,
主冬,zhǔ dōng,govern winter,,,,,,,,,,,,,,,
塞姦,sāi jiān,obstruct,,,,,,,,,,,,,,,
五土,wǔ tǔ,five earths,,,,,,,,,,,,,,,
庚壬,gēng rén,geng,ren,,,,,,,,,,,,,,
練,liàn,cultivate,,,,,,,,,,,,,,,
得真,dé zhēn,attain perfection,,,,,,,,,,,,,,,
飛登,fēi dēng,soar up,,,,,,,,,,,,,,,
浮景,fú jǐng,float effortlessly,,,,,,,,,,,,,,,
順往,shùn wǎng,follow thereafter,,,,,,,,,,,,,,,
嘯,xiào,soft sigh,,,,,,,,,,,,,,,
千神,qiān shén,thousand spirit,every spirit,,,,,,,,,,,,,,
蒼元,cāng yuán,Verdant Prime,,,,,,,,,,,,,,,
結華,jié huá,blossom,,,,,,,,,,,,,,,
鮮明,xiān míng,brightly shine,,,,,,,,,,,,,,,
鍊容,liàn róng,refine visage,refine countenance,,,,,,,,,,,,,,
固髓,gù suǐ,firm marrow,,,,,,,,,,,,,,,
神化,shén huà,divine transformation,,,,,,,,,,,,,,,
發,fā,begin,,,,,,,,,,,,,,,
歸心,guī xīn,return to my heart,,,,,,,,,,,,,,,
淨躬,jìng gōng,purified body,,,,,,,,,,,,,,,
閉關,bì guān,guarded,,,,,,,,,,,,,,,
內映,nèi yìng,inner reflection,,,,,,,,,,,,,,,
紫煙,zǐ yān,purple vapor,,,,,,,,,,,,,,,
結雲,jié yún,cloud,,,,,,,,,,,,,,,
書名,shū míng,record my name,,,,,,,,,,,,,,,
帝尊,dì zūn,Thearchical Worthy,thearchical worthy,,,,,,,,,,,,,,
七炁,qī qì,seven qi,,,,,,,,,,,,,,,
玉藏,yù cáng,jade repository,,,,,,,,,,,,,,,
明石,míng shí,Bright Stone,,,,,,,,,,,,,,,
之,zhī,of,,,,,,,,,,,,,,,
一炁,yī qì,single qi,,,,,,,,,,,,,,,
寶藏,bǎo zàng,bejeweled repository,,,,,,,,,,,,,,,
結絡,jié luò,knot in nets,knotted network,knot a web,,,,,,,,,,,,,
後物,hòu wù,other things,,,,,,,,,,,,,,,
而,ér,and,,,,,,,,,,,,,,,
傾,qīng,wither away,,,,,,,,,,,,,,,
來,lái,come,,,,,,,,,,,,,,,
與天,yǔ tiān,alongside heaven,,,,,,,,,,,,,,,
同存,tóng cún,exist,,,,,,,,,,,,,,,
機,jī,motive force,,,,,,,,,,,,,,,
寶華,bǎo huá,bejeweled blossom,,,,,,,,,,,,,,,
胃藏,wèi cáng,stomach viscera,,,,,,,,,,,,,,,
著名,zhù míng,write my name,,,,,,,,,,,,,,,
峙然,zhì rán,head straight up,,,,,,,,,,,,,,,
不迷,bù mí,without err,,,,,,,,,,,,,,,
驂龍,cān lóng,harnessing dragon,,,,,,,,,,,,,,,
超然,chāo rán,soar above,,,,,,,,,,,,,,,
昇飛,shēng fēi,soar,,,,,,,,,,,,,,,
不衰,bù shuāi,never rot,,,,,,,,,,,,,,,
萬祅,wàn yāo,myriad apparition,,,,,,,,,,,,,,,
眾邪,zhòng xié,perverse spirit,,,,,,,,,,,,,,,
默,mò,silent,,,,,,,,,,,,,,,
泯泯,mǐn mǐn,serene,soothing,,,,,,,,,,,,,,
決,jué,resolve,,,,,,,,,,,,,,,
吉日,jí rì,auspicious day,,,,,,,,,,,,,,,
拜禮,bài lǐ,ritual oblation,,,,,,,,,,,,,,,
乞願,qǐ yuàn,implore,beg,,,,,,,,,,,,,,
上名,shàng míng,place name,,,,,,,,,,,,,,,
丹芝,dān zhī,polypore,cinnabar,,,,,,,,,,,,,,
神藏,shén cáng,divine viscera,,,,,,,,,,,,,,,
內景,nèi jǐng,inner phosphor,,,,,,,,,,,,,,,
胎仙,tāi xiān,embryonic Transcendent,,,,,,,,,,,,,,,
長侍,cháng shì,long serve,,,,,,,,,,,,,,,
九君,jiǔ jūn,Nine Lord,,,,,,,,,,,,,,,
執司,zhí sī,acting director,,,,,,,,,,,,,,,
九泉,jiǔ quán,Nine Font,,,,,,,,,,,,,,,
九難,jiǔ nàn,Nine Difficulty,,,,,,,,,,,,,,,
幽邈,yōu miǎo,dark distance,,,,,,,,,,,,,,,
下世,xià shì,lower realm,lowly realm,,,,,,,,,,,,,,
寶真,bǎo zhēn,precious perfection,,,,,,,,,,,,,,,
靈門,líng mén,numinous gate,,,,,,,,,,,,,,,
靈感,líng gǎn,numen,divine inspiration,,,,,,,,,,,,,,
世運,shì yùn,world,,,,,,,,,,,,,,,
交喪,jiāo sāng,demise,,,,,,,,,,,,,,,
蜚尸,fēi shī,flying corpse,,,,,,,,,,,,,,,
翳障,yì zhàng,block the sky,,,,,,,,,,,,,,,
明燈,míng dēng,bright lamp,,,,,,,,,,,,,,,
昌,chāng,prosper,,,,,,,,,,,,,,,
廕,yìn,shelter,,,,,,,,,,,,,,,
坤,kūn,feminine,,,,,,,,,,,,,,,
二象,èr xiàng,two phenomena,,,,,,,,,,,,,,,
陰炁,yīn qì,dark qi,,,,,,,,,,,,,,,
混,hùn,mix,,,,,,,,,,,,,,,
彌充,mí chōng,fill,,,,,,,,,,,,,,,
虧,kuī,not fully,lack,,,,,,,,,,,,,,
損落,sǔn luò,ruin,,,,,,,,,,,,,,,
謹,jǐn,carefully,,,,,,,,,,,,,,,
設,shè,set,,,,,,,,,,,,,,,
上映,shàng yìng,reflect,,,,,,,,,,,,,,,
福慶,fú qìng,blessings,,,,,,,,,,,,,,,
歸宗,guī zōng,reunite with ancestor,,,,,,,,,,,,,,,
遐,xiá,distance,,,,,,,,,,,,,,,
廣,guǎng,breadth,,,,,,,,,,,,,,,
禍門,huò mén,Calamity’s Gate,,,,,,,,,,,,,,,
彌羅,mí luó,vast network,,,,,,,,,,,,,,,
雲場,yún chǎng,cloudy field,,,,,,,,,,,,,,,
拔,bá,remove,,,,,,,,,,,,,,,
窮糧,qióng liáng,provision,,,,,,,,,,,,,,,
十鄉,shí xiāng,near and far,,,,,,,,,,,,,,,
去故,qù gù,the old,,,,,,,,,,,,,,,
奉新,fèng xīn,the new,,,,,,,,,,,,,,,
錯,cuò,random mixing,,,,,,,,,,,,,,,
洞門,dòng mén,grotto,,,,,,,,,,,,,,,
羅考,luó kǎo,interrogation,,,,,,,,,,,,,,,
高遠,gāo yuǎn,distant,high,,,,,,,,,,,,,,
恃,shì,rely,,,,,,,,,,,,,,,
宿慶,sù qìng,former blessing,,,,,,,,,,,,,,,
得,dé,obtain,,,,,,,,,,,,,,,
睹,dǔ,see,,,,,,,,,,,,,,,
獲,huò,obtain,,,,,,,,,,,,,,,
略,lüè,aware,,,,,,,,,,,,,,,
責,zé,responsibility,,,,,,,,,,,,,,,
勵,lì,action,,,,,,,,,,,,,,,
自是,zì shì,from this moment,,,,,,,,,,,,,,,
之後,zhī hòu,forth,,,,,,,,,,,,,,,
洗濯,xǐ zhuó,wash clean,,,,,,,,,,,,,,,
故形,gù xíng,old form,,,,,,,,,,,,,,,
奉承,fèng chéng,respectfully inherit,,,,,,,,,,,,,,,
與,yǔ,unite,,,,,,,,,,,,,,,
齊并,qí bìng,as one,,,,,,,,,,,,,,,
元貞,yuán zhēn,primal honor,,,,,,,,,,,,,,,
晨霞,chén xiá,dawn aurora,,,,,,,,,,,,,,,
空玄,kōng xuán,vacuity,emptiness,,,,,,,,,,,,,,
含真,hán zhēn,embodying Perfection,,,,,,,,,,,,,,,
冥旦,míng dàn,caliginous morning,,,,,,,,,,,,,,,
步虛,bù xū,Pacing the Void,,,,,,,,,,,,,,,
太無,tài wú,Grand Non-existence,,,,,,,,,,,,,,,
靈香,líng xiāng,numinous fragrance,,,,,,,,,,,,,,,
四大界,sì dà jiè,four great realm,,,,,,,,,,,,,,,
閬臺,làng tái,Lang-terrace,,,,,,,,,,,,,,,
玉林,yù lín,Jade Grove,jade grove,,,,,,,,,,,,,,
瓊堂,qióng táng,Rose-gem Gem Hall,,,,,,,,,,,,,,,
玄綱,xuán gāng,Dark Mainstay,,,,,,,,,,,,,,,
群真,qún zhēn,assembly of Perfected,,,,,,,,,,,,,,,
霄讚,xiāo zàn,empyrean litany,,,,,,,,,,,,,,,
空歌,kōng gē,vacuous song,vacuous tune,,,,,,,,,,,,,,
道長,dào zhǎng,elder of the Dao,,,,,,,,,,,,,,,
大乘,dà chéng,Great Vehicle,,,,,,,,,,,,,,,
霄館,xiāo guǎn,empyreal lodge,,,,,,,,,,,,,,,
靈風,líng fēng,numinous wind,,,,,,,,,,,,,,,
虛堂,xū táng,Vacuous Hall,,,,,,,,,,,,,,,
玄漢,xuán hàn,Dark Han,,,,,,,,,,,,,,,
幽衿,yōu jīn,shrouded lapel,,,,,,,,,,,,,,,
宿根,sù gēn,past root,,,,,,,,,,,,,,,
玄闕,xuán què,mystic porte,,,,,,,,,,,,,,,
雲綱,yún gāng,cloudy mainstay,,,,,,,,,,,,,,,
羽書,yǔ shū,feathered book,,,,,,,,,,,,,,,
空寂,kōng jì,vacuous silence,,,,,,,,,,,,,,,
玄響,xuán xiǎng,mysterious echo,,,,,,,,,,,,,,,
本元,běn yuán,Primal One,,,,,,,,,,,,,,,
法輪,fǎ lún,Wheel of the Law,,,,,,,,,,,,,,,
清觀,qīng guān,clear stream of consciousness,,,,,,,,,,,,,,,
凝章,níng zhāng,stanza,,,,,,,,,,,,,,,
玄符,xuán fú,dark talisman,,,,,,,,,,,,,,,
道宗,dào zōng,Way’s progenitor,,,,,,,,,,,,,,,
六領宮,liù lǐng gōng,palace of the Sixth Ridge,,,,,,,,,,,,,,,
高上賓,gāo shàng bīn,guest of the highest honor,,,,,,,,,,,,,,,
素靈房,sù líng fáng,room of the Immaculate Numen,,,,,,,,,,,,,,,
虛漠,xū mò,vacuous and silent,,,,,,,,,,,,,,,
至寂庭,zhì jì tíng,Hall of the Utmost Quietude,,,,,,,,,,,,,,,
希微,xī wēi,rarified and tenuous,,,,,,,,,,,,,,,
晨暉,chén huī,morning glare,,,,,,,,,,,,,,,
玄龍,xuán lóng,dark dragon,,,,,,,,,,,,,,,
七寶華,qī bǎo huá,seven-jeweled blossom,seven-jeweled flower,,,,,,,,,,,,,,
奇香,qí xiāng,wondrous fragrance,,,,,,,,,,,,,,,
妙詠,miào yǒng,miraculous chant,,,,,,,,,,,,,,,
混元,hùn yuán,Primal One,,,,,,,,,,,,,,,
三玄,sān xuán,Three Mysteries,,,,,,,,,,,,,,,
乘天,chéng tiān,ride into the heavens,,,,,,,,,,,,,,,
玄轡,xuán pèi,reins of mystery,,,,,,,,,,,,,,,
瓊羅,qióng luó,rose-gem net,,,,,,,,,,,,,,,
寶臺,bǎo tái,gemmy terrace,,,,,,,,,,,,,,,
玄京,xuán jīng,Dark Capitol,,,,,,,,,,,,,,,
微詩,wēi shī,subtle ode,,,,,,,,,,,,,,,
無跡,wú jì,that which has no trace,,,,,,,,,,,,,,,
虛歌,xū gē,vacuous song,,,,,,,,,,,,,,,
幽期,yōu qī,tenebrous rendezvous,,,,,,,,,,,,,,,
福基,fú jī,blessing,,,,,,,,,,,,,,,
轡,pèi,rein,,,,,,,,,,,,,,,
太霞館,tài xiá guǎn,Grand Aurora Lodge,,,,,,,,,,,,,,,
無崖,wú yá,limitless space,,,,,,,,,,,,,,,
心丹,xīn dān,resolute mind,,,,,,,,,,,,,,,
天輿,tiān yú,heavenly equipage,,,,,,,,,,,,,,,
玄靈,xuán líng,mysterious numen,,,,,,,,,,,,,,,
素蓋,sù gài,white canopy,,,,,,,,,,,,,,,
風迴,fēng huí,whirlwind,,,,,,,,,,,,,,,
玄道宗,xuán dào zōng,progenitor of this mysterious Way,,,,,,,,,,,,,,,
三素宮,sān sù gōng,palace of the three colors,,,,,,,,,,,,,,,
丹暉,dān huī,cinnabar glow,,,,,,,,,,,,,,,
靈庭,líng tíng,numinous court,,,,,,,,,,,,,,,
靈音,líng yīn,numinous tone,,,,,,,,,,,,,,,
宮商,gōng shāng,shang note,gong,,,,,,,,,,,,,,
福田,fú tián,blessing-field,field of blessing,,,,,,,,,,,,,,
渺莽,miǎo mǎng,nebula,,,,,,,,,,,,,,,
三象,sān xiàng,Three Images,,,,,,,,,,,,,,,
玄一,xuán yī,mysterious unity,,,,,,,,,,,,,,,
正庭,zhèng tíng,Correct Court,,,,,,,,,,,,,,,
泥丸室,ní wán shì,Muddy Pellet chamber,,,,,,,,,,,,,,,
流精,liú jīng,purling essence,,,,,,,,,,,,,,,
雲日,yún rì,beclouded sun,,,,,,,,,,,,,,,
玄七,xuán qī,Mysterious Seven,,,,,,,,,,,,,,,
圓華,yuán huá,round blossom,,,,,,,,,,,,,,,
明珠,míng zhū,bright pearl,,,,,,,,,,,,,,,
翔會,xiáng huì,assembly of the flying,,,,,,,,,,,,,,,
玄象,xuán xiàng,mysterious simulacrum,,,,,,,,,,,,,,,
冥度,míng dù,tenebrous law,,,,,,,,,,,,,,,
八荒,bā huāng,Eight Wilds,,,,,,,,,,,,,,,
九玄臺,jiǔ xuán tái,Terrace of Nine Mysteries,,,,,,,,,,,,,,,
西羽阿,xī yǔ ē,Bank of Western Feathers,,,,,,,,,,,,,,,
神獸,shén shòu,divine beast,,,,,,,,,,,,,,,
劫刃庭,jié rèn tíng,Jieren Courtyard,,,,,,,,,,,,,,,
後身,hòu shēn,those who came after,,,,,,,,,,,,,,,
霄嶺,xiāo lǐng,empyrean,,,,,,,,,,,,,,,
東華宮,dōng huá gōng,Eastern Floriate Palace,,,,,,,,,,,,,,,
空房,kōng fáng,empty room,,,,,,,,,,,,,,,
空同,kōng tóng,Kongtong,,,,,,,,,,,,,,,
絕宅府,jué zhái fǔ,Removed Residence Bureau,,,,,,,,,,,,,,,
太霄館,tài xiāo guǎn,Grand Empyrean Lodge,,,,,,,,,,,,,,,
